horizon_seconds,model,train_decisions,train_rows,train_prevalence,test_decisions,test_rows,within_decision_auc_micro,within_decision_auc_macro,pooled_auc,regret_when_avoidable,decisions,decisions_with_both_classes,prevalence,status,trace,capacity_fraction,seed,decisions_seen,decisions_kept
60,arm,22939,364302,0.13579667418789906,15678,250582,0.5588717258576843,0.5602468719257914,0.54848946560478,0.08196198494705957,15678,0.9310498788110728,0.16079367233081387,ok,conversation_trace,0.0025,0,273343,40000
60,frequency,22939,364302,0.13579667418789906,15678,250582,0.6756404801250779,0.6793356868776904,0.6802340357612077,0.07226687077433346,15678,0.9310498788110728,0.16079367233081387,ok,conversation_trace,0.0025,0,273343,40000
60,gbm,22939,364302,0.13579667418789906,15678,250582,0.6408848471654611,0.6525164451715926,0.6417014348916894,0.06499553514478888,15678,0.9310498788110728,0.16079367233081387,ok,conversation_trace,0.0025,0,273343,40000
60,gbm_plus_context,22939,364302,0.13579667418789906,15678,250582,0.6583700287956302,0.6701300563221891,0.6572476202149342,0.05102691669855849,15678,0.9310498788110728,0.16079367233081387,ok,conversation_trace,0.0025,0,273343,40000
60,linear,22939,364302,0.13579667418789906,15678,250582,0.7154625607330516,0.7223406763541936,0.7204465044624524,0.038333971169792064,15678,0.9310498788110728,0.16079367233081387,ok,conversation_trace,0.0025,0,273343,40000
60,recency,22939,364302,0.13579667418789906,15678,250582,0.35225169953590546,0.350666906450201,0.3494216417097506,0.31528256155121825,15678,0.9310498788110728,0.16079367233081387,ok,conversation_trace,0.0025,0,273343,40000
300,arm,20396,323787,0.4129721082069385,12869,205652,0.567585513824415,0.5675201433812497,0.5598169346426458,0.2648224415261481,12869,0.9993783510762297,0.45238558341275553,ok,conversation_trace,0.0025,0,273343,40000
300,frequency,20396,323787,0.4129721082069385,12869,205652,0.6810725606349088,0.6815342328624977,0.6929131243207381,0.2628797886393659,12869,0.9993783510762297,0.45238558341275553,ok,conversation_trace,0.0025,0,273343,40000
300,gbm,20396,323787,0.4129721082069385,12869,205652,0.6797769768741277,0.6806465942386555,0.6866746239237239,0.19752894552801306,12869,0.9993783510762297,0.45238558341275553,ok,conversation_trace,0.0025,0,273343,40000
300,gbm_plus_context,20396,323787,0.4129721082069385,12869,205652,0.6797471857299096,0.6807740795279187,0.6879283845990576,0.19706270883518534,12869,0.9993783510762297,0.45238558341275553,ok,conversation_trace,0.0025,0,273343,40000
300,linear,20396,323787,0.4129721082069385,12869,205652,0.7049504937385636,0.7062033180861664,0.718822199078726,0.15813194498407024,12869,0.9993783510762297,0.45238558341275553,ok,conversation_trace,0.0025,0,273343,40000
300,recency,20396,323787,0.4129721082069385,12869,205652,0.37579674760148185,0.37392747684414346,0.3755294335759543,0.6897971870386199,12869,0.9993783510762297,0.45238558341275553,ok,conversation_trace,0.0025,0,273343,40000
600,arm,17070,270758,0.48908250171740075,9032,144328,0.5718530301869087,0.5713042882822669,0.5544363645861753,0.31930912311780335,9032,0.99988928255093,0.5156172052546977,ok,conversation_trace,0.0025,0,273343,40000
600,frequency,17070,270758,0.48908250171740075,9032,144328,0.6825131269779258,0.6824973723510707,0.6974803989760138,0.3133303808680248,9032,0.99988928255093,0.5156172052546977,ok,conversation_trace,0.0025,0,273343,40000
600,gbm,17070,270758,0.48908250171740075,9032,144328,0.6634689616368861,0.664778368276562,0.6722450979050058,0.30314437555358725,9032,0.99988928255093,0.5156172052546977,ok,conversation_trace,0.0025,0,273343,40000
600,gbm_plus_context,17070,270758,0.48908250171740075,9032,144328,0.6623034691859497,0.6638058538214944,0.6726868581054861,0.2788972542072631,9032,0.99988928255093,0.5156172052546977,ok,conversation_trace,0.0025,0,273343,40000
600,linear,17070,270758,0.48908250171740075,9032,144328,0.6828767008058441,0.6837431299194946,0.6995658764210724,0.23394596988485386,9032,0.99988928255093,0.5156172052546977,ok,conversation_trace,0.0025,0,273343,40000
600,recency,17070,270758,0.48908250171740075,9032,144328,0.3660272502789892,0.3652383361444512,0.36606718716556746,0.7528786536758193,9032,0.99988928255093,0.5156172052546977,ok,conversation_trace,0.0025,0,273343,40000
60,arm,22889,366224,0.1394365197256324,15779,252464,0.5649629639435032,0.5656007067721406,0.5690568430932791,0.08055009823182711,15779,0.9425185372964067,0.16836855947778692,ok,conversation_trace,0.01,0,259993,40000
60,frequency,22889,366224,0.1394365197256324,15779,252464,0.6135513956835077,0.614238190112421,0.6194530111380211,0.06337537233031244,15779,0.9425185372964067,0.16836855947778692,ok,conversation_trace,0.01,0,259993,40000
60,gbm,22889,366224,0.1394365197256324,15779,252464,0.6183924630632232,0.6212308257864715,0.6174931003528067,0.06597376259585525,15779,0.9425185372964067,0.16836855947778692,ok,conversation_trace,0.01,0,259993,40000
60,gbm_plus_context,22889,366224,0.1394365197256324,15779,252464,0.6249260129838939,0.6285104641679707,0.6228007327983188,0.067748273021104,15779,0.9425185372964067,0.16836855947778692,ok,conversation_trace,0.01,0,259993,40000
60,linear,22889,366224,0.1394365197256324,15779,252464,0.6637226295316456,0.6658999369055388,0.6674392538859921,0.04797515685404652,15779,0.9425185372964067,0.16836855947778692,ok,conversation_trace,0.01,0,259993,40000
60,recency,22889,366224,0.1394365197256324,15779,252464,0.43747458912386133,0.4368674061448234,0.43511583584102853,0.14373534444514863,15779,0.9425185372964067,0.16836855947778692,ok,conversation_trace,0.01,0,259993,40000
300,arm,20323,325168,0.3758580180091522,12908,206528,0.5790757083139805,0.579017946650405,0.5860262300253561,0.2407034397273009,12908,0.9997675859931825,0.43838123644251625,ok,conversation_trace,0.01,0,259993,40000
300,frequency,20323,325168,0.3758580180091522,12908,206528,0.6048005542128839,0.6046282575479108,0.6082214016054781,0.23101952277657267,12908,0.9997675859931825,0.43838123644251625,ok,conversation_trace,0.01,0,259993,40000
300,gbm,20323,325168,0.3758580180091522,12908,206528,0.5938356937239064,0.5943269765798582,0.5925339145894533,0.258444375581035,12908,0.9997675859931825,0.43838123644251625,ok,conversation_trace,0.01,0,259993,40000
300,gbm_plus_context,20323,325168,0.3758580180091522,12908,206528,0.5905883526074509,0.591051981161677,0.5902242275020259,0.24511930585683298,12908,0.9997675859931825,0.43838123644251625,ok,conversation_trace,0.01,0,259993,40000
300,linear,20323,325168,0.3758580180091522,12908,206528,0.642490048047528,0.6426014311090349,0.6442898987249883,0.1954601797334986,12908,0.9997675859931825,0.43838123644251625,ok,conversation_trace,0.01,0,259993,40000
300,recency,20323,325168,0.3758580180091522,12908,206528,0.4689003125319814,0.46862618602339157,0.4686536760107955,0.35799504183452124,12908,0.9997675859931825,0.43838123644251625,ok,conversation_trace,0.01,0,259993,40000
600,arm,17106,273696,0.44833318718578274,9120,145920,0.5709941096710089,0.5706197987715258,0.5763242652161098,0.2974780701754386,9120,1.0,0.5120408442982456,ok,conversation_trace,0.01,0,259993,40000
600,frequency,17106,273696,0.44833318718578274,9120,145920,0.5952992649440336,0.5948481372314638,0.5994349632564012,0.29331140350877194,9120,1.0,0.5120408442982456,ok,conversation_trace,0.01,0,259993,40000
600,gbm,17106,273696,0.44833318718578274,9120,145920,0.5591009151144853,0.5587002663667959,0.5590920434453137,0.36896929824561403,9120,1.0,0.5120408442982456,ok,conversation_trace,0.01,0,259993,40000
600,gbm_plus_context,17106,273696,0.44833318718578274,9120,145920,0.5571978575964017,0.5566853577518668,0.5569384615941259,0.36853070175438596,9120,1.0,0.5120408442982456,ok,conversation_trace,0.01,0,259993,40000
600,linear,17106,273696,0.44833318718578274,9120,145920,0.6061512674546057,0.6056425914104779,0.6111838515287001,0.27214912280701753,9120,1.0,0.5120408442982456,ok,conversation_trace,0.01,0,259993,40000
600,recency,17106,273696,0.44833318718578274,9120,145920,0.4653003079659426,0.46552525603204054,0.4664336048699856,0.42214912280701755,9120,1.0,0.5120408442982456,ok,conversation_trace,0.01,0,259993,40000
60,arm,22836,365376,0.1204321028201086,15777,252432,0.548543277955298,0.5503674310663885,0.5515209551963489,0.07580655384420358,15777,0.9255878810927299,0.15070989414971162,ok,conversation_trace,0.02,0,245916,40000
60,frequency,22836,365376,0.1204321028201086,15777,252432,0.5543439170280224,0.5546029670623076,0.555621794989887,0.07998985865500412,15777,0.9255878810927299,0.15070989414971162,ok,conversation_trace,0.02,0,245916,40000
60,gbm,22836,365376,0.1204321028201086,15777,252432,0.6049850566112611,0.6042970983293605,0.604019459914933,0.07415858528237307,15777,0.9255878810927299,0.15070989414971162,ok,conversation_trace,0.02,0,245916,40000
60,gbm_plus_context,22836,365376,0.1204321028201086,15777,252432,0.6110667884735421,0.6104922446121601,0.6108836729531956,0.06737656081637827,15777,0.9255878810927299,0.15070989414971162,ok,conversation_trace,0.02,0,245916,40000
60,linear,22836,365376,0.1204321028201086,15777,252432,0.6290949638919777,0.630197697255836,0.6289078122898311,0.0581225835076377,15777,0.9255878810927299,0.15070989414971162,ok,conversation_trace,0.02,0,245916,40000
60,recency,22836,365376,0.1204321028201086,15777,252432,0.4904066751270085,0.49036510900875246,0.49093986081375257,0.11136464473600811,15777,0.9255878810927299,0.15070989414971162,ok,conversation_trace,0.02,0,245916,40000
300,arm,20329,325264,0.32292537753947564,12709,203344,0.5770787738544962,0.5770195363085305,0.5810690317773902,0.20646785742387286,12709,0.999213156031159,0.3809406719647494,ok,conversation_trace,0.02,0,245916,40000
300,frequency,20329,325264,0.32292537753947564,12709,203344,0.5578244141795726,0.5576433558479389,0.5596524122968884,0.23479424030214807,12709,0.999213156031159,0.3809406719647494,ok,conversation_trace,0.02,0,245916,40000
300,gbm,20329,325264,0.32292537753947564,12709,203344,0.593612083025496,0.5936191500503897,0.595602739045616,0.20308442835785664,12709,0.999213156031159,0.3809406719647494,ok,conversation_trace,0.02,0,245916,40000
300,gbm_plus_context,20329,325264,0.32292537753947564,12709,203344,0.594429652759385,0.5945439754481067,0.5965655888222181,0.2011173184357542,12709,0.999213156031159,0.3809406719647494,ok,conversation_trace,0.02,0,245916,40000
300,linear,20329,325264,0.32292537753947564,12709,203344,0.6183350293432957,0.6182206827933115,0.6200298333798986,0.20631048863010465,12709,0.999213156031159,0.3809406719647494,ok,conversation_trace,0.02,0,245916,40000
300,recency,20329,325264,0.32292537753947564,12709,203344,0.5103614592190919,0.5103396558463148,0.5126192703234622,0.2809819812731135,12709,0.999213156031159,0.3809406719647494,ok,conversation_trace,0.02,0,245916,40000
600,arm,16980,271680,0.39035998233215546,9097,145552,0.573682536198047,0.573950639050797,0.5782541097025329,0.257997141914917,9097,0.9997801473013082,0.44343602286468065,ok,conversation_trace,0.02,0,245916,40000
600,frequency,16980,271680,0.39035998233215546,9097,145552,0.5532110825648476,0.552729128405496,0.5547924268865303,0.2866879190942069,9097,0.9997801473013082,0.44343602286468065,ok,conversation_trace,0.02,0,245916,40000
600,gbm,16980,271680,0.39035998233215546,9097,145552,0.5738425275659546,0.573791884158844,0.5755384626707919,0.3209849400901396,9097,0.9997801473013082,0.44343602286468065,ok,conversation_trace,0.02,0,245916,40000
600,gbm_plus_context,16980,271680,0.39035998233215546,9097,145552,0.5614348249117722,0.5612620218528341,0.5633993797654825,0.32977904803781466,9097,0.9997801473013082,0.44343602286468065,ok,conversation_trace,0.02,0,245916,40000
600,linear,16980,271680,0.39035998233215546,9097,145552,0.5734053418513234,0.5737359475438433,0.5783496825999479,0.3058151038804001,9097,0.9997801473013082,0.44343602286468065,ok,conversation_trace,0.02,0,245916,40000
600,recency,16980,271680,0.39035998233215546,9097,145552,0.5099910888528805,0.5104453839026406,0.5129994561544888,0.3117511267450808,9097,0.9997801473013082,0.44343602286468065,ok,conversation_trace,0.02,0,245916,40000
60,arm,22542,360672,0.08541555762576523,16111,257776,0.6075132259450808,0.6076808278736378,0.6035464940196786,0.0522624293960648,16111,0.8021848426540873,0.09670799453789336,ok,conversation_trace,0.05,0,217757,40000
60,frequency,22542,360672,0.08541555762576523,16111,257776,0.5090751470784369,0.508358456848548,0.5091036951363256,0.07752467258394885,16111,0.8021848426540873,0.09670799453789336,ok,conversation_trace,0.05,0,217757,40000
60,gbm,22542,360672,0.08541555762576523,16111,257776,0.6555623064269943,0.6552379500571818,0.655835205860106,0.028862268015641488,16111,0.8021848426540873,0.09670799453789336,ok,conversation_trace,0.05,0,217757,40000
60,gbm_plus_context,22542,360672,0.08541555762576523,16111,257776,0.6555193313673479,0.6545760679320335,0.6558471282128904,0.02966917013220781,16111,0.8021848426540873,0.09670799453789336,ok,conversation_trace,0.05,0,217757,40000
60,linear,22542,360672,0.08541555762576523,16111,257776,0.6587068952742253,0.6586403147408835,0.6585910481879719,0.0361864564583204,16111,0.8021848426540873,0.09670799453789336,ok,conversation_trace,0.05,0,217757,40000
60,recency,22542,360672,0.08541555762576523,16111,257776,0.5958655028822928,0.5969180498232552,0.5970387549749931,0.0316553907268326,16111,0.8021848426540873,0.09670799453789336,ok,conversation_trace,0.05,0,217757,40000
300,arm,19973,319568,0.23583087167676364,13022,208352,0.6313515405800175,0.6305079217699092,0.626665599477721,0.14867147903547842,13022,0.9889417908155429,0.24599235908462602,ok,conversation_trace,0.05,0,217757,40000
300,frequency,19973,319568,0.23583087167676364,13022,208352,0.5281567361466789,0.5275064593048752,0.5276653875564054,0.18322838273690678,13022,0.9889417908155429,0.24599235908462602,ok,conversation_trace,0.05,0,217757,40000
300,gbm,19973,319568,0.23583087167676364,13022,208352,0.6432428144492213,0.6429622046065788,0.6449000577746573,0.09952388266011365,13022,0.9889417908155429,0.24599235908462602,ok,conversation_trace,0.05,0,217757,40000
300,gbm_plus_context,19973,319568,0.23583087167676364,13022,208352,0.6483292204063261,0.6478719422919317,0.6495683330822865,0.09837198587006604,13022,0.9889417908155429,0.24599235908462602,ok,conversation_trace,0.05,0,217757,40000
300,linear,19973,319568,0.23583087167676364,13022,208352,0.663696219383699,0.6635822137496505,0.664015701379787,0.11204116111196437,13022,0.9889417908155429,0.24599235908462602,ok,conversation_trace,0.05,0,217757,40000
300,recency,19973,319568,0.23583087167676364,13022,208352,0.6038915015028997,0.6043540275685213,0.6050230391563517,0.09606819228997082,13022,0.9889417908155429,0.24599235908462602,ok,conversation_trace,0.05,0,217757,40000
600,arm,16445,263120,0.2883893280632411,9436,150976,0.6262111780299997,0.6260438743015457,0.6222341820509092,0.18556591776176345,9436,0.9972445951674438,0.29825932598558713,ok,conversation_trace,0.05,0,217757,40000
600,frequency,16445,263120,0.2883893280632411,9436,150976,0.5240834242990023,0.5234755527416259,0.5233243580748226,0.2291225095379398,9436,0.9972445951674438,0.29825932598558713,ok,conversation_trace,0.05,0,217757,40000
600,gbm,16445,263120,0.2883893280632411,9436,150976,0.6201484391134113,0.6203326434679384,0.6220048882561272,0.17571004662992792,9436,0.9972445951674438,0.29825932598558713,ok,conversation_trace,0.05,0,217757,40000
600,gbm_plus_context,16445,263120,0.2883893280632411,9436,150976,0.6236550076073992,0.6238039538245436,0.6249158962141701,0.1616150911403137,9436,0.9972445951674438,0.29825932598558713,ok,conversation_trace,0.05,0,217757,40000
600,linear,16445,263120,0.2883893280632411,9436,150976,0.6546599007877135,0.6552953606900539,0.6566186288785157,0.1506994489190335,9436,0.9972445951674438,0.29825932598558713,ok,conversation_trace,0.05,0,217757,40000
600,recency,16445,263120,0.2883893280632411,9436,150976,0.6069398025026447,0.6075420133871914,0.6081747041331071,0.1228274692666384,9436,0.9972445951674438,0.29825932598558713,ok,conversation_trace,0.05,0,217757,40000
60,arm,21605,345680,0.05844133302476279,16855,269680,0.6272581965785164,0.6270729002344919,0.6218312314441269,0.02930881044200534,16855,0.6303174132304954,0.06044200533966182,ok,conversation_trace,0.1,0,189924,40000
60,frequency,21605,345680,0.05844133302476279,16855,269680,0.46945881676596635,0.46953697187601556,0.4681686683160238,0.06627113616137645,16855,0.6303174132304954,0.06044200533966182,ok,conversation_trace,0.1,0,189924,40000
60,gbm,21605,345680,0.05844133302476279,16855,269680,0.7286919445315494,0.7276980381096063,0.7293319787636795,0.007060219519430436,16855,0.6303174132304954,0.06044200533966182,ok,conversation_trace,0.1,0,189924,40000
60,gbm_plus_context,21605,345680,0.05844133302476279,16855,269680,0.7333585937772203,0.7321709148657568,0.7330344223400242,0.005695639276179176,16855,0.6303174132304954,0.06044200533966182,ok,conversation_trace,0.1,0,189924,40000
60,linear,21605,345680,0.05844133302476279,16855,269680,0.7383257552001672,0.7378534541591064,0.7389182248636472,0.007831504004746366,16855,0.6303174132304954,0.06044200533966182,ok,conversation_trace,0.1,0,189924,40000
60,recency,21605,345680,0.05844133302476279,16855,269680,0.6986472596773632,0.6980378512128559,0.699636164092149,0.005221002669830911,16855,0.6303174132304954,0.06044200533966182,ok,conversation_trace,0.1,0,189924,40000
300,arm,18950,303200,0.16820250659630606,13776,220416,0.6386077413735222,0.6387426278710602,0.6334766290813042,0.08710801393728224,13776,0.9358304297328688,0.15857288037166087,ok,conversation_trace,0.1,0,189924,40000
300,frequency,18950,303200,0.16820250659630606,13776,220416,0.4783918412528468,0.47838819244972286,0.47755791998130215,0.1602061556329849,13776,0.9358304297328688,0.15857288037166087,ok,conversation_trace,0.1,0,189924,40000
300,gbm,18950,303200,0.16820250659630606,13776,220416,0.7172633899812182,0.7161471447707581,0.7166171904982239,0.021268873403019743,13776,0.9358304297328688,0.15857288037166087,ok,conversation_trace,0.1,0,189924,40000
300,gbm_plus_context,18950,303200,0.16820250659630606,13776,220416,0.7182682623646938,0.7170253671345677,0.7177177376772431,0.02003484320557491,13776,0.9358304297328688,0.15857288037166087,ok,conversation_trace,0.1,0,189924,40000
300,linear,18950,303200,0.16820250659630606,13776,220416,0.7426403872501429,0.7421483172384894,0.7413400581926607,0.021268873403019743,13776,0.9358304297328688,0.15857288037166087,ok,conversation_trace,0.1,0,189924,40000
300,recency,18950,303200,0.16820250659630606,13776,220416,0.6998720659087403,0.6988513857741139,0.7008596532044188,0.014518002322880372,13776,0.9358304297328688,0.15857288037166087,ok,conversation_trace,0.1,0,189924,40000
600,arm,15280,244480,0.21026259816753926,9904,158464,0.6311913846121304,0.6314630025821644,0.625696415939215,0.10753231017770598,9904,0.968497576736672,0.1988148727786753,ok,conversation_trace,0.1,0,189924,40000
600,frequency,15280,244480,0.21026259816753926,9904,158464,0.4711388208044801,0.47129942475005415,0.47048682965966043,0.20628029079159935,9904,0.968497576736672,0.1988148727786753,ok,conversation_trace,0.1,0,189924,40000
600,gbm,15280,244480,0.21026259816753926,9904,158464,0.7077156160515273,0.7072930572238264,0.7072347319296668,0.031704361873990304,9904,0.968497576736672,0.1988148727786753,ok,conversation_trace,0.1,0,189924,40000
600,gbm_plus_context,15280,244480,0.21026259816753926,9904,158464,0.711476783877612,0.7106487703202413,0.7108214486937794,0.027665589660743135,9904,0.968497576736672,0.1988148727786753,ok,conversation_trace,0.1,0,189924,40000
600,linear,15280,244480,0.21026259816753926,9904,158464,0.740649961529004,0.7404040492639715,0.7408141171940588,0.03402665589660743,9904,0.968497576736672,0.1988148727786753,ok,conversation_trace,0.1,0,189924,40000
600,recency,15280,244480,0.21026259816753926,9904,158464,0.7002633478491936,0.6991165648876828,0.7013301546104695,0.02372778675282714,9904,0.968497576736672,0.1988148727786753,ok,conversation_trace,0.1,0,189924,40000
60,arm,17161,65665,0.13271910454580066,17223,66656,0.4263888027455602,0.3928829366716028,0.4333739222062219,0.44072663711842186,17223,0.7038843407071939,0.38202112337974076,ok,synthetic_trace,0.0025,0,120918,40000
60,frequency,17161,65665,0.13271910454580066,17223,66656,0.5993508238747959,0.5786713632358275,0.6529433814253255,0.2668081653037018,17223,0.7038843407071939,0.38202112337974076,ok,synthetic_trace,0.0025,0,120918,40000
60,gbm,17161,65665,0.13271910454580066,17223,66656,0.504899832537369,0.5008177424782225,0.5358404990175888,0.33965915475372993,17223,0.7038843407071939,0.38202112337974076,ok,synthetic_trace,0.0025,0,120918,40000
60,gbm_plus_context,17161,65665,0.13271910454580066,17223,66656,0.49581343422439994,0.4862882799191881,0.5396449591255362,0.34034583931581247,17223,0.7038843407071939,0.38202112337974076,ok,synthetic_trace,0.0025,0,120918,40000
60,linear,17161,65665,0.13271910454580066,17223,66656,0.5372242552047799,0.521662041456028,0.5846570440543497,0.29914476559086084,17223,0.7038843407071939,0.38202112337974076,ok,synthetic_trace,0.0025,0,120918,40000
60,recency,17161,65665,0.13271910454580066,17223,66656,0.5214910376480804,0.54336228263474,0.5442562410852481,0.29003058867594733,17223,0.7038843407071939,0.38202112337974076,ok,synthetic_trace,0.0025,0,120918,40000
300,arm,8803,35837,0.5188492340318666,5111,18354,0.48783482999462735,0.4849470580351159,0.4604425658501699,0.6292798110979929,5111,0.8109958912150265,0.6073335512694781,ok,synthetic_trace,0.0025,0,120918,40000
300,frequency,8803,35837,0.5188492340318666,5111,18354,0.5517691304014123,0.5477968770942233,0.5531153183321106,0.4665879574970484,5111,0.8109958912150265,0.6073335512694781,ok,synthetic_trace,0.0025,0,120918,40000
300,gbm,8803,35837,0.5188492340318666,5111,18354,0.5318903983421598,0.533510923468704,0.5217792603153919,0.5466351829988194,5111,0.8109958912150265,0.6073335512694781,ok,synthetic_trace,0.0025,0,120918,40000
300,gbm_plus_context,8803,35837,0.5188492340318666,5111,18354,0.5500805894542943,0.5327134432381718,0.5286727955010297,0.587012987012987,5111,0.8109958912150265,0.6073335512694781,ok,synthetic_trace,0.0025,0,120918,40000
300,linear,8803,35837,0.5188492340318666,5111,18354,0.6348146442551232,0.623132958048519,0.6109401004119812,0.45171192443919717,5111,0.8109958912150265,0.6073335512694781,ok,synthetic_trace,0.0025,0,120918,40000
300,recency,8803,35837,0.5188492340318666,5111,18354,0.5452452221966383,0.5545074386811419,0.5498551970737957,0.4110979929161747,5111,0.8109958912150265,0.6073335512694781,ok,synthetic_trace,0.0025,0,120918,40000
60,arm,17509,167311,0.1388253013848462,17176,170737,0.4604884850510207,0.41532417173350716,0.4067059036131648,0.45949573946539046,17176,0.8769212855146716,0.4195341372988866,ok,synthetic_trace,0.01,0,117533,40000
60,frequency,17509,167311,0.1388253013848462,17176,170737,0.5715211717188013,0.5238139889530007,0.6532567212193581,0.37481031866464337,17176,0.8769212855146716,0.4195341372988866,ok,synthetic_trace,0.01,0,117533,40000
60,gbm,17509,167311,0.1388253013848462,17176,170737,0.4960546103009386,0.4770850614297226,0.40653907824909385,0.3500641998365822,17176,0.8769212855146716,0.4195341372988866,ok,synthetic_trace,0.01,0,117533,40000
60,gbm_plus_context,17509,167311,0.1388253013848462,17176,170737,0.5557799454934114,0.5394972626212609,0.45401250625858003,0.2905918057663126,17176,0.8769212855146716,0.4195341372988866,ok,synthetic_trace,0.01,0,117533,40000
60,linear,17509,167311,0.1388253013848462,17176,170737,0.4112164879549658,0.4227672224312243,0.3422408813200836,0.5234037586086144,17176,0.8769212855146716,0.4195341372988866,ok,synthetic_trace,0.01,0,117533,40000
60,recency,17509,167311,0.1388253013848462,17176,170737,0.5109344480487679,0.5522862887788516,0.5907624168002871,0.21909653320882455,17176,0.8769212855146716,0.4195341372988866,ok,synthetic_trace,0.01,0,117533,40000
300,arm,8931,93538,0.459310654493361,5236,44462,0.6698404647731464,0.6547533008901242,0.6106301241001559,0.6811789635908303,5236,0.991405653170359,0.5746705051504656,ok,synthetic_trace,0.01,0,117533,40000
300,frequency,8931,93538,0.459310654493361,5236,44462,0.5504599317594984,0.5405381910999808,0.5737192714640085,0.5917934887304951,5236,0.991405653170359,0.5746705051504656,ok,synthetic_trace,0.01,0,117533,40000
300,gbm,8931,93538,0.459310654493361,5236,44462,0.5709263187015862,0.536989546926457,0.5306272119836946,0.24985551916779042,5236,0.991405653170359,0.5746705051504656,ok,synthetic_trace,0.01,0,117533,40000
300,gbm_plus_context,8931,93538,0.459310654493361,5236,44462,0.5263509774990778,0.4982227175850755,0.49208988543239385,0.2858794066653824,5236,0.991405653170359,0.5746705051504656,ok,synthetic_trace,0.01,0,117533,40000
300,linear,8931,93538,0.459310654493361,5236,44462,0.4198058834378458,0.42248334265960924,0.4277472607997665,0.554035831246388,5236,0.991405653170359,0.5746705051504656,ok,synthetic_trace,0.01,0,117533,40000
300,recency,8931,93538,0.459310654493361,5236,44462,0.4998732017705644,0.512462026003492,0.5197395032437021,0.7380080909266037,5236,0.991405653170359,0.5746705051504656,ok,synthetic_trace,0.01,0,117533,40000
60,arm,17713,276701,0.15843455571176107,17423,247995,0.45053474837384455,0.4384555346137145,0.4944313557812191,0.4620329449578144,17423,0.9847328244274809,0.38241900038307225,ok,synthetic_trace,0.02,0,113161,40000
60,frequency,17713,276701,0.15843455571176107,17423,247995,0.5666573091407052,0.5676016731721868,0.6341044682847943,0.3319749756069563,17423,0.9847328244274809,0.38241900038307225,ok,synthetic_trace,0.02,0,113161,40000
60,gbm,17713,276701,0.15843455571176107,17423,247995,0.46128106812735364,0.4627464201451391,0.42691518596226163,0.2605177064799403,17423,0.9847328244274809,0.38241900038307225,ok,synthetic_trace,0.02,0,113161,40000
60,gbm_plus_context,17713,276701,0.15843455571176107,17423,247995,0.4837891133173571,0.4864377226315347,0.4498671491950999,0.1713826551110601,17423,0.9847328244274809,0.38241900038307225,ok,synthetic_trace,0.02,0,113161,40000
60,linear,17713,276701,0.15843455571176107,17423,247995,0.44319068812050666,0.42762260415437175,0.40145396478614,0.40790908569132756,17423,0.9847328244274809,0.38241900038307225,ok,synthetic_trace,0.02,0,113161,40000
60,recency,17713,276701,0.15843455571176107,17423,247995,0.619567271482369,0.6425898133277306,0.6427298420338162,0.13442001951443494,17423,0.9847328244274809,0.38241900038307225,ok,synthetic_trace,0.02,0,113161,40000
300,arm,9121,140158,0.45253214229655103,5340,82248,0.5102919100461982,0.5057246661777326,0.5322127595838771,0.6808988764044944,5340,1.0,0.6708734558895049,ok,synthetic_trace,0.02,0,113161,40000
300,frequency,9121,140158,0.45253214229655103,5340,82248,0.5231826954881342,0.5189176702212166,0.5141612600563313,0.6275280898876404,5340,1.0,0.6708734558895049,ok,synthetic_trace,0.02,0,113161,40000
300,gbm,9121,140158,0.45253214229655103,5340,82248,0.46747407485488096,0.46007081529494925,0.45857289140322344,0.7073033707865168,5340,1.0,0.6708734558895049,ok,synthetic_trace,0.02,0,113161,40000
300,gbm_plus_context,9121,140158,0.45253214229655103,5340,82248,0.41433706868664105,0.4088575674481573,0.4303549939054079,0.48895131086142324,5340,1.0,0.6708734558895049,ok,synthetic_trace,0.02,0,113161,40000
300,linear,9121,140158,0.45253214229655103,5340,82248,0.34812935493368324,0.3501051800969872,0.3655380491866314,0.9973782771535581,5340,1.0,0.6708734558895049,ok,synthetic_trace,0.02,0,113161,40000
300,recency,9121,140158,0.45253214229655103,5340,82248,0.4878143639661383,0.4910647691753731,0.4961451261413125,0.797752808988764,5340,1.0,0.6708734558895049,ok,synthetic_trace,0.02,0,113161,40000
60,arm,18479,295664,0.15510850154229125,17319,277104,0.4522401151194114,0.4525874447534565,0.4485795178864721,0.4312027253305618,17319,0.9992493792944165,0.3760717997574918,ok,synthetic_trace,0.05,0,102422,40000
60,frequency,18479,295664,0.15510850154229125,17319,277104,0.536730209168974,0.5360588537067251,0.5440764487120895,0.3879554246780992,17319,0.9992493792944165,0.3760717997574918,ok,synthetic_trace,0.05,0,102422,40000
60,gbm,18479,295664,0.15510850154229125,17319,277104,0.49753352707189447,0.49569047787494425,0.4924576556638518,0.27403429759223974,17319,0.9992493792944165,0.3760717997574918,ok,synthetic_trace,0.05,0,102422,40000
60,gbm_plus_context,18479,295664,0.15510850154229125,17319,277104,0.5109854550411044,0.5099574016429081,0.5087695269976681,0.24112246665511866,17319,0.9992493792944165,0.3760717997574918,ok,synthetic_trace,0.05,0,102422,40000
60,linear,18479,295664,0.15510850154229125,17319,277104,0.6356768207731022,0.629922889858931,0.6150761306835099,0.19562330388590565,17319,0.9992493792944165,0.3760717997574918,ok,synthetic_trace,0.05,0,102422,40000
60,recency,18479,295664,0.15510850154229125,17319,277104,0.6266308323162579,0.622004285358487,0.6286358917829333,0.11241988567469254,17319,0.9992493792944165,0.3760717997574918,ok,synthetic_trace,0.05,0,102422,40000
300,arm,9325,149200,0.462044235924933,5500,88000,0.49644517989940545,0.4953619959826763,0.4902579127884217,0.658966897053474,5500,0.9996363636363637,0.6519090909090909,ok,synthetic_trace,0.05,0,102422,40000
300,frequency,9325,149200,0.462044235924933,5500,88000,0.5418893198422405,0.540712775330193,0.5361254337298612,0.5381957075300109,5500,0.9996363636363637,0.6519090909090909,ok,synthetic_trace,0.05,0,102422,40000
300,gbm,9325,149200,0.462044235924933,5500,88000,0.4013022349255352,0.4019743275347586,0.4063903613387567,0.7739177882866497,5500,0.9996363636363637,0.6519090909090909,ok,synthetic_trace,0.05,0,102422,40000
300,gbm_plus_context,9325,149200,0.462044235924933,5500,88000,0.4268056981771327,0.42726789177487157,0.4303150429059961,0.663150236449618,5500,0.9996363636363637,0.6519090909090909,ok,synthetic_trace,0.05,0,102422,40000
300,linear,9325,149200,0.462044235924933,5500,88000,0.3587097997920087,0.36115049572158975,0.36205063259623627,0.9070571116769734,5500,0.9996363636363637,0.6519090909090909,ok,synthetic_trace,0.05,0,102422,40000
300,recency,9325,149200,0.462044235924933,5500,88000,0.5692879240766298,0.569699896497141,0.5689499889516657,0.453073845034558,5500,0.9996363636363637,0.6519090909090909,ok,synthetic_trace,0.05,0,102422,40000
60,arm,19274,308384,0.13718286292414653,17390,278240,0.47304455410865376,0.4762908659061091,0.47553553433064294,0.38740655549166186,17390,0.9967797584818862,0.34982389304197814,ok,synthetic_trace,0.1,0,88539,40000
60,frequency,19274,308384,0.13718286292414653,17390,278240,0.5314818786420271,0.5323532691688304,0.5591281230373035,0.34818861414606095,17390,0.9967797584818862,0.34982389304197814,ok,synthetic_trace,0.1,0,88539,40000
60,gbm,19274,308384,0.13718286292414653,17390,278240,0.4674474044680202,0.4700343673463697,0.47180464991651627,0.3480161012075906,17390,0.9967797584818862,0.34982389304197814,ok,synthetic_trace,0.1,0,88539,40000
60,gbm_plus_context,19274,308384,0.13718286292414653,17390,278240,0.5178476165637262,0.5196127792041171,0.523131133778518,0.3542840713053479,17390,0.9967797584818862,0.34982389304197814,ok,synthetic_trace,0.1,0,88539,40000
60,linear,19274,308384,0.13718286292414653,17390,278240,0.5774456477810241,0.5759643653535356,0.5654909112088563,0.2523289246693502,17390,0.9967797584818862,0.34982389304197814,ok,synthetic_trace,0.1,0,88539,40000
60,recency,19274,308384,0.13718286292414653,17390,278240,0.6326950703914179,0.6303665200079942,0.6367183846172791,0.15152386428982173,17390,0.9967797584818862,0.34982389304197814,ok,synthetic_trace,0.1,0,88539,40000
300,arm,9449,151184,0.38180627579638055,5896,94336,0.4695836990877843,0.46887039466146,0.48125179283175856,0.6368421052631579,5896,0.9989823609226595,0.6798359056987788,ok,synthetic_trace,0.1,0,88539,40000
300,frequency,9449,151184,0.38180627579638055,5896,94336,0.4959855434548442,0.49551581141458056,0.49890795628668116,0.5938879456706282,5896,0.9989823609226595,0.6798359056987788,ok,synthetic_trace,0.1,0,88539,40000
300,gbm,9449,151184,0.38180627579638055,5896,94336,0.45582329317269077,0.45551143748724393,0.45424187753089523,0.766044142614601,5896,0.9989823609226595,0.6798359056987788,ok,synthetic_trace,0.1,0,88539,40000
300,gbm_plus_context,9449,151184,0.38180627579638055,5896,94336,0.4771544142944878,0.47711327965917316,0.47434780219108313,0.7108658743633277,5896,0.9989823609226595,0.6798359056987788,ok,synthetic_trace,0.1,0,88539,40000
300,linear,9449,151184,0.38180627579638055,5896,94336,0.4684518699296787,0.4677632624873712,0.46839886596727165,0.7368421052631579,5896,0.9989823609226595,0.6798359056987788,ok,synthetic_trace,0.1,0,88539,40000
300,recency,9449,151184,0.38180627579638055,5896,94336,0.5908083896836345,0.5917988120396864,0.5875772547198166,0.5144312393887945,5896,0.9989823609226595,0.6798359056987788,ok,synthetic_trace,0.1,0,88539,40000
60,arm,23136,367898,0.11499926610093016,15667,250255,0.6408183039218066,0.6448925956873091,0.6467982175397228,0.08674283525882429,15667,0.9200229782345056,0.15880601786178097,ok,toolagent_trace,0.0025,0,268744,40000
60,frequency,23136,367898,0.11499926610093016,15667,250255,0.7407052293451789,0.7439200631086341,0.745936080606814,0.05802004212676326,15667,0.9200229782345056,0.15880601786178097,ok,toolagent_trace,0.0025,0,268744,40000
60,gbm,23136,367898,0.11499926610093016,15667,250255,0.7061932098615595,0.7157621457957503,0.7166880102918258,0.0750622327184528,15667,0.9200229782345056,0.15880601786178097,ok,toolagent_trace,0.0025,0,268744,40000
60,gbm_plus_context,23136,367898,0.11499926610093016,15667,250255,0.6992711847950094,0.7069976807921686,0.7068516749434741,0.08284930107870045,15667,0.9200229782345056,0.15880601786178097,ok,toolagent_trace,0.0025,0,268744,40000
60,linear,23136,367898,0.11499926610093016,15667,250255,0.760944364880938,0.7656077567913717,0.7681537792183075,0.06772196336248165,15667,0.9200229782345056,0.15880601786178097,ok,toolagent_trace,0.0025,0,268744,40000
60,recency,23136,367898,0.11499926610093016,15667,250255,0.4158039420346142,0.40355513456606573,0.41035825164361456,0.2941852301014872,15667,0.9200229782345056,0.15880601786178097,ok,toolagent_trace,0.0025,0,268744,40000
300,arm,20531,326449,0.3435728092290067,12931,206598,0.6241330737719992,0.6292528730473257,0.6419549578875418,0.26881138349702266,12931,0.9984533292088779,0.41899243942342135,ok,toolagent_trace,0.0025,0,268744,40000
300,frequency,20531,326449,0.3435728092290067,12931,206598,0.7142109830408727,0.7173595341467318,0.7325796919242323,0.2269739385971696,12931,0.9984533292088779,0.41899243942342135,ok,toolagent_trace,0.0025,0,268744,40000
300,gbm,20531,326449,0.3435728092290067,12931,206598,0.7077203603525057,0.7128423625741078,0.725146997900828,0.18931250483334622,12931,0.9984533292088779,0.41899243942342135,ok,toolagent_trace,0.0025,0,268744,40000
300,gbm_plus_context,20531,326449,0.3435728092290067,12931,206598,0.7123351120277798,0.7174806068288163,0.7307919380981852,0.17825380867682314,12931,0.9984533292088779,0.41899243942342135,ok,toolagent_trace,0.0025,0,268744,40000
300,linear,20531,326449,0.3435728092290067,12931,206598,0.7289134797066721,0.7333377239514931,0.7483777797287204,0.22372592993581317,12931,0.9984533292088779,0.41899243942342135,ok,toolagent_trace,0.0025,0,268744,40000
300,recency,20531,326449,0.3435728092290067,12931,206598,0.3730299608069651,0.3671233950346584,0.3720788037313807,0.6459670559121491,12931,0.9984533292088779,0.41899243942342135,ok,toolagent_trace,0.0025,0,268744,40000
600,arm,17084,271479,0.398483860630104,9159,146317,0.631252350863133,0.6338825015058266,0.6515956553923332,0.32230592859482476,9159,0.9993449066491975,0.46369184715378253,ok,toolagent_trace,0.0025,0,268744,40000
600,frequency,17084,271479,0.398483860630104,9159,146317,0.7256176508946983,0.728100657525129,0.7472076587411306,0.2583251446664483,9159,0.9993449066491975,0.46369184715378253,ok,toolagent_trace,0.0025,0,268744,40000
600,gbm,17084,271479,0.398483860630104,9159,146317,0.7129177920882469,0.7166726995568145,0.736198023895395,0.2127961567856753,9159,0.9993449066491975,0.46369184715378253,ok,toolagent_trace,0.0025,0,268744,40000
600,gbm_plus_context,17084,271479,0.398483860630104,9159,146317,0.7195909356388016,0.7230061563670372,0.7420349545837946,0.19783819194235178,9159,0.9993449066491975,0.46369184715378253,ok,toolagent_trace,0.0025,0,268744,40000
600,linear,17084,271479,0.398483860630104,9159,146317,0.72716189626527,0.7305109010227501,0.7508359278283891,0.2645485314990719,9159,0.9993449066491975,0.46369184715378253,ok,toolagent_trace,0.0025,0,268744,40000
600,recency,17084,271479,0.398483860630104,9159,146317,0.3505162920721807,0.34609785064190135,0.34675957347966324,0.7583797357790152,9159,0.9993449066491975,0.46369184715378253,ok,toolagent_trace,0.0025,0,268744,40000
60,arm,23071,369136,0.13823631398725672,15719,251504,0.5839723055619663,0.5833347560043827,0.5801020748365324,0.08340225205165723,15719,0.9474521279979643,0.1744346014377505,ok,toolagent_trace,0.01,0,254972,40000
60,frequency,23071,369136,0.13823631398725672,15719,251504,0.6312448649896146,0.6317923895527467,0.6359532711602657,0.0707424136395445,15719,0.9474521279979643,0.1744346014377505,ok,toolagent_trace,0.01,0,254972,40000
60,gbm,23071,369136,0.13823631398725672,15719,251504,0.6208372951765521,0.6237797699495309,0.6219674622730473,0.1211272981741841,15719,0.9474521279979643,0.1744346014377505,ok,toolagent_trace,0.01,0,254972,40000
60,gbm_plus_context,23071,369136,0.13823631398725672,15719,251504,0.6263226402030926,0.62993561007414,0.6251737170849018,0.11839175520071252,15719,0.9474521279979643,0.1744346014377505,ok,toolagent_trace,0.01,0,254972,40000
60,linear,23071,369136,0.13823631398725672,15719,251504,0.6694558042926378,0.6714730970589428,0.6721333299511649,0.06870666072905401,15719,0.9474521279979643,0.1744346014377505,ok,toolagent_trace,0.01,0,254972,40000
60,recency,23071,369136,0.13823631398725672,15719,251504,0.4549771520886222,0.4529337180902723,0.4547955203870096,0.15077294993320187,15719,0.9474521279979643,0.1744346014377505,ok,toolagent_trace,0.01,0,254972,40000
300,arm,20417,326672,0.36627565264240586,12899,206384,0.5943947107125408,0.5949744331166111,0.5921210919230737,0.23947592836654005,12899,0.9999224746104349,0.4490270563609582,ok,toolagent_trace,0.01,0,254972,40000
300,frequency,20417,326672,0.36627565264240586,12899,206384,0.6258642111512133,0.6258340779346943,0.6306328392749272,0.23063803395612062,12899,0.9999224746104349,0.4490270563609582,ok,toolagent_trace,0.01,0,254972,40000
300,gbm,20417,326672,0.36627565264240586,12899,206384,0.615991452452626,0.616619543040306,0.6201272828523566,0.3218078920846577,12899,0.9999224746104349,0.4490270563609582,ok,toolagent_trace,0.01,0,254972,40000
300,gbm_plus_context,20417,326672,0.36627565264240586,12899,206384,0.5996180659532327,0.6003124954226869,0.6044114207904352,0.3409566633072331,12899,0.9999224746104349,0.4490270563609582,ok,toolagent_trace,0.01,0,254972,40000
300,linear,20417,326672,0.36627565264240586,12899,206384,0.6588493645815274,0.6591528712125171,0.663581838993056,0.21590820993875495,12899,0.9999224746104349,0.4490270563609582,ok,toolagent_trace,0.01,0,254972,40000
300,recency,20417,326672,0.36627565264240586,12899,206384,0.4540786038130362,0.45390086233845933,0.45513633341204035,0.3925885727575781,12899,0.9999224746104349,0.4490270563609582,ok,toolagent_trace,0.01,0,254972,40000
600,arm,17089,273424,0.42821405582538474,9185,146960,0.5858608421970135,0.5857481065515565,0.5884825334608816,0.28818726183995647,9185,1.0,0.510009526401742,ok,toolagent_trace,0.01,0,254972,40000
600,frequency,17089,273424,0.42821405582538474,9185,146960,0.6151515593573292,0.6145122398431121,0.6214418674451267,0.2799129014697877,9185,1.0,0.510009526401742,ok,toolagent_trace,0.01,0,254972,40000
600,gbm,17089,273424,0.42821405582538474,9185,146960,0.5725612191123616,0.5720436034735844,0.5775630240764785,0.363745236799129,9185,1.0,0.510009526401742,ok,toolagent_trace,0.01,0,254972,40000
600,gbm_plus_context,17089,273424,0.42821405582538474,9185,146960,0.5765382504344464,0.5761435173125429,0.5825190291075807,0.3477408818726184,9185,1.0,0.510009526401742,ok,toolagent_trace,0.01,0,254972,40000
600,linear,17089,273424,0.42821405582538474,9185,146960,0.621654124095777,0.621110548160936,0.6320257664324064,0.28209036472509524,9185,1.0,0.510009526401742,ok,toolagent_trace,0.01,0,254972,40000
600,recency,17089,273424,0.42821405582538474,9185,146960,0.4493024239650328,0.4499315703122861,0.45160491675653236,0.43505715841045184,9185,1.0,0.510009526401742,ok,toolagent_trace,0.01,0,254972,40000
60,arm,23064,369024,0.11928221470690253,15681,250896,0.5524461895152285,0.5532049052018817,0.5564152385989176,0.07620687456157132,15681,0.9253874115171227,0.1552834640647918,ok,toolagent_trace,0.02,0,240226,40000
60,frequency,23064,369024,0.11928221470690253,15681,250896,0.5713798465979917,0.5727561010422935,0.5730843197142387,0.07678081754990115,15681,0.9253874115171227,0.1552834640647918,ok,toolagent_trace,0.02,0,240226,40000
60,gbm,23064,369024,0.11928221470690253,15681,250896,0.589998822483261,0.5910312561465135,0.5910547234572538,0.09521076461960334,15681,0.9253874115171227,0.1552834640647918,ok,toolagent_trace,0.02,0,240226,40000
60,gbm_plus_context,23064,369024,0.11928221470690253,15681,250896,0.586656096085366,0.5879605866122561,0.5879137318046849,0.09890950832217334,15681,0.9253874115171227,0.1552834640647918,ok,toolagent_trace,0.02,0,240226,40000
60,linear,23064,369024,0.11928221470690253,15681,250896,0.6289827473495723,0.6319696967593391,0.6288993851801296,0.06338881448887189,15681,0.9253874115171227,0.1552834640647918,ok,toolagent_trace,0.02,0,240226,40000
60,recency,23064,369024,0.11928221470690253,15681,250896,0.48643825548864916,0.48582095859656843,0.4864987487699204,0.11593648364262484,15681,0.9253874115171227,0.1552834640647918,ok,toolagent_trace,0.02,0,240226,40000
300,arm,20476,327616,0.3174905987497558,12790,204640,0.5750947199206913,0.5755343435501493,0.5771356030454081,0.209460516028147,12790,0.9995308835027366,0.3927922204847537,ok,toolagent_trace,0.02,0,240226,40000
300,frequency,20476,327616,0.3174905987497558,12790,204640,0.5687768635553894,0.5695749061508996,0.5704381752108145,0.23064894448788115,12790,0.9995308835027366,0.3927922204847537,ok,toolagent_trace,0.02,0,240226,40000
300,gbm,20476,327616,0.3174905987497558,12790,204640,0.5777846698187484,0.5780540461512526,0.5816287896064374,0.28389366692728696,12790,0.9995308835027366,0.3927922204847537,ok,toolagent_trace,0.02,0,240226,40000
300,gbm_plus_context,20476,327616,0.3174905987497558,12790,204640,0.5830810435554168,0.5836772854603981,0.5871757942939917,0.27920250195465207,12790,0.9995308835027366,0.3927922204847537,ok,toolagent_trace,0.02,0,240226,40000
300,linear,20476,327616,0.3174905987497558,12790,204640,0.6056173328896868,0.6063350547765881,0.607709084942157,0.209773260359656,12790,0.9995308835027366,0.3927922204847537,ok,toolagent_trace,0.02,0,240226,40000
300,recency,20476,327616,0.3174905987497558,12790,204640,0.4962618665198799,0.4957583107404172,0.4984903609454011,0.30547302580140734,12790,0.9995308835027366,0.3927922204847537,ok,toolagent_trace,0.02,0,240226,40000
600,arm,16986,271776,0.3756512716354645,9158,146528,0.5781622284997209,0.5784153476760009,0.5801624135554885,0.2598820703210308,9158,1.0,0.4520978925529592,ok,toolagent_trace,0.02,0,240226,40000
600,frequency,16986,271776,0.3756512716354645,9158,146528,0.5679757278243677,0.5682773592729369,0.5698370413033582,0.2754968333697314,9158,1.0,0.4520978925529592,ok,toolagent_trace,0.02,0,240226,40000
600,gbm,16986,271776,0.3756512716354645,9158,146528,0.5698350221770144,0.5700749202721522,0.5732504845887431,0.3529154837300721,9158,1.0,0.4520978925529592,ok,toolagent_trace,0.02,0,240226,40000
600,gbm_plus_context,16986,271776,0.3756512716354645,9158,146528,0.5759776958386081,0.5761612036496359,0.5794329988979556,0.343524787071413,9158,1.0,0.4520978925529592,ok,toolagent_trace,0.02,0,240226,40000
600,linear,16986,271776,0.3756512716354645,9158,146528,0.5776149436407158,0.5781589032017277,0.5818660040563146,0.2725485913955012,9158,1.0,0.4520978925529592,ok,toolagent_trace,0.02,0,240226,40000
600,recency,16986,271776,0.3756512716354645,9158,146528,0.48917223625752976,0.48889123703954307,0.4918906174637802,0.3580476086481765,9158,1.0,0.4520978925529592,ok,toolagent_trace,0.02,0,240226,40000
60,arm,22766,364256,0.07892526135465168,16041,256656,0.6092333668608848,0.6098321879823955,0.5944377077418107,0.054797082476154856,16041,0.7960226918521289,0.09505719718222055,ok,toolagent_trace,0.05,0,211559,40000
60,frequency,22766,364256,0.07892526135465168,16041,256656,0.5122390665446385,0.5132111397186971,0.5124120150749294,0.07493298422791597,16041,0.7960226918521289,0.09505719718222055,ok,toolagent_trace,0.05,0,211559,40000
60,gbm,22766,364256,0.07892526135465168,16041,256656,0.6482567183474239,0.6485562962220296,0.6495295239989541,0.02979864098248239,16041,0.7960226918521289,0.09505719718222055,ok,toolagent_trace,0.05,0,211559,40000
60,gbm_plus_context,22766,364256,0.07892526135465168,16041,256656,0.649399977648299,0.6492466181498211,0.6504200993509234,0.027118010099121,16041,0.7960226918521289,0.09505719718222055,ok,toolagent_trace,0.05,0,211559,40000
60,linear,22766,364256,0.07892526135465168,16041,256656,0.6567639569759961,0.6581339346385553,0.6564577274222234,0.03653138831743657,16041,0.7960226918521289,0.09505719718222055,ok,toolagent_trace,0.05,0,211559,40000
60,recency,22766,364256,0.07892526135465168,16041,256656,0.6007442512331191,0.6004923061162782,0.6005506967618678,0.028115454148743845,16041,0.7960226918521289,0.09505719718222055,ok,toolagent_trace,0.05,0,211559,40000
300,arm,20127,322032,0.21379862870770608,13060,208960,0.6311373807638487,0.6313660757154804,0.6180175513614556,0.14027565084226645,13060,0.9872128637059724,0.23852890505359878,ok,toolagent_trace,0.05,0,211559,40000
300,frequency,20127,322032,0.21379862870770608,13060,208960,0.5281189262645221,0.5287004063387082,0.5284498747234387,0.17947932618683002,13060,0.9872128637059724,0.23852890505359878,ok,toolagent_trace,0.05,0,211559,40000
300,gbm,20127,322032,0.21379862870770608,13060,208960,0.6547282741329756,0.655142305491332,0.6553052693604754,0.09609494640122511,13060,0.9872128637059724,0.23852890505359878,ok,toolagent_trace,0.05,0,211559,40000
300,gbm_plus_context,20127,322032,0.21379862870770608,13060,208960,0.6581861883584432,0.6587382742357826,0.6584405085324884,0.07986217457886677,13060,0.9872128637059724,0.23852890505359878,ok,toolagent_trace,0.05,0,211559,40000
300,linear,20127,322032,0.21379862870770608,13060,208960,0.6693666899008538,0.6698565385444893,0.6703817855736716,0.10689127105666156,13060,0.9872128637059724,0.23852890505359878,ok,toolagent_trace,0.05,0,211559,40000
300,recency,20127,322032,0.21379862870770608,13060,208960,0.60945847957118,0.6090146861458087,0.6096624367349202,0.08147013782542113,13060,0.9872128637059724,0.23852890505359878,ok,toolagent_trace,0.05,0,211559,40000
600,arm,16502,264032,0.2526095321779178,9537,152592,0.6281349098192924,0.6283668741948296,0.6187928927485995,0.1720666876376219,9537,0.9951766802977876,0.2803947782321485,ok,toolagent_trace,0.05,0,211559,40000
600,frequency,16502,264032,0.2526095321779178,9537,152592,0.5256243862131025,0.5260828105014373,0.5260911607157104,0.21988046555520604,9537,0.9951766802977876,0.2803947782321485,ok,toolagent_trace,0.05,0,211559,40000
600,gbm,16502,264032,0.2526095321779178,9537,152592,0.660685624299688,0.6614422248457124,0.6618751971724239,0.10978295061340045,9537,0.9951766802977876,0.2803947782321485,ok,toolagent_trace,0.05,0,211559,40000
600,gbm_plus_context,16502,264032,0.2526095321779178,9537,152592,0.6620267621902944,0.6623359245437069,0.6635340292051506,0.10737129076229422,9537,0.9951766802977876,0.2803947782321485,ok,toolagent_trace,0.05,0,211559,40000
600,linear,16502,264032,0.2526095321779178,9537,152592,0.6547781282041298,0.6552951799777741,0.6566459978622828,0.13746461151305442,9537,0.9951766802977876,0.2803947782321485,ok,toolagent_trace,0.05,0,211559,40000
600,recency,16502,264032,0.2526095321779178,9537,152592,0.6120801913933558,0.6114355871588052,0.611777258352247,0.09971689210443535,9537,0.9951766802977876,0.2803947782321485,ok,toolagent_trace,0.05,0,211559,40000
60,arm,21948,351168,0.04853517404774923,16671,266736,0.6238926667016121,0.6250108387527097,0.6115727079459761,0.027352888249055244,16671,0.5995441185291824,0.055519314978105694,ok,toolagent_trace,0.1,0,186677,40000
60,frequency,21948,351168,0.04853517404774923,16671,266736,0.4702622336800873,0.4714728645125093,0.47273762866817237,0.05692519944814348,16671,0.5995441185291824,0.055519314978105694,ok,toolagent_trace,0.1,0,186677,40000
60,gbm,21948,351168,0.04853517404774923,16671,266736,0.7407088839224021,0.7398903474797672,0.7426338536159072,0.00377901745546158,16671,0.5995441185291824,0.055519314978105694,ok,toolagent_trace,0.1,0,186677,40000
60,gbm_plus_context,21948,351168,0.04853517404774923,16671,266736,0.7434370100690489,0.7421899404997203,0.7451300453422863,0.0032391578189670685,16671,0.5995441185291824,0.055519314978105694,ok,toolagent_trace,0.1,0,186677,40000
60,linear,21948,351168,0.04853517404774923,16671,266736,0.7384310772881711,0.7377924010290194,0.7389334891322418,0.004438845900065983,16671,0.5995441185291824,0.055519314978105694,ok,toolagent_trace,0.1,0,186677,40000
60,recency,21948,351168,0.04853517404774923,16671,266736,0.6917527197868965,0.6899446010051313,0.6897983497365318,0.0037190330514066342,16671,0.5995441185291824,0.055519314978105694,ok,toolagent_trace,0.1,0,186677,40000
300,arm,19123,305968,0.1374718924854887,13751,220016,0.6320513974076352,0.6339728261275098,0.6182346508641264,0.07773980074176423,13751,0.9141153370663951,0.14086248272852883,ok,toolagent_trace,0.1,0,186677,40000
300,frequency,19123,305968,0.1374718924854887,13751,220016,0.4791688536308604,0.4805701681555649,0.4811548958596621,0.14500763580830486,13751,0.9141153370663951,0.14086248272852883,ok,toolagent_trace,0.1,0,186677,40000
300,gbm,19123,305968,0.1374718924854887,13751,220016,0.7506210978310314,0.7489899747947182,0.7522091700916183,0.013526288997163842,13751,0.9141153370663951,0.14086248272852883,ok,toolagent_trace,0.1,0,186677,40000
300,gbm_plus_context,19123,305968,0.1374718924854887,13751,220016,0.7517308259476428,0.7498181568773752,0.7535809597823275,0.013380845029452403,13751,0.9141153370663951,0.14086248272852883,ok,toolagent_trace,0.1,0,186677,40000
300,linear,19123,305968,0.1374718924854887,13751,220016,0.7418769901374164,0.7413524206170389,0.7453390492396166,0.01388989891644244,13751,0.9141153370663951,0.14086248272852883,ok,toolagent_trace,0.1,0,186677,40000
300,recency,19123,305968,0.1374718924854887,13751,220016,0.690871986363341,0.6892866137608084,0.6908460027090823,0.010108355755945023,13751,0.9141153370663951,0.14086248272852883,ok,toolagent_trace,0.1,0,186677,40000
600,arm,15302,244832,0.1650519539929421,9957,159312,0.6253027246707962,0.6264505342818536,0.6063902441957215,0.09892537913026012,9957,0.9505875263633624,0.16880084362759867,ok,toolagent_trace,0.1,0,186677,40000
600,frequency,15302,244832,0.1650519539929421,9957,159312,0.4774808547100091,0.478170296459718,0.4795366814666184,0.1766596364366777,9957,0.9505875263633624,0.16880084362759867,ok,toolagent_trace,0.1,0,186677,40000
600,gbm,15302,244832,0.1650519539929421,9957,159312,0.7436955913767352,0.7428573965177572,0.7447727625612061,0.02340062267751331,9957,0.9505875263633624,0.16880084362759867,ok,toolagent_trace,0.1,0,186677,40000
600,gbm_plus_context,15302,244832,0.1650519539929421,9957,159312,0.7450894636938658,0.7440667473081302,0.746715254120354,0.02008637139700713,9957,0.9505875263633624,0.16880084362759867,ok,toolagent_trace,0.1,0,186677,40000
600,linear,15302,244832,0.1650519539929421,9957,159312,0.7382286962161647,0.7385676945032135,0.7418706665592374,0.023701918248468415,9957,0.9505875263633624,0.16880084362759867,ok,toolagent_trace,0.1,0,186677,40000
600,recency,15302,244832,0.1650519539929421,9957,159312,0.684343704814438,0.6837256640465832,0.6841973615877417,0.01667168825951592,9957,0.9505875263633624,0.16880084362759867,ok,toolagent_trace,0.1,0,186677,40000
