policy,size_model,capacity_bytes,capacity_fraction,avoided_prefill_tokens,reused_prefix_tokens,block_hit_rate,request_hit_rate,avoided_tokens_per_cache_byte,requested_tokens,requested_blocks,hit_blocks,trace,working_set_bytes,reference_working_set_bytes,effective_capacity_fraction,online_rank,gap_to_best_online_fraction,gain_vs_lru_fraction
lfu,fixed_block,185744204,0.001,7799296,7799296,0.05280069324090121,0.9991688138974316,0.04198944479581177,144793823,288500,15233,conversation_trace,191669207040,185744203776,0.0009690873503808908,1,0.0,0.2613231762855014
structural,fixed_block,185744204,0.001,7693312,7693312,0.05208318890814558,0.9991688138974316,0.04141885364024602,144793823,288500,15026,conversation_trace,191669207040,185744203776,0.0009690873503808908,2,0.013588918794721985,0.24418315806905688
frequency_x_prefix_length,fixed_block,185744204,0.001,7378432,7378432,0.04995147313691508,0.9991688138974316,0.03972361904762315,144793823,288500,14411,conversation_trace,191669207040,185744203776,0.0009690873503808908,3,0.0539617934746931,0.19325991554193922
longest_first,fixed_block,185744204,0.001,6334976,6334976,0.04288734835355286,0.9991688138974316,0.03410591482036231,144793823,288500,12373,conversation_trace,191669207040,185744203776,0.0009690873503808908,4,0.18775027899954047,0.024509398029311916
lru_2hit,fixed_block,185744204,0.001,6256280,6256280,0.042357019064124785,0.9991688138974316,0.033682235382160294,144793823,288500,12220,conversation_trace,191669207040,185744203776,0.0009690873503808908,5,0.19784042046871922,0.01178246874223731
lru,fixed_block,185744204,0.001,6183424,6183424,0.041861351819757364,0.9991688138974316,0.03328999703269341,144793823,288500,12077,conversation_trace,191669207040,185744203776,0.0009690873503808908,6,0.2071817764064859,0.0
lfu,fixed_block,464360509,0.0025,9197056,9197056,0.06226343154246101,0.9991688138974316,0.019805853042511846,144793823,288500,17963,conversation_trace,191669207040,185744203776,0.002422718370734905,1,0.0,0.4722493021385504
structural,fixed_block,464360509,0.0025,9039360,9039360,0.06119584055459272,0.9991688138974316,0.01946625482745347,144793823,288500,17655,conversation_trace,191669207040,185744203776,0.002422718370734905,2,0.017146356399265157,0.44700559089551334
frequency_x_prefix_length,fixed_block,464360509,0.0025,8657920,8657920,0.058613518197573655,0.9991688138974316,0.018644824079990834,144793823,288500,16910,conversation_trace,191669207040,185744203776,0.002422718370734905,3,0.05862049768969548,0.38594531532388165
lru_2hit,fixed_block,464360509,0.0025,6831646,6831646,0.046256499133448876,0.9991688138974316,0.014711944421613166,144793823,288500,13345,conversation_trace,191669207040,185744203776,0.002422718370734905,4,0.25719208407559985,0.0935984358426891
longest_first,fixed_block,464360509,0.0025,6618624,6618624,0.04480762564991334,0.9991688138974316,0.014253201707985896,144793823,288500,12927,conversation_trace,191669207040,185744203776,0.002422718370734905,5,0.28035406112564715,0.05949823129460782
lru,fixed_block,464360509,0.0025,6246942,6246942,0.042298093587521665,0.9991688138974316,0.013452784806039567,144793823,288500,12203,conversation_trace,191669207040,185744203776,0.002422718370734905,6,0.3207672107248232,0.0
lfu,fixed_block,928721019,0.005,11680622,11680622,0.07907798960138648,0.9991688138974316,0.012577105245854245,144793823,288500,22814,conversation_trace,191669207040,185744203776,0.004845436746687132,1,0.0,0.773517210551744
structural,fixed_block,928721019,0.005,11365888,11365888,0.07694627383015598,0.9991688138974316,0.012238215532408447,144793823,288500,22199,conversation_trace,191669207040,185744203776,0.004845436746687132,2,0.026944969197701972,0.7257298439418329
frequency_x_prefix_length,fixed_block,928721019,0.005,9392128,9392128,0.06358405545927209,0.9991688138974316,0.01011297021156361,144793823,288500,18344,conversation_trace,191669207040,185744203776,0.004845436746687132,3,0.19592227194750417,0.42604568932244624
lru_2hit,fixed_block,928721019,0.005,8103119,8103119,0.054866551126516463,0.9991688138974316,0.008725030266597208,144793823,288500,15829,conversation_trace,191669207040,185744203776,0.004845436746687132,4,0.306276754782408,0.23033011475320728
longest_first,fixed_block,928721019,0.005,6683136,6683136,0.04524436741767764,0.9991688138974316,0.00719606411750653,144793823,288500,13053,conversation_trace,191669207040,185744203776,0.004845436746687132,5,0.42784416788763474,0.014728215368833978
lru,fixed_block,928721019,0.005,6586134,6586134,0.044599653379549395,0.9991688138974316,0.007091617251315812,144793823,288500,12867,conversation_trace,191669207040,185744203776,0.004845436746687132,6,0.4361486913967424,0.0
lfu,fixed_block,1857442038,0.01,14635891,14635891,0.09909185441941075,0.9991688138974316,0.007879595002468659,144793823,288500,28588,conversation_trace,191669207040,185744203776,0.009690873493374264,1,0.0,0.8669178444158063
structural,fixed_block,1857442038,0.01,14584320,14584320,0.09873483535528596,0.9991688138974316,0.007851830475261376,144793823,288500,28485,conversation_trace,191669207040,185744203776,0.009690873493374264,2,0.003523598255821938,0.86033957595546
lru_2hit,fixed_block,1857442038,0.01,12514349,12514349,0.08474523396880417,0.9991688138974316,0.00673741023621648,144793823,288500,24449,conversation_trace,191669207040,185744203776,0.009690873493374264,3,0.14495475540231886,0.5962992249222888
frequency_x_prefix_length,fixed_block,1857442038,0.01,10917888,10917888,0.07391334488734835,0.9991688138974316,0.005877915852359965,144793823,288500,21324,conversation_trace,191669207040,185744203776,0.009690873493374264,4,0.2540332529123099,0.39265863147882146
lru,fixed_block,1857442038,0.01,7839601,7839601,0.053098786828422874,0.9991688138974316,0.004220643680726257,144793823,288500,15319,conversation_trace,191669207040,185744203776,0.009690873493374264,5,0.46435779003820127,0.0
longest_first,fixed_block,1857442038,0.01,7362560,7362560,0.04984402079722704,0.9991688138974316,0.003963816824091929,144793823,288500,14380,conversation_trace,191669207040,185744203776,0.009690873493374264,6,0.4969517059125406,-0.0608501631651917
lru_2hit,fixed_block,3714884076,0.02,21001343,21001343,0.14220450606585788,0.9991688138974316,0.005653296999408172,144793823,288500,41026,conversation_trace,191669207040,185744203776,0.01938174698674853,1,0.0,0.8016777351236404
structural,fixed_block,3714884076,0.02,18397696,18397696,0.12455112651646447,0.9991688138974316,0.004952428022951852,144793823,288500,35933,conversation_trace,191669207040,185744203776,0.01938174698674853,2,0.12397526196300875,0.5783142659387668
lfu,fixed_block,3714884076,0.02,18374196,18374196,0.1244055459272097,0.9991688138974316,0.004946102118961518,144793823,288500,35891,conversation_trace,191669207040,185744203776,0.01938174698674853,3,0.12509423802087324,0.5762982316891759
frequency_x_prefix_length,fixed_block,3714884076,0.02,13672960,13672960,0.09256499133448874,0.9991688138974316,0.0036805886052633852,144793823,288500,26705,conversation_trace,191669207040,185744203776,0.01938174698674853,4,0.34894830297281465,0.17298534694834183
lru,fixed_block,3714884076,0.02,11656548,11656548,0.07896707105719238,0.9991688138974316,0.0031377958939034197,144793823,288500,22782,conversation_trace,191669207040,185744203776,0.01938174698674853,5,0.44496178172986367,0.0
longest_first,fixed_block,3714884076,0.02,8312320,8312320,0.056273830155979206,0.9991688138974316,0.0022375718407208786,144793823,288500,16235,conversation_trace,191669207040,185744203776,0.01938174698674853,6,0.6042005504124188,-0.28689694410386335
lru_2hit,fixed_block,9287210189,0.05,29600084,29600084,0.20042287694974004,0.9991688138974316,0.003187187906553366,144793823,288500,57822,conversation_trace,191669207040,185744203776,0.048454367461654,1,0.0,0.03592435477844651
lru,fixed_block,9287210189,0.05,28573596,28573596,0.19354939341421143,0.9991688138974316,0.003076660850622641,144793823,288500,55839,conversation_trace,191669207040,185744203776,0.048454367461654,2,0.034678550236546625,0.0
lfu,fixed_block,9287210189,0.05,26498626,26498626,0.179421143847487,0.9991688138974316,0.0028532385356568784,144793823,288500,51763,conversation_trace,191669207040,185744203776,0.048454367461654,3,0.10477868914155784,-0.07261844116505321
structural,fixed_block,9287210189,0.05,26398492,26398492,0.1787209705372617,0.9991688138974316,0.0028424566110571096,144793823,288500,51561,conversation_trace,191669207040,185744203776,0.048454367461654,4,0.10816158494685353,-0.07612286531943686
frequency_x_prefix_length,fixed_block,9287210189,0.05,18878642,18878642,0.12781282495667246,0.9991688138974316,0.002032757051451288,144793823,288500,36874,conversation_trace,191669207040,185744203776,0.048454367461654,5,0.3622098504855594,-0.33929765088020425
longest_first,fixed_block,9287210189,0.05,11762582,11762582,0.07963951473136915,0.9991688138974316,0.0012665355645694217,144793823,288500,22976,conversation_trace,191669207040,185744203776,0.048454367461654,6,0.6026166006826197,-0.5883408584624771
lru,fixed_block,18574420378,0.1,40544548,40544548,0.2746204506065858,0.9991688138974316,0.0021828163234650358,144793823,288500,79228,conversation_trace,191669207040,185744203776,0.096908734923308,1,0.0,0.0
structural,fixed_block,18574420378,0.1,35177901,35177901,0.23816637781629116,0.9991688138974316,0.001893889568778446,144793823,288500,68711,conversation_trace,191669207040,185744203776,0.096908734923308,2,0.13236420837642585,-0.13236420837642585
lfu,fixed_block,18574420378,0.1,35075717,35075717,0.23751819757365686,0.9991688138974316,0.0018883882396429738,144793823,288500,68524,conversation_trace,191669207040,185744203776,0.096908734923308,3,0.13488449791079185,-0.13488449791079185
lru_2hit,fixed_block,18574420378,0.1,31349303,31349303,0.21227036395147314,0.9991688138974316,0.0016877674975597562,144793823,288500,61240,conversation_trace,191669207040,185744203776,0.096908734923308,4,0.22679362463234268,-0.22679362463234268
frequency_x_prefix_length,fixed_block,18574420378,0.1,24099287,24099287,0.1631681109185442,0.9991688138974316,0.00129744490054418,144793823,288500,47074,conversation_trace,191669207040,185744203776,0.096908734923308,5,0.4056096765464003,-0.4056096765464003
longest_first,fixed_block,18574420378,0.1,17252823,17252823,0.11681802426343155,0.9991688138974316,0.0009288485265701571,144793823,288500,33702,conversation_trace,191669207040,185744203776,0.096908734923308,6,0.5744724296840108,-0.5744724296840108
lfu,packed,185744204,0.001,7799296,7799296,0.05280069324090121,0.9991688138974316,0.04198944479581177,144793823,288500,15233,conversation_trace,185744203776,185744203776,0.0010000000012059596,1,0.0,0.2612187448253022
structural,packed,185744204,0.001,7693312,7693312,0.05208318890814558,0.9991688138974316,0.04141885364024602,144793823,288500,15026,conversation_trace,185744203776,185744203776,0.0010000000012059596,2,0.013588918794721985,0.24408014571949
frequency_x_prefix_length,packed,185744204,0.001,7378432,7378432,0.04995147313691508,0.9991688138974316,0.03972361904762315,144793823,288500,14411,conversation_trace,185744203776,185744203776,0.0010000000012059596,3,0.0539617934746931,0.19316111939062758
longest_first,packed,185744204,0.001,6334976,6334976,0.04288734835355286,0.9991688138974316,0.03410591482036231,144793823,288500,12373,conversation_trace,185744203776,185744203776,0.0010000000012059596,4,0.18775027899954047,0.024424573604901474
lru_2hit,packed,185744204,0.001,6256280,6256280,0.042357019064124785,0.9991688138974316,0.033682235382160294,144793823,288500,12220,conversation_trace,185744203776,185744203776,0.0010000000012059596,5,0.19784042046871922,0.011698698046034111
lru,packed,185744204,0.001,6183936,6183936,0.04186481802426343,0.9991688138974316,0.03329275351170581,144793823,288500,12078,conversation_trace,185744203776,185744203776,0.0010000000012059596,6,0.20711612945578678,0.0
lfu,packed,464360509,0.0025,9199104,9199104,0.06227729636048527,0.9991688138974316,0.019810263408941178,144793823,288500,17967,conversation_trace,185744203776,185744203776,0.002499999997631151,1,0.0,0.47245645986349
structural,packed,464360509,0.0025,9039360,9039360,0.06119584055459272,0.9991688138974316,0.01946625482745347,144793823,288500,17655,conversation_trace,185744203776,185744203776,0.002499999997631151,2,0.017365169477375188,0.4468870038899046
frequency_x_prefix_length,packed,464360509,0.0025,8657920,8657920,0.058613518197573655,0.9991688138974316,0.018644824079990834,144793823,288500,16910,conversation_trace,185744203776,185744203776,0.002499999997631151,3,0.05883007736405633,0.3858317324145164
lru_2hit,packed,464360509,0.0025,6831646,6831646,0.046256499133448876,0.9991688138974316,0.014711944421613166,144793823,288500,13345,conversation_trace,185744203776,185744203776,0.002499999997631151,4,0.2573574556826404,0.0935088117495543
longest_first,packed,464360509,0.0025,6619136,6619136,0.04481109185441941,0.9991688138974316,0.014254304299593228,144793823,288500,12928,conversation_trace,185744203776,185744203776,0.002499999997631151,5,0.280458618578505,0.05949335521317964
lru,packed,464360509,0.0025,6247454,6247454,0.04230155979202773,0.9991688138974316,0.013453887397646901,144793823,288500,12204,conversation_trace,185744203776,185744203776,0.002499999997631151,6,0.3208627709829131,0.0
lfu,packed,928721019,0.005,11681646,11681646,0.07908492201039861,0.9991688138974316,0.01257820783746039,144793823,288500,22816,conversation_trace,185744203776,185744203776,0.00500000000064605,1,0.0,0.7672157475464426
structural,packed,928721019,0.005,11365888,11365888,0.07694627383015598,0.9991688138974316,0.012238215532408447,144793823,288500,22199,conversation_trace,185744203776,185744203776,0.00500000000064605,2,0.027030266111470934,0.7194474356138802
frequency_x_prefix_length,packed,928721019,0.005,9392128,9392128,0.06358405545927209,0.9991688138974316,0.01011297021156361,144793823,288500,18344,conversation_trace,185744203776,185744203776,0.00500000000064605,3,0.19599275650023978,0.4208542618541835
lru_2hit,packed,928721019,0.005,8104655,8104655,0.05487694974003466,0.9991688138974316,0.008726684154006426,144793823,288500,15832,conversation_trace,185744203776,185744203776,0.00500000000064605,4,0.3062060774654531,0.22608354545506806
longest_first,packed,928721019,0.005,6685696,6685696,0.04526169844020797,0.9991688138974316,0.0071988205965218925,144793823,288500,13058,conversation_trace,185744203776,185744203776,0.00500000000064605,5,0.42767517522787457,0.01142144304905844
lru,packed,928721019,0.005,6610198,6610198,0.04476256499133449,0.9991688138974316,0.0071175281540602235,144793823,288500,12914,conversation_trace,185744203776,185744203776,0.00500000000064605,6,0.4341381343005943,0.0
lfu,packed,1857442038,0.01,14637427,14637427,0.09910225303292894,0.9991688138974316,0.007880421946173267,144793823,288500,28591,conversation_trace,185744203776,185744203776,0.0100000000012921,1,0.0,0.8572885950935869
structural,packed,1857442038,0.01,14584320,14584320,0.09873483535528596,0.9991688138974316,0.007851830475261376,144793823,288500,28485,conversation_trace,185744203776,185744203776,0.0100000000012921,2,0.0036281649773556514,0.8505500456600262
lru_2hit,packed,1857442038,0.01,12517933,12517933,0.08476949740034662,0.9991688138974316,0.006739339771527234,144793823,288500,24456,conversation_trace,185744203776,185744203776,0.0100000000012921,3,0.14479962906048993,0.588353895465757
frequency_x_prefix_length,packed,1857442038,0.01,10917888,10917888,0.07391334488734835,0.9991688138974316,0.005877915852359965,144793823,288500,21324,conversation_trace,185744203776,185744203776,0.0100000000012921,4,0.25411153203360126,0.3853301447658206
lru,packed,1857442038,0.01,7881073,7881073,0.05337954939341421,0.9991688138974316,0.0042429711607506965,144793823,288500,15400,conversation_trace,185744203776,185744203776,0.0100000000012921,5,0.46158071360492525,0.0
longest_first,packed,1857442038,0.01,7367680,7367680,0.04987868284228769,0.9991688138974316,0.003966573303107292,144793823,288500,14390,conversation_trace,185744203776,185744203776,0.0100000000012921,6,0.496654705775817,-0.06514252564339906
lru_2hit,packed,3714884076,0.02,21005951,21005951,0.14223570190641247,0.9991688138974316,0.005654537414965085,144793823,288500,41035,conversation_trace,185744203776,185744203776,0.0200000000025842,1,0.0,0.7636708317247894
structural,packed,3714884076,0.02,18397696,18397696,0.12455112651646447,0.9991688138974316,0.004952428022951852,144793823,288500,35933,conversation_trace,185744203776,185744203776,0.0200000000025842,2,0.1241674323623815,0.5446803530170965
lfu,packed,3714884076,0.02,18376244,18376244,0.12441941074523397,0.9991688138974316,0.00494665341476459,144793823,288500,35895,conversation_trace,185744203776,185744203776,0.0200000000025842,3,0.12518866677352528,0.5428792316738086
frequency_x_prefix_length,packed,3714884076,0.02,13672960,13672960,0.09256499133448874,0.9991688138974316,0.0036805886052633852,144793823,288500,26705,conversation_trace,185744203776,185744203776,0.0200000000025842,4,0.3490911218444716,0.1479890025136104
lru,packed,3714884076,0.02,11910358,11910358,0.08068630849220104,0.9991688138974316,0.0032061183488730754,144793823,288500,23278,conversation_trace,185744203776,185744203776,0.0200000000025842,5,0.4330007720193197,0.0
longest_first,packed,3714884076,0.02,8318464,8318464,0.05631542461005199,0.9991688138974316,0.0022392257281300962,144793823,288500,16247,conversation_trace,185744203776,185744203776,0.0200000000025842,6,0.6039948869727441,-0.30157733293995026
lru_2hit,packed,9287210189,0.05,29601108,29601108,0.20042980935875215,0.9991688138974316,0.0031872981657139923,144793823,288500,57824,conversation_trace,185744203776,185744203776,0.05000000000107675,1,0.0,0.023288765705511836
lru,packed,9287210189,0.05,28927424,28927424,0.19594800693240902,0.9991688138974316,0.003114759266917675,144793823,288500,56531,conversation_trace,185744203776,185744203776,0.05000000000107675,2,0.022758742679497,0.0
lfu,packed,9287210189,0.05,26509890,26509890,0.17949740034662046,0.9991688138974316,0.0028544513864237685,144793823,288500,51785,conversation_trace,185744203776,185744203776,0.05000000000107675,3,0.10442913150413154,-0.0835723913750495
structural,packed,9287210189,0.05,26398492,26398492,0.1787209705372617,0.9991688138974316,0.0028424566110571096,144793823,288500,51561,conversation_trace,185744203776,185744203776,0.05000000000107675,4,0.10819243658041448,-0.08742333918153238
frequency_x_prefix_length,packed,9287210189,0.05,18912946,18912946,0.12804506065857885,0.9991688138974316,0.002036450733332272,144793823,288500,36941,conversation_trace,185744203776,185744203776,0.05000000000107675,5,0.361073038211948,-0.34619321789593155
longest_first,packed,9287210189,0.05,11785110,11785110,0.07979202772963605,0.9991688138974316,0.0012689612661032023,144793823,288500,23020,conversation_trace,185744203776,185744203776,0.05000000000107675,6,0.6018692948926101,-0.5925973221811939
lru,packed,18574420378,0.1,41101604,41101604,0.27839168110918544,0.9991688138974316,0.002212806815155414,144793823,288500,80316,conversation_trace,185744203776,185744203776,0.1000000000021535,1,0.0,0.0
structural,packed,18574420378,0.1,35177901,35177901,0.23816637781629116,0.9991688138974316,0.001893889568778446,144793823,288500,68711,conversation_trace,185744203776,185744203776,0.1000000000021535,2,0.14412340209399127,-0.14412340209399127
lfu,packed,18574420378,0.1,35119237,35119237,0.23781282495667244,0.9991688138974316,0.0018907312468062845,144793823,288500,68609,conversation_trace,185744203776,185744203776,0.1000000000021535,3,0.14555069432326778,-0.14555069432326778
lru_2hit,packed,18574420378,0.1,31349303,31349303,0.21227036395147314,0.9991688138974316,0.0016877674975597562,144793823,288500,61240,conversation_trace,185744203776,185744203776,0.1000000000021535,4,0.23727300277624203,-0.23727300277624203
frequency_x_prefix_length,packed,18574420378,0.1,24068567,24068567,0.16296013864818024,0.9991688138974316,0.0012957910131347842,144793823,288500,47014,conversation_trace,185744203776,185744203776,0.1000000000021535,5,0.4144129508911623,-0.4144129508911623
longest_first,packed,18574420378,0.1,17229271,17229271,0.11665857885615251,0.9991688138974316,0.0009275805462229536,144793823,288500,33656,conversation_trace,185744203776,185744203776,0.1000000000021535,6,0.5808126855584517,-0.5808126855584517
lfu,fixed_block,178465393,0.001,72441856,72441856,0.3454161946798953,0.9986021687563538,0.40591542585514045,202940084,409616,141488,toolagent_trace,192203980800,178465392640,0.000928520794716027,1,0.0,0.5188741061747151
structural,fixed_block,178465393,0.001,72356864,72356864,0.3450109370727706,0.9989410369366316,0.4054391878654031,202940084,409616,141322,toolagent_trace,192203980800,178465392640,0.000928520794716027,2,0.0011732443740811941,0.5170920956747079
frequency_x_prefix_length,fixed_block,178465393,0.001,71857152,71857152,0.34262821764774815,0.9969925449000339,0.4026391379980319,202940084,409616,140346,toolagent_trace,192203980800,178465392640,0.000928520794716027,3,0.008071355874703154,0.5066147327349072
lru_2hit,fixed_block,178465393,0.001,65633695,65633695,0.31296140775750947,0.9651812944764486,0.36776707179301704,202940084,409616,128194,toolagent_trace,192203980800,178465392640,0.000928520794716027,4,0.0939810404636789,0.376128737343075
lru,fixed_block,178465393,0.001,47694444,47694444,0.2274178743017851,0.8495425279566249,0.2672475777978983,202940084,409616,93154,toolagent_trace,192203980800,178465392640,0.000928520794716027,5,0.34161758638541784,0.0
longest_first,fixed_block,178465393,0.001,5873664,5873664,0.02800671848755908,0.46306336834971196,0.0329120615558222,202940084,409616,11472,toolagent_trace,192203980800,178465392640,0.000928520794716027,6,0.918918918918919,-0.8768480454452934
lfu,fixed_block,446163482,0.0025,73752064,73752064,0.3516635092379204,0.9988563198915622,0.1653027802037819,202940084,409616,144047,toolagent_trace,192203980800,178465392640,0.0023213019841886646,1,0.0,0.06620343893391314
structural,fixed_block,446163482,0.0025,73669632,73669632,0.3512704581852271,0.9990681125042359,0.1651180228147852,202940084,409616,143886,toolagent_trace,192203980800,178465392640,0.0023213019841886646,2,0.00111769075371233,0.06501175320864042
frequency_x_prefix_length,fixed_block,446163482,0.0025,73102848,73102848,0.3485679270341002,0.9983056590986107,0.16384767232025502,202940084,409616,142779,toolagent_trace,192203980800,178465392640,0.0023213019841886646,3,0.00880268245780891,0.056817988625554046
lru_2hit,fixed_block,446163482,0.0025,71615486,71615486,0.34150033201828056,0.9986445272788885,0.1605140019056961,202940084,409616,139884,toolagent_trace,192203980800,178465392640,0.0023213019841886646,4,0.02896973839267739,0.035315804234624694
lru,fixed_block,446163482,0.0025,69172600,69172600,0.32984063122534274,0.9855981023381905,0.15503868602137186,202940084,409616,135108,toolagent_trace,192203980800,178465392640,0.0023213019841886646,5,0.062092689365276614,0.0
longest_first,fixed_block,446163482,0.0025,6358528,6358528,0.030318639896879027,0.4632328024398509,0.014251565304038039,202940084,409616,12419,toolagent_trace,192203980800,178465392640,0.0023213019841886646,6,0.9137850840350719,-0.9080773601107953
lfu,fixed_block,892326963,0.005,76212871,76212871,0.3634110972227647,0.9990681125042359,0.08540913158532451,202940084,409616,148859,toolagent_trace,192203980800,178465392640,0.004642603963174523,1,0.0,0.06894012779251141
structural,fixed_block,892326963,0.005,75996672,75996672,0.3623662161634311,0.9991104710267706,0.08516684483510334,202940084,409616,148431,toolagent_trace,192203980800,178465392640,0.004642603963174523,2,0.002836778055507186,0.06590778189533857
frequency_x_prefix_length,fixed_block,892326963,0.005,74168832,74168832,0.35365073629936333,0.9986021687563538,0.08311844769393122,202940084,409616,144861,toolagent_trace,192203980800,178465392640,0.004642603963174523,3,0.02682012858431747,0.040271016116179496
lru_2hit,fixed_block,892326963,0.005,72937617,72937617,0.3478184445920081,0.9987716028464927,0.0817386675785118,202940084,409616,142472,toolagent_trace,192203980800,178465392640,0.004642603963174523,4,0.04297507700503764,0.02300234348685345
lru,fixed_block,892326963,0.005,71297605,71297605,0.33999160189055116,0.9985174517112844,0.07990076278800061,202940084,409616,139266,toolagent_trace,192203980800,178465392640,0.004642603963174523,5,0.06449390943427391,0.0
longest_first,fixed_block,892326963,0.005,6380544,6380544,0.03042361626498965,0.4643764825482887,0.007150455230612593,202940084,409616,12462,toolagent_trace,192203980800,178465392640,0.004642603963174523,6,0.916279967985985,-0.9105082982801456
lfu,fixed_block,1784653926,0.01,79192838,79192838,0.3776414983789696,0.9991528295493053,0.0443743388262941,202940084,409616,154688,toolagent_trace,192203980800,178465392640,0.009285207926349046,1,0.0,0.09064715917392477
structural,fixed_block,1784653926,0.01,79177728,79177728,0.3775340806999727,0.9991528295493053,0.0443658721987985,202940084,409616,154644,toolagent_trace,192203980800,178465392640,0.009285207926349046,2,0.00019080008219935242,0.0904390636063039
lru_2hit,fixed_block,1784653926,0.01,77618634,77618634,0.37016620444513887,0.9987716028464927,0.04349226080709611,202940084,409616,151626,toolagent_trace,192203980800,178465392640,0.009285207926349046,3,0.01987811069480803,0.06896715421488758
frequency_x_prefix_length,fixed_block,1784653926,0.01,75792896,75792896,0.3613945744306863,0.9986021687563538,0.0424692400559009,202940084,409616,148033,toolagent_trace,192203980800,178465392640,0.009285207926349046,4,0.04293244295652089,0.043823012226998685
lru,fixed_block,1784653926,0.01,72610869,72610869,0.34628041873364324,0.9986868858014233,0.04068624619157675,202940084,409616,141842,toolagent_trace,192203980800,178465392640,0.009285207926349046,5,0.08311318505847713,0.0
longest_first,fixed_block,1784653926,0.01,6793216,6793216,0.03239131283934221,0.46712978651304643,0.003806461242166903,202940084,409616,13268,toolagent_trace,192203980800,178465392640,0.009285207926349046,6,0.9142193136202544,-0.9064435380879411
lru_2hit,fixed_block,3569307853,0.02,86064552,86064552,0.41046248193429946,0.9989833954591664,0.0241123925266527,202940084,409616,168132,toolagent_trace,192203980800,178465392640,0.0185704158579009,1,0.0,0.1298754810742476
lfu,fixed_block,3569307853,0.02,83032640,83032640,0.39599039100035155,0.99919518807184,0.023262952768338865,202940084,409616,162204,toolagent_trace,192203980800,178465392640,0.0185704158579009,2,0.03522834813571097,0.09007183427696008
structural,fixed_block,3569307853,0.02,82906624,82906624,0.39531414788484825,0.99919518807184,0.023227647323925016,202940084,409616,161927,toolagent_trace,192203980800,178465392640,0.0185704158579009,3,0.036692551423494306,0.08841746688278539
frequency_x_prefix_length,fixed_block,3569307853,0.02,78413312,78413312,0.37388920354673644,0.9986021687563538,0.021968772442560167,202940084,409616,153151,toolagent_trace,192203980800,178465392640,0.0185704158579009,4,0.08890117733953928,0.029428220559668646
lru,fixed_block,3569307853,0.02,76171714,76171714,0.3633012382328815,0.9987716028464927,0.021340752083342362,202940084,409616,148814,toolagent_trace,192203980800,178465392640,0.0185704158579009,5,0.11494672045698907,0.0
longest_first,fixed_block,3569307853,0.02,8464182,8464182,0.040359751572204214,0.47043375127075565,0.0023713790876530483,202940084,409616,16532,toolagent_trace,192203980800,178465392640,0.0185704158579009,6,0.9016530987113022,-0.888880247594271
lru_2hit,fixed_block,8923269632,0.05,94650922,94650922,0.4514398851607359,0.9992799051169096,0.010607201833347,202940084,409616,184917,toolagent_trace,192203980800,178465392640,0.04642603964215085,1,0.0,0.015618689832891096
lru,fixed_block,8923269632,0.05,93195333,93195333,0.4446042146791141,0.9988563198915622,0.010444079002811869,202940084,409616,182117,toolagent_trace,192203980800,178465392640,0.04642603964215085,2,0.01537849784495496,0.0
structural,fixed_block,8923269632,0.05,91074589,91074589,0.4342701456974337,0.9992375465943748,0.010206414549370416,202940084,409616,177884,toolagent_trace,192203980800,178465392640,0.04642603964215085,3,0.03778444968555087,-0.022755903452804874
lfu,fixed_block,8923269632,0.05,90976576,90976576,0.43391127299714854,0.9992799051169096,0.010195430571070745,202940084,409616,177737,toolagent_trace,192203980800,178465392640,0.04642603964215085,4,0.03881997050171365,-0.023807597747410807
frequency_x_prefix_length,fixed_block,8923269632,0.05,83760123,83760123,0.39940090230850356,0.9986021687563538,0.009386707614395664,202940084,409616,163601,toolagent_trace,192203980800,178465392640,0.04642603964215085,5,0.11506278829486732,-0.10124122846366138
longest_first,fixed_block,8923269632,0.05,13451658,13451658,0.0641527674700207,0.48123517451711284,0.0015074808399558625,202940084,409616,26278,toolagent_trace,192203980800,178465392640,0.04642603964215085,6,0.8578813843989813,-0.8556616778224292
lru,fixed_block,17846539264,0.1,105267058,105267058,0.5022167102847545,0.9992375465943748,0.00589845775939005,202940084,409616,205716,toolagent_trace,192203980800,178465392640,0.0928520792843017,1,0.0,0.0
structural,fixed_block,17846539264,0.1,99942510,99942510,0.47656585680246866,0.9992799051169096,0.005600105909698908,202940084,409616,195209,toolagent_trace,192203980800,178465392640,0.0928520792843017,2,0.050581331911071364,-0.050581331911071364
lfu,fixed_block,17846539264,0.1,99561230,99561230,0.4748984414671302,0.9993222636394442,0.005578741543512287,202940084,409616,194526,toolagent_trace,192203980800,178465392640,0.0928520792843017,3,0.05420335771139344,-0.05420335771139344
lru_2hit,fixed_block,17846539264,0.1,95575284,95575284,0.45585865786492713,0.9992799051169096,0.005355395944624079,202940084,409616,186727,toolagent_trace,192203980800,178465392640,0.0928520792843017,4,0.0920684417721639,-0.0920684417721639
frequency_x_prefix_length,fixed_block,17846539264,0.1,88865607,88865607,0.42375541971016756,0.9986021687563538,0.004979430784054559,202940084,409616,173577,toolagent_trace,192203980800,178465392640,0.0928520792843017,5,0.15580801165736008,-0.15580801165736008
longest_first,fixed_block,17846539264,0.1,25241868,25241868,0.12038348111401899,0.5265164351067435,0.0014143844712189012,202940084,409616,49311,toolagent_trace,192203980800,178465392640,0.0928520792843017,6,0.7602111384171105,-0.7602111384171105
lfu,packed,178465393,0.001,72441856,72441856,0.3454161946798953,0.9986021687563538,0.40591542585514045,202940084,409616,141488,toolagent_trace,178465392640,178465392640,0.0010000000020171978,1,0.0,0.5186784699593221
structural,packed,178465393,0.001,72356864,72356864,0.3450109370727706,0.9989410369366316,0.4054391878654031,202940084,409616,141322,toolagent_trace,178465392640,178465392640,0.0010000000020171978,2,0.0011732443740811941,0.5168966889884041
frequency_x_prefix_length,packed,178465393,0.001,71857152,71857152,0.34262821764774815,0.9969925449000339,0.4026391379980319,202940084,409616,140346,toolagent_trace,178465392640,178465392640,0.0010000000020171978,3,0.008071355874703154,0.5064206755690307
lru_2hit,packed,178465393,0.001,65633695,65633695,0.31296140775750947,0.9651812944764486,0.36776707179301704,202940084,409616,128194,toolagent_trace,178465392640,178465392640,0.0010000000020171978,4,0.0939810404636789,0.37595148722275706
lru,packed,178465393,0.001,47700588,47700588,0.2274471700324206,0.849669603524229,0.2672820046405299,202940084,409616,93166,toolagent_trace,178465392640,178465392640,0.0010000000020171978,5,0.3415327735390987,0.0
longest_first,packed,178465393,0.001,5873664,5873664,0.02800671848755908,0.46306336834971196,0.0329120615558222,202940084,409616,11472,toolagent_trace,178465392640,178465392640,0.0010000000020171978,6,0.918918918918919,-0.876863907841136
lfu,packed,446163482,0.0025,73754624,73754624,0.35167571579235185,0.9988563198915622,0.1653085180108936,202940084,409616,144052,toolagent_trace,178465392640,178465392640,0.002500000002241331,1,0.0,0.06583810403869945
structural,packed,446163482,0.0025,73669632,73669632,0.3512704581852271,0.9990681125042359,0.1651180228147852,202940084,409616,143886,toolagent_trace,178465392640,178465392640,0.002500000002241331,2,0.0011523616471829617,0.06460987308549905
frequency_x_prefix_length,packed,446163482,0.0025,73102848,73102848,0.3485679270341002,0.9983056590986107,0.16384767232025502,202940084,409616,142779,toolagent_trace,178465392640,178465392640,0.002500000002241331,3,0.008837086607613917,0.05641920040361445
lru_2hit,packed,446163482,0.0025,71615998,71615998,0.34150277332916684,0.9986445272788885,0.16051514946711842,202940084,409616,139885,toolagent_trace,178465392640,178465392640,0.002500000002241331,4,0.028996500612625997,0.034932528801981166
lru,packed,446163482,0.0025,69198712,69198712,0.32996513808054373,0.9861064046086072,0.1550972116539112,202940084,409616,135159,toolagent_trace,178465392640,178465392640,0.002500000002241331,5,0.061771205016244134,0.0
longest_first,packed,446163482,0.0025,6359040,6359040,0.030321081207765322,0.4632328024398509,0.014252712865460378,202940084,409616,12420,toolagent_trace,178465392640,178465392640,0.002500000002241331,6,0.9137811345902869,-0.9081046479593435
lfu,packed,892326963,0.005,76217479,76217479,0.36343306902074135,0.9990681125042359,0.08541429561173083,202940084,409616,148868,toolagent_trace,178465392640,178465392640,0.004999999998879335,1,0.0,0.06803456684475913
structural,packed,892326963,0.005,75996672,75996672,0.3623662161634311,0.9991104710267706,0.08516684483510334,202940084,409616,148431,toolagent_trace,178465392640,178465392640,0.004999999998879335,2,0.002897065120718569,0.0649404011534314
frequency_x_prefix_length,packed,892326963,0.005,74168832,74168832,0.35365073629936333,0.9986021687563538,0.08311844769393122,202940084,409616,144861,toolagent_trace,178465392640,178465392640,0.004999999998879335,3,0.026878965650385785,0.039326902409114184
lru_2hit,packed,892326963,0.005,72944273,72944273,0.34785018163352993,0.9987716028464927,0.08174612672776536,202940084,409616,142485,toolagent_trace,178465392640,178465392640,0.004999999998879335,4,0.042945608316433556,0.022167172668632325
lru,packed,892326963,0.005,71362371,71362371,0.34030164837311044,0.9985174517112844,0.07997334380671405,202940084,409616,139393,toolagent_trace,178465392640,178465392640,0.004999999998879335,5,0.06370071620972927,0.0
longest_first,packed,892326963,0.005,6384640,6384640,0.030443146752079996,0.4643764825482887,0.007155045476307097,202940084,409616,12470,toolagent_trace,178465392640,178465392640,0.004999999998879335,6,0.9162312886260644,-0.910532120632595
lfu,packed,1784653926,0.01,79201030,79201030,0.37768055935315026,0.9991528295493053,0.04437892907198861,202940084,409616,154704,toolagent_trace,178465392640,178465392640,0.00999999999775867,1,0.0,0.08893349975100595
structural,packed,1784653926,0.01,79177728,79177728,0.3775340806999727,0.9991528295493053,0.0443658721987985,202940084,409616,154644,toolagent_trace,178465392640,178465392640,0.00999999999775867,2,0.0002942133454577548,0.08861312098306318
lru_2hit,packed,1784653926,0.01,77632974,77632974,0.37023700246084135,0.9987716028464927,0.043500295978392396,202940084,409616,151655,toolagent_trace,178465392640,178465392640,0.00999999999775867,3,0.01979842938911274,0.06737432674674623
frequency_x_prefix_length,packed,1784653926,0.01,75792896,75792896,0.3613945744306863,0.9986021687563538,0.0424692400559009,202940084,409616,148033,toolagent_trace,178465392640,178465392640,0.00999999999775867,4,0.043031435323505264,0.042075128284872296
lru,packed,1784653926,0.01,72732660,72732660,0.34686389203546736,0.9987716028464927,0.040754489674655274,202940084,409616,142081,toolagent_trace,178465392640,178465392640,0.00999999999775867,5,0.08167027625777089,0.0
longest_first,packed,1784653926,0.01,6692352,6692352,0.03191037459474239,0.46640969162995594,0.00374994384205333,202940084,409616,13071,toolagent_trace,178465392640,178465392640,0.00999999999775867,6,0.9155017049652006,-0.9079869758647628
lru_2hit,packed,3569307853,0.02,86086056,86086056,0.41056501699152376,0.9989833954591664,0.024118417224125048,202940084,409616,168174,toolagent_trace,178465392640,178465392640,0.020000000001120666,1,0.0,0.12148341390866249
lfu,packed,3569307853,0.02,83045952,83045952,0.3960538650833952,0.99919518807184,0.023266682342964605,202940084,409616,162230,toolagent_trace,178465392640,178465392640,0.020000000001120666,2,0.03531470880719637,0.08187855371437759
structural,packed,3569307853,0.02,82906624,82906624,0.39531414788484825,0.99919518807184,0.023227647323925016,202940084,409616,161927,toolagent_trace,178465392640,178465392640,0.020000000001120666,3,0.036933182303066595,0.08006346253290836
frequency_x_prefix_length,packed,3569307853,0.02,78391808,78391808,0.37378666848951214,0.9986021687563538,0.02196274774508782,202940084,409616,153109,toolagent_trace,178465392640,178465392640,0.020000000001120666,4,0.08937856323676857,0.02124683767964
lru,packed,3569307853,0.02,76760882,76760882,0.3661209523065505,0.9987716028464927,0.021505817139163982,202940084,409616,149969,toolagent_trace,178465392640,178465392640,0.020000000001120666,5,0.10832386141606952,0.0
longest_first,packed,3569307853,0.02,8585014,8585014,0.04093590094136948,0.47051846831582517,0.002405232149640526,202940084,409616,16768,toolagent_trace,178465392640,178465392640,0.020000000001120666,6,0.9002740467050785,-0.8881589974435156
lru_2hit,packed,8923269632,0.05,94665770,94665770,0.45151068317643844,0.9992799051169096,0.010608865797410884,202940084,409616,184946,toolagent_trace,178465392640,178465392640,0.05,1,0.0,0.005346447649726957
lru,packed,8923269632,0.05,94162336,94162336,0.44921829225420884,0.998898678414097,0.01055244768826907,202940084,409616,184007,toolagent_trace,178465392640,178465392640,0.05,2,0.0053180151600731715,0.0
lfu,packed,8923269632,0.05,91174720,91174720,0.4348560603101441,0.9992799051169096,0.010217635884612929,202940084,409616,178124,toolagent_trace,178465392640,178465392640,0.05,3,0.036877638031148956,-0.03172835474260112
structural,packed,8923269632,0.05,91074589,91074589,0.4342701456974337,0.9992375465943748,0.010206414549370416,202940084,409616,177884,toolagent_trace,178465392640,178465392640,0.05,4,0.03793536988079218,-0.032791741700205906
frequency_x_prefix_length,packed,8923269632,0.05,83841531,83841531,0.39978907073942427,0.9986021687563538,0.009395830727711446,202940084,409616,163760,toolagent_trace,178465392640,178465392640,0.05,5,0.11434163584155076,-0.10960650976203479
longest_first,packed,8923269632,0.05,13735818,13735818,0.0655076950119136,0.4819129108776686,0.001539325669454342,202940084,409616,26833,toolagent_trace,178465392640,178465392640,0.05,6,0.8549019566417724,-0.8541261975488799
lru,packed,17846539264,0.1,106221379,106221379,0.5067721963985782,0.9992375465943748,0.005951931488155216,202940084,409616,207582,toolagent_trace,178465392640,178465392640,0.1,1,0.0,0.0
structural,packed,17846539264,0.1,99942510,99942510,0.47656585680246866,0.9992799051169096,0.005600105909698908,202940084,409616,195209,toolagent_trace,178465392640,178465392640,0.1,2,0.05911116066380573,-0.05911116066380573
lfu,packed,17846539264,0.1,99800762,99800762,0.47604097496191555,0.9993222636394442,0.0055921633053708,202940084,409616,194994,toolagent_trace,178465392640,178465392640,0.1,3,0.0604456189558601,-0.0604456189558601
lru_2hit,packed,17846539264,0.1,95575284,95575284,0.45585865786492713,0.9992799051169096,0.005355395944624079,202940084,409616,186727,toolagent_trace,178465392640,178465392640,0.1,4,0.10022553934269673,-0.10022553934269673
frequency_x_prefix_length,packed,17846539264,0.1,88901025,88901025,0.4239263114722081,0.9986021687563538,0.004981415370504407,202940084,409616,173647,toolagent_trace,178465392640,178465392640,0.1,5,0.1630590203503195,-0.1630590203503195
longest_first,packed,17846539264,0.1,25109327,25109327,0.11975362290535525,0.5262199254490003,0.0014069577652318552,202940084,409616,49053,toolagent_trace,178465392640,178465392640,0.1,6,0.7636132458796265,-0.7636132458796265
lfu,fixed_block,43708348,0.001,300058,300058,0.004824536212739073,0.008014024542950162,0.006865004369417027,61194628,121877,588,synthetic_trace,46057652224,43708348416,0.0009489920977175686,1,0.0,0.3953590029761905
frequency_x_prefix_length,fixed_block,43708348,0.001,295936,295936,0.004742486277148273,0.004507888805409466,0.006770697442053861,61194628,121877,578,synthetic_trace,46057652224,43708348416,0.0009489920977175686,2,0.013737344113471396,0.3761904761904762
lru_2hit,fixed_block,43708348,0.001,249856,249856,0.004004036856831068,0.00576008014024543,0.005716436594675232,61194628,121877,488,synthetic_trace,46057652224,43708348416,0.0009489920977175686,3,0.1673076538535883,0.1619047619047619
structural,fixed_block,43708348,0.001,219136,219136,0.003511737243286264,0.00776358627598297,0.005013596029756147,61194628,121877,428,synthetic_trace,46057652224,43708348416,0.0009489920977175686,4,0.2696878603469996,0.01904761904761905
lru,fixed_block,43708348,0.001,215040,215040,0.0034460972948136236,0.005259203606311044,0.0049198839544336015,61194628,121877,420,synthetic_trace,46057652224,43708348416,0.0009489920977175686,5,0.28333855454612106,0.0
longest_first,fixed_block,43708348,0.001,167936,167936,0.0026912378873782585,0.0020035061357375405,0.0038421950882243363,61194628,121877,328,synthetic_trace,46057652224,43708348416,0.0009489920977175686,6,0.44032153783601835,-0.21904761904761905
lfu,fixed_block,109270871,0.0025,807988,807988,0.01298029981046465,0.01552717255196594,0.0073943585569112924,61194628,121877,1582,synthetic_trace,46057652224,43708348416,0.0023724802660058403,1,0.0,0.7379973155286343
frequency_x_prefix_length,fixed_block,109270871,0.0025,661504,661504,0.010600851678331432,0.004507888805409466,0.00605380001043462,61194628,121877,1292,synthetic_trace,46057652224,43708348416,0.0023724802660058403,2,0.18129477170453026,0.42290748898678415
structural,fixed_block,109270871,0.0025,624128,624128,0.010001887148518589,0.01076884547958928,0.005711750938637617,61194628,121877,1219,synthetic_trace,46057652224,43708348416,0.0023724802660058403,3,0.22755288444877894,0.34251101321585903
lru_2hit,fixed_block,109270871,0.0025,596992,596992,0.009567022489887346,0.01076884547958928,0.005463413941305547,61194628,121877,1166,synthetic_trace,46057652224,43708348416,0.0023724802660058403,4,0.26113754164665814,0.2841409691629956
longest_first,fixed_block,109270871,0.0025,585728,585728,0.009386512631587584,0.0027548209366391185,0.005360330659394122,61194628,121877,1144,synthetic_trace,46057652224,43708348416,0.0023724802660058403,5,0.2750783427476646,0.2599118942731278
lru,fixed_block,109270871,0.0025,464896,464896,0.007450134151644691,0.009015777610818933,0.004254528180707921,61194628,121877,908,synthetic_trace,46057652224,43708348416,0.0023724802660058403,6,0.4246251181948247,0.0
lfu,fixed_block,218541742,0.005,1567284,1567284,0.02514830525858037,0.02304032056098172,0.0071715544392430075,61194628,121877,3065,synthetic_trace,46057652224,43708348416,0.004744960532011681,1,0.0,0.3637569176151196
lru_2hit,fixed_block,218541742,0.005,1305600,1305600,0.020922733575654145,0.018031555221637866,0.005974144747139427,61194628,121877,2550,synthetic_trace,46057652224,43708348416,0.004744960532011681,2,0.16696654850046322,0.13605513208729247
lru,fixed_block,218541742,0.005,1149240,1149240,0.018420210540134725,0.01552717255196594,0.005258675022367123,61194628,121877,2245,synthetic_trace,46057652224,43708348416,0.004744960532011681,3,0.2667314921864831,0.0
frequency_x_prefix_length,fixed_block,218541742,0.005,1009152,1009152,0.01617204230494679,0.004758327072376659,0.004617662469259534,61194628,121877,1971,synthetic_trace,46057652224,43708348416,0.004744960532011681,4,0.3561141439585933,-0.12189620966899864
structural,fixed_block,218541742,0.005,980480,980480,0.015712562665638308,0.013523666416228399,0.004486465565008629,61194628,121877,1915,synthetic_trace,46057652224,43708348416,0.004744960532011681,5,0.374408211913093,-0.1468448713932686
longest_first,fixed_block,218541742,0.005,851968,851968,0.013653109282309213,0.0020035061357375405,0.0038984222977411793,61194628,121877,1664,synthetic_trace,46057652224,43708348416,0.004744960532011681,6,0.45640483792343955,-0.25866833733597855
lfu,fixed_block,437083484,0.01,2789441,2789441,0.04474182987766354,0.03781617831204608,0.006381940984070677,61194628,121877,5453,synthetic_trace,46057652224,43708348416,0.009489921064023361,1,0.0,0.23910611894604233
lru_2hit,fixed_block,437083484,0.01,2400090,2400090,0.03847321479852638,0.032306536438767845,0.00549114777349949,61194628,121877,4689,synthetic_trace,46057652224,43708348416,0.009489921064023361,2,0.13958029583705123,0.06615132029005336
lru,fixed_block,437083484,0.01,2251172,2251172,0.03608556167283409,0.030303030303030304,0.00515043940667408,61194628,121877,4398,synthetic_trace,46057652224,43708348416,0.009489921064023361,3,0.19296661947680557,0.0
frequency_x_prefix_length,fixed_block,437083484,0.01,1821184,1821184,0.02918516208964776,0.007012271475081392,0.004166673110897048,61194628,121877,3557,synthetic_trace,46057652224,43708348416,0.009489921064023361,4,0.34711506714069235,-0.19100628472635586
structural,fixed_block,437083484,0.01,1745920,1745920,0.027979028036462992,0.02203856749311295,0.003994477174067735,61194628,121877,3410,synthetic_trace,46057652224,43708348416,0.009489921064023361,5,0.3740968172476134,-0.2244395363837148
longest_first,fixed_block,437083484,0.01,1653760,1653760,0.026502129195828582,0.003756574004507889,0.0037836250065216375,61194628,121877,3230,synthetic_trace,46057652224,43708348416,0.009489921064023361,6,0.4071356949295576,-0.26537821188252164
lru_2hit,fixed_block,874166968,0.02,4887898,4887898,0.07834127850209638,0.05985474580515903,0.005591492448156655,61194628,121877,9548,synthetic_trace,46057652224,43708348416,0.018979842128046723,1,0.0,0.04069394102497718
lru,fixed_block,874166968,0.02,4696768,4696768,0.07530543088523675,0.058602554470323066,0.005372850006842171,61194628,121877,9178,synthetic_trace,46057652224,43708348416,0.018979842128046723,2,0.039102698133226185,0.0
frequency_x_prefix_length,fixed_block,874166968,0.02,4598784,4598784,0.07369725214765706,0.020035061357375407,0.005260761580275131,61194628,121877,8982,synthetic_trace,46057652224,43708348416,0.018979842128046723,3,0.059148942960757366,-0.020862005532314987
lfu,fixed_block,874166968,0.02,4575822,4575822,0.07337725739885294,0.06210869020786376,0.005234494287137146,61194628,121877,8943,synthetic_trace,46057652224,43708348416,0.018979842128046723,4,0.0638466678314482,-0.025750899341845285
structural,fixed_block,874166968,0.02,3305984,3305984,0.052979643410979924,0.037064863511144505,0.00378186790512542,61194628,121877,6457,synthetic_trace,46057652224,43708348416,0.018979842128046723,5,0.3236389139053229,-0.2961151157561966
longest_first,fixed_block,874166968,0.02,1694720,1694720,0.027158528680554985,0.0027548209366391185,0.0019386685404932848,61194628,121877,3310,synthetic_trace,46057652224,43708348416,0.018979842128046723,6,0.6532824539300943,-0.6391731505580007
lru_2hit,fixed_block,2185417421,0.05,9968330,9968330,0.15978404456952502,0.1179564237415477,0.00456129337316196,61194628,121877,19474,synthetic_trace,46057652224,43708348416,0.047449605341828724,1,0.0,0.059297889826890014
lru,fixed_block,2185417421,0.05,9410318,9410318,0.15091444653215946,0.11194590533433509,0.00430595908569908,61194628,121877,18393,synthetic_trace,46057652224,43708348416,0.047449605341828724,2,0.05597848385837949,0.0
frequency_x_prefix_length,fixed_block,2185417421,0.05,8505536,8505536,0.13630955799699698,0.041823190583521165,0.003891950305817572,61194628,121877,16613,synthetic_trace,46057652224,43708348416,0.047449605341828724,3,0.14674413868722244,-0.0961478666289492
lfu,fixed_block,2185417421,0.05,8394622,8394622,0.13460291933670832,0.10368144252441773,0.0038411984453564033,61194628,121877,16405,synthetic_trace,46057652224,43708348416,0.047449605341828724,4,0.15787077674996713,-0.10793429084968223
structural,fixed_block,2185417421,0.05,7249600,7249600,0.1161827087965736,0.07988980716253444,0.003317261009424341,61194628,121877,14160,synthetic_trace,46057652224,43708348416,0.047449605341828724,5,0.27273675731040203,-0.22961158167024748
longest_first,fixed_block,2185417421,0.05,4771323,4771323,0.07647053997062613,0.017029802153769095,0.0021832547659553043,61194628,121877,9320,synthetic_trace,46057652224,43708348416,0.047449605341828724,6,0.5213518212177968,-0.4929689942465281
lru_2hit,fixed_block,4370834842,0.1,16516629,16516629,0.26473411718371803,0.1925870272977711,0.00377882706555033,61194628,121877,32265,synthetic_trace,46057652224,43708348416,0.09489921068365745,1,0.0,0.061215322836251446
lru,fixed_block,4370834842,0.1,15563881,15563881,0.24965333902212886,0.182068620085149,0.003560848570722545,61194628,121877,30427,synthetic_trace,46057652224,43708348416,0.09489921068365745,2,0.057684167877113425,0.0
lfu,fixed_block,4370834842,0.1,14304746,14304746,0.22932136498272848,0.16428750313047832,0.0032727720257337512,61194628,121877,27949,synthetic_trace,46057652224,43708348416,0.09489921068365745,3,0.1339185496023432,-0.08090109401376173
frequency_x_prefix_length,fixed_block,4370834842,0.1,13800357,13800357,0.221173806378562,0.0743801652892562,0.0031573732476437508,61194628,121877,26956,synthetic_trace,46057652224,43708348416,0.09489921068365745,4,0.1644568028984607,-0.1133087563442563
structural,fixed_block,4370834842,0.1,13499584,13499584,0.21634106517226384,0.14375156523916854,0.00308855962029965,61194628,121877,26367,synthetic_trace,46057652224,43708348416,0.09489921068365745,5,0.18266711687960055,-0.13263382057470113
longest_first,fixed_block,4370834842,0.1,9218399,9218399,0.14777193399903182,0.03856749311294766,0.002109070539892983,61194628,121877,18010,synthetic_trace,46057652224,43708348416,0.09489921068365745,6,0.44187164342070046,-0.4077056358886321
lfu,packed,43708348,0.001,300570,300570,0.004832741206298153,0.008014024542950162,0.006876718378832346,61194628,121877,589,synthetic_trace,43708348416,43708348416,0.0009999999904823675,1,0.0,0.37161397488317754
frequency_x_prefix_length,packed,43708348,0.001,295936,295936,0.004742486277148273,0.004507888805409466,0.006770697442053861,61194628,121877,578,synthetic_trace,43708348416,43708348416,0.0009999999904823675,2,0.015417373656718901,0.35046728971962615
lru_2hit,packed,43708348,0.001,250368,250368,0.004012241850390148,0.00576008014024543,0.005728150604090551,61194628,121877,489,synthetic_trace,43708348416,43708348416,0.0009999999904823675,3,0.1670226569517916,0.1425233644859813
lru,packed,43708348,0.001,219136,219136,0.003511737243286264,0.005509641873278237,0.005013596029756147,61194628,121877,428,synthetic_trace,43708348416,43708348416,0.0009999999904823675,4,0.2709318960641448,0.0
structural,packed,43708348,0.001,219136,219136,0.003511737243286264,0.00776358627598297,0.005013596029756147,61194628,121877,428,synthetic_trace,43708348416,43708348416,0.0009999999904823675,5,0.2709318960641448,0.0
longest_first,packed,43708348,0.001,167936,167936,0.0026912378873782585,0.0020035061357375405,0.0038421950882243363,61194628,121877,328,synthetic_trace,43708348416,43708348416,0.0009999999904823675,6,0.4412749110024287,-0.2336448598130841
lfu,packed,109270871,0.0025,809524,809524,0.01300491479114189,0.015777610818933134,0.0074084153680810325,61194628,121877,1585,synthetic_trace,43708348416,43708348416,0.002499999999084843,1,0.0,0.7130027762730228
frequency_x_prefix_length,packed,109270871,0.0025,661504,661504,0.010600851678331432,0.004507888805409466,0.00605380001043462,61194628,121877,1292,synthetic_trace,43708348416,43708348416,0.002499999999084843,2,0.1828481922710136,0.39978331527627303
structural,packed,109270871,0.0025,624128,624128,0.010001887148518589,0.01076884547958928,0.005711750938637617,61194628,121877,1219,synthetic_trace,43708348416,43708348416,0.002499999999084843,3,0.22901853434858016,0.3206933911159263
lru_2hit,packed,109270871,0.0025,598016,598016,0.009583432477005506,0.01076884547958928,0.00547278514875204,61194628,121877,1168,synthetic_trace,43708348416,43708348416,0.002499999999084843,4,0.26127452675893487,0.26543878656554715
longest_first,packed,109270871,0.0025,585728,585728,0.009386512631587584,0.0027548209366391185,0.005360330659394122,61194628,121877,1144,synthetic_trace,43708348416,43708348416,0.002499999999084843,5,0.27645381730498414,0.23943661971830985
lru,packed,109270871,0.0025,472576,472576,0.007573209055030892,0.009015777610818933,0.004324812236556621,61194628,121877,923,synthetic_trace,43708348416,43708348416,0.002499999999084843,6,0.4162297844165213,0.0
lfu,packed,218541742,0.005,1567796,1567796,0.02515651025213945,0.02304032056098172,0.0071738972411046304,61194628,121877,3066,synthetic_trace,43708348416,43708348416,0.004999999998169686,1,0.0,0.3350580076435204
lru_2hit,packed,218541742,0.005,1307648,1307648,0.020955553549890465,0.018031555221637866,0.005983515954585921,61194628,121877,2554,synthetic_trace,43708348416,43708348416,0.004999999998169686,2,0.16593230241689608,0.113528758575117
lru,packed,218541742,0.005,1174328,1174328,0.018822255224529648,0.016028049085900324,0.005373472313586665,61194628,121877,2294,synthetic_trace,43708348416,43708348416,0.004999999998169686,3,0.25096887605275175,0.0
frequency_x_prefix_length,packed,218541742,0.005,1009152,1009152,0.01617204230494679,0.004758327072376659,0.004617662469259534,61194628,121877,1971,synthetic_trace,43708348416,43708348416,0.004999999998169686,4,0.3563244197586931,-0.14065576227425386
structural,packed,218541742,0.005,980480,980480,0.015712562665638308,0.013523666416228399,0.004486465565008629,61194628,121877,1915,synthetic_trace,43708348416,43708348416,0.004999999998169686,5,0.3746125133627079,-0.16507142808482808
longest_first,packed,218541742,0.005,851968,851968,0.013653109282309213,0.0020035061357375405,0.0038984222977411793,61194628,121877,1664,synthetic_trace,43708348416,43708348416,0.004999999998169686,6,0.45658236148070286,-0.2745059302000804
lfu,packed,437083484,0.01,2792001,2792001,0.04478285484545894,0.03781617831204608,0.0063877979887247355,61194628,121877,5458,synthetic_trace,43708348416,43708348416,0.009999999996339373,1,0.0,0.22382110827656945
lru_2hit,packed,437083484,0.01,2403674,2403674,0.03853064975343994,0.032306536438767845,0.005499347580015171,61194628,121877,4696,synthetic_trace,43708348416,43708348416,0.009999999996339373,2,0.13908555190345562,0.053605274000824064
lru,packed,437083484,0.01,2281380,2281380,0.03656965629281981,0.030803906836964687,0.005219552061591968,61194628,121877,4457,synthetic_trace,43708348416,43708348416,0.009999999996339373,3,0.18288711214644982,0.0
frequency_x_prefix_length,packed,437083484,0.01,1821184,1821184,0.02918516208964776,0.007012271475081392,0.004166673110897048,61194628,121877,3557,synthetic_trace,43708348416,43708348416,0.009999999996339373,4,0.34771370067560864,-0.20171825824720124
structural,packed,437083484,0.01,1745920,1745920,0.027979028036462992,0.02203856749311295,0.003994477174067735,61194628,121877,3410,synthetic_trace,43708348416,43708348416,0.009999999996339373,5,0.37467071107782557,-0.23470881659346535
longest_first,packed,437083484,0.01,1660416,1660416,0.026608794112096622,0.003756574004507889,0.003798853218622189,61194628,121877,3243,synthetic_trace,43708348416,43708348416,0.009999999996339373,6,0.4052953419429291,-0.27218788627935725
lru_2hit,packed,874166968,0.02,4897626,4897626,0.0784971733797189,0.05985474580515903,0.005602620756999365,61194628,121877,9567,synthetic_trace,43708348416,43708348416,0.019999999992678746,1,0.0,0.03576473952059337
lru,packed,874166968,0.02,4728512,4728512,0.07581414048589973,0.05910343100425745,0.005409163435697332,61194628,121877,9240,synthetic_trace,43708348416,43708348416,0.019999999992678746,2,0.03452979055566922,0.0
frequency_x_prefix_length,packed,874166968,0.02,4600120,4600120,0.0737218671283343,0.020035061357375407,0.00526228989242705,61194628,121877,8985,synthetic_trace,43708348416,43708348416,0.019999999992678746,3,0.060744940507911384,-0.027152727961777406
lfu,packed,874166968,0.02,4579406,4579406,0.0734346923537665,0.06235912847483095,0.005238594190394986,61194628,121877,8950,synthetic_trace,43708348416,43708348416,0.019999999992678746,4,0.0649743365459102,-0.03153338724740468
structural,packed,874166968,0.02,3305984,3305984,0.052979643410979924,0.037064863511144505,0.00378186790512542,61194628,121877,6457,synthetic_trace,43708348416,43708348416,0.019999999992678746,5,0.32498234859092956,-0.30084051811648144
longest_first,packed,874166968,0.02,1694720,1694720,0.027158528680554985,0.0027548209366391185,0.0019386685404932848,61194628,121877,3310,synthetic_trace,43708348416,43708348416,0.019999999992678746,6,0.6539711280526525,-0.6415954955808508
lru_2hit,packed,2185417421,0.05,9970890,9970890,0.15982506953732042,0.1179564237415477,0.004562464774092235,61194628,121877,19479,synthetic_trace,43708348416,43708348416,0.05000000000457579,1,0.0,0.04901106129191698
lru,packed,2185417421,0.05,9505038,9505038,0.1524323703405893,0.11344853493613824,0.004349300920119278,61194628,121877,18578,synthetic_trace,43708348416,43708348416,0.05000000000457579,2,0.04672120542900383,0.0
frequency_x_prefix_length,packed,2185417421,0.05,8506560,8506560,0.13632596798411514,0.041823190583521165,0.0038924188661896824,61194628,121877,16615,synthetic_trace,43708348416,43708348416,0.05000000000457579,3,0.1468605109473678,-0.1050472391588545
lfu,packed,2185417421,0.05,8397182,8397182,0.13464394430450372,0.10393188079138492,0.0038423698462866787,61194628,121877,16410,synthetic_trace,43708348416,43708348416,0.05000000000457579,4,0.1578302438398177,-0.11655461030245223
structural,packed,2185417421,0.05,7249600,7249600,0.1161827087965736,0.07988980716253444,0.003317261009424341,61194628,121877,14160,synthetic_trace,43708348416,43708348416,0.05000000000457579,5,0.2729234802510107,-0.2372886883776793
longest_first,packed,2185417421,0.05,4688891,4688891,0.07514953600761423,0.016028049085900324,0.0021455356560004285,61194628,121877,9159,synthetic_trace,43708348416,43708348416,0.05000000000457579,6,0.5297419789005796,-0.5066941342054603
lru_2hit,packed,4370834842,0.1,16541205,16541205,0.26512795687455387,0.1925870272977711,0.003784449790015653,61194628,121877,32313,synthetic_trace,43708348416,43708348416,0.10000000000915157,1,0.0,0.04178841760529437
lru,packed,4370834842,0.1,15877701,15877701,0.254691205067404,0.1855747558226897,0.003632647211335651,61194628,121877,31041,synthetic_trace,43708348416,43708348416,0.10000000000915157,2,0.04011219255187273,0.0
lfu,packed,4370834842,0.1,14313450,14313450,0.22946084987323284,0.16428750313047832,0.0032747634073152197,61194628,121877,27966,synthetic_trace,43708348416,43708348416,0.10000000000915157,3,0.13467912404205135,-0.09851873391494147
frequency_x_prefix_length,packed,4370834842,0.1,13807013,13807013,0.22128047129483003,0.07488104182319058,0.003158896068853109,61194628,121877,26969,synthetic_trace,43708348416,43708348416,0.10000000000915157,4,0.1652958173240704,-0.13041485036152276
structural,packed,4370834842,0.1,13499584,13499584,0.21634106517226384,0.14375156523916854,0.00308855962029965,61194628,121877,26367,synthetic_trace,43708348416,43708348416,0.10000000000915157,5,0.18388146450031906,-0.14977716232343713
longest_first,packed,4370834842,0.1,9074015,9074015,0.14545812581537124,0.03806661657901327,0.0020760370336592097,61194628,121877,17728,synthetic_trace,43708348416,43708348416,0.10000000000915157,6,0.451429626801675,-0.4285057389605712
