trace,l1_fraction,l2_multiplier,cell,seed,kind,arm,l1_capacity_bytes,l2_capacity_bytes,requested_tokens,l1_avoided_tokens,l2_avoided_tokens,avoided_prefill_tokens,l2_present_unusable_tokens
conversation_trace,0.0025,1.0,"l1=0.0025,l2x1",0,heap,lfu,464360509,464360509,58742117,2662942,1009859,3672801,0
conversation_trace,0.0025,1.0,"l1=0.0025,l2x1",0,heap,lru,464360509,464360509,58742117,2662942,83283,2746225,0
conversation_trace,0.0025,1.0,"l1=0.0025,l2x1",0,heap,lru_2hit,464360509,464360509,58742117,2662942,307657,2970599,0
conversation_trace,0.0025,1.0,"l1=0.0025,l2x1",0,heap,offline_next_use,464360509,464360509,58742117,2662942,4950408,7613350,669398
conversation_trace,0.0025,1.0,"l1=0.0025,l2x1",0,sampled,lfu_s,464360509,464360509,58742117,2662942,605696,3268638,365251
conversation_trace,0.0025,1.0,"l1=0.0025,l2x1",0,sampled,lru_2hit_s,464360509,464360509,58742117,2662942,241609,2904551,75264
conversation_trace,0.0025,1.0,"l1=0.0025,l2x1",0,sampled,lru_s,464360509,464360509,58742117,2662942,68643,2731585,32768
conversation_trace,0.0025,1.0,"l1=0.0025,l2x1",1,heap,lfu,464360509,464360509,58742117,2662942,1009859,3672801,0
conversation_trace,0.0025,1.0,"l1=0.0025,l2x1",1,heap,lru,464360509,464360509,58742117,2662942,83283,2746225,0
conversation_trace,0.0025,1.0,"l1=0.0025,l2x1",1,heap,lru_2hit,464360509,464360509,58742117,2662942,307657,2970599,0
conversation_trace,0.0025,1.0,"l1=0.0025,l2x1",1,heap,offline_next_use,464360509,464360509,58742117,2662942,4950408,7613350,669398
conversation_trace,0.0025,1.0,"l1=0.0025,l2x1",1,sampled,lfu_s,464360509,464360509,58742117,2662942,630467,3293409,327680
conversation_trace,0.0025,1.0,"l1=0.0025,l2x1",1,sampled,lru_2hit_s,464360509,464360509,58742117,2662942,226761,2889703,96768
conversation_trace,0.0025,1.0,"l1=0.0025,l2x1",1,sampled,lru_s,464360509,464360509,58742117,2662942,63515,2726457,41472
conversation_trace,0.0025,1.0,"l1=0.0025,l2x1",2,heap,lfu,464360509,464360509,58742117,2662942,1009859,3672801,0
conversation_trace,0.0025,1.0,"l1=0.0025,l2x1",2,heap,lru,464360509,464360509,58742117,2662942,83283,2746225,0
conversation_trace,0.0025,1.0,"l1=0.0025,l2x1",2,heap,lru_2hit,464360509,464360509,58742117,2662942,307657,2970599,0
conversation_trace,0.0025,1.0,"l1=0.0025,l2x1",2,heap,offline_next_use,464360509,464360509,58742117,2662942,4950408,7613350,669398
conversation_trace,0.0025,1.0,"l1=0.0025,l2x1",2,sampled,lfu_s,464360509,464360509,58742117,2662942,619520,3282462,346624
conversation_trace,0.0025,1.0,"l1=0.0025,l2x1",2,sampled,lru_2hit_s,464360509,464360509,58742117,2662942,225225,2888167,92160
conversation_trace,0.0025,1.0,"l1=0.0025,l2x1",2,sampled,lru_s,464360509,464360509,58742117,2662942,75291,2738233,29184
conversation_trace,0.0025,1.0,"l1=0.0025,l2x1",3,heap,lfu,464360509,464360509,58742117,2662942,1009859,3672801,0
conversation_trace,0.0025,1.0,"l1=0.0025,l2x1",3,heap,lru,464360509,464360509,58742117,2662942,83283,2746225,0
conversation_trace,0.0025,1.0,"l1=0.0025,l2x1",3,heap,lru_2hit,464360509,464360509,58742117,2662942,307657,2970599,0
conversation_trace,0.0025,1.0,"l1=0.0025,l2x1",3,heap,offline_next_use,464360509,464360509,58742117,2662942,4950408,7613350,669398
conversation_trace,0.0025,1.0,"l1=0.0025,l2x1",3,sampled,lfu_s,464360509,464360509,58742117,2662942,682179,3345121,284672
conversation_trace,0.0025,1.0,"l1=0.0025,l2x1",3,sampled,lru_2hit_s,464360509,464360509,58742117,2662942,242633,2905575,80384
conversation_trace,0.0025,1.0,"l1=0.0025,l2x1",3,sampled,lru_s,464360509,464360509,58742117,2662942,66075,2729017,38912
conversation_trace,0.0025,1.0,"l1=0.0025,l2x1",4,heap,lfu,464360509,464360509,58742117,2662942,1009859,3672801,0
conversation_trace,0.0025,1.0,"l1=0.0025,l2x1",4,heap,lru,464360509,464360509,58742117,2662942,83283,2746225,0
conversation_trace,0.0025,1.0,"l1=0.0025,l2x1",4,heap,lru_2hit,464360509,464360509,58742117,2662942,307657,2970599,0
conversation_trace,0.0025,1.0,"l1=0.0025,l2x1",4,heap,offline_next_use,464360509,464360509,58742117,2662942,4950408,7613350,669398
conversation_trace,0.0025,1.0,"l1=0.0025,l2x1",4,sampled,lfu_s,464360509,464360509,58742117,2662942,654336,3317278,313027
conversation_trace,0.0025,1.0,"l1=0.0025,l2x1",4,sampled,lru_2hit_s,464360509,464360509,58742117,2662942,237513,2900455,84992
conversation_trace,0.0025,1.0,"l1=0.0025,l2x1",4,sampled,lru_s,464360509,464360509,58742117,2662942,70171,2733113,33792
conversation_trace,0.01,4.0,"l1=0.01,l2x4",0,heap,lfu,1857442038,7429768151,58742117,3218284,6249588,9467872,0
conversation_trace,0.01,4.0,"l1=0.01,l2x4",0,heap,lru,1857442038,7429768151,58742117,3218284,9087254,12305538,0
conversation_trace,0.01,4.0,"l1=0.01,l2x4",0,heap,lru_2hit,1857442038,7429768151,58742117,3218284,9452081,12670365,0
conversation_trace,0.01,4.0,"l1=0.01,l2x4",0,heap,offline_next_use,1857442038,7429768151,58742117,3218284,20223573,23441857,32768
conversation_trace,0.01,4.0,"l1=0.01,l2x4",0,sampled,lfu_s,1857442038,7429768151,58742117,3218284,5595679,8813963,981737
conversation_trace,0.01,4.0,"l1=0.01,l2x4",0,sampled,lru_2hit_s,1857442038,7429768151,58742117,3218284,8815153,12033437,688640
conversation_trace,0.01,4.0,"l1=0.01,l2x4",0,sampled,lru_s,1857442038,7429768151,58742117,3218284,7713558,10931842,1382400
conversation_trace,0.01,4.0,"l1=0.01,l2x4",1,heap,lfu,1857442038,7429768151,58742117,3218284,6249588,9467872,0
conversation_trace,0.01,4.0,"l1=0.01,l2x4",1,heap,lru,1857442038,7429768151,58742117,3218284,9087254,12305538,0
conversation_trace,0.01,4.0,"l1=0.01,l2x4",1,heap,lru_2hit,1857442038,7429768151,58742117,3218284,9452081,12670365,0
conversation_trace,0.01,4.0,"l1=0.01,l2x4",1,heap,offline_next_use,1857442038,7429768151,58742117,3218284,20223573,23441857,32768
conversation_trace,0.01,4.0,"l1=0.01,l2x4",1,sampled,lfu_s,1857442038,7429768151,58742117,3218284,5695589,8913873,906359
conversation_trace,0.01,4.0,"l1=0.01,l2x4",1,sampled,lru_2hit_s,1857442038,7429768151,58742117,3218284,8763441,11981725,738816
conversation_trace,0.01,4.0,"l1=0.01,l2x4",1,sampled,lru_s,1857442038,7429768151,58742117,3218284,7640419,10858703,1463296
conversation_trace,0.01,4.0,"l1=0.01,l2x4",2,heap,lfu,1857442038,7429768151,58742117,3218284,6249588,9467872,0
conversation_trace,0.01,4.0,"l1=0.01,l2x4",2,heap,lru,1857442038,7429768151,58742117,3218284,9087254,12305538,0
conversation_trace,0.01,4.0,"l1=0.01,l2x4",2,heap,lru_2hit,1857442038,7429768151,58742117,3218284,9452081,12670365,0
conversation_trace,0.01,4.0,"l1=0.01,l2x4",2,heap,offline_next_use,1857442038,7429768151,58742117,3218284,20223573,23441857,32768
conversation_trace,0.01,4.0,"l1=0.01,l2x4",2,sampled,lfu_s,1857442038,7429768151,58742117,3218284,5677572,8895856,877687
conversation_trace,0.01,4.0,"l1=0.01,l2x4",2,sampled,lru_2hit_s,1857442038,7429768151,58742117,3218284,8897073,12115357,591360
conversation_trace,0.01,4.0,"l1=0.01,l2x4",2,sampled,lru_s,1857442038,7429768151,58742117,3218284,7848726,11067010,1225728
conversation_trace,0.01,4.0,"l1=0.01,l2x4",3,heap,lfu,1857442038,7429768151,58742117,3218284,6249588,9467872,0
conversation_trace,0.01,4.0,"l1=0.01,l2x4",3,heap,lru,1857442038,7429768151,58742117,3218284,9087254,12305538,0
conversation_trace,0.01,4.0,"l1=0.01,l2x4",3,heap,lru_2hit,1857442038,7429768151,58742117,3218284,9452081,12670365,0
conversation_trace,0.01,4.0,"l1=0.01,l2x4",3,heap,offline_next_use,1857442038,7429768151,58742117,3218284,20223573,23441857,32768
conversation_trace,0.01,4.0,"l1=0.01,l2x4",3,sampled,lfu_s,1857442038,7429768151,58742117,3218284,5674085,8892369,932964
conversation_trace,0.01,4.0,"l1=0.01,l2x4",3,sampled,lru_2hit_s,1857442038,7429768151,58742117,3218284,8802353,12020637,675840
conversation_trace,0.01,4.0,"l1=0.01,l2x4",3,sampled,lru_s,1857442038,7429768151,58742117,3218284,7889174,11107458,1210880
conversation_trace,0.01,4.0,"l1=0.01,l2x4",4,heap,lfu,1857442038,7429768151,58742117,3218284,6249588,9467872,0
conversation_trace,0.01,4.0,"l1=0.01,l2x4",4,heap,lru,1857442038,7429768151,58742117,3218284,9087254,12305538,0
conversation_trace,0.01,4.0,"l1=0.01,l2x4",4,heap,lru_2hit,1857442038,7429768151,58742117,3218284,9452081,12670365,0
conversation_trace,0.01,4.0,"l1=0.01,l2x4",4,heap,offline_next_use,1857442038,7429768151,58742117,3218284,20223573,23441857,32768
conversation_trace,0.01,4.0,"l1=0.01,l2x4",4,sampled,lfu_s,1857442038,7429768151,58742117,3218284,5681253,8899537,908919
conversation_trace,0.01,4.0,"l1=0.01,l2x4",4,sampled,lru_2hit_s,1857442038,7429768151,58742117,3218284,8798281,12016565,704488
conversation_trace,0.01,4.0,"l1=0.01,l2x4",4,sampled,lru_s,1857442038,7429768151,58742117,3218284,7693078,10911362,1413632
conversation_trace,0.02,4.0,"l1=0.02,l2x4",0,heap,lfu,3714884076,14859536302,58742117,4770907,7946303,12717210,0
conversation_trace,0.02,4.0,"l1=0.02,l2x4",0,heap,lru,3714884076,14859536302,58742117,4770907,12662905,17433812,0
conversation_trace,0.02,4.0,"l1=0.02,l2x4",0,heap,lru_2hit,3714884076,14859536302,58742117,4770907,10189260,14960167,0
conversation_trace,0.02,4.0,"l1=0.02,l2x4",0,heap,offline_next_use,3714884076,14859536302,58742117,4770907,18932582,23703489,0
conversation_trace,0.02,4.0,"l1=0.02,l2x4",0,sampled,lfu_s,3714884076,14859536302,58742117,4770907,7237431,12008338,1348434
conversation_trace,0.02,4.0,"l1=0.02,l2x4",0,sampled,lru_2hit_s,3714884076,14859536302,58742117,4770907,10009036,14779943,161280
conversation_trace,0.02,4.0,"l1=0.02,l2x4",0,sampled,lru_s,3714884076,14859536302,58742117,4770907,11580219,16351126,1030748
conversation_trace,0.02,4.0,"l1=0.02,l2x4",1,heap,lfu,3714884076,14859536302,58742117,4770907,7946303,12717210,0
conversation_trace,0.02,4.0,"l1=0.02,l2x4",1,heap,lru,3714884076,14859536302,58742117,4770907,12662905,17433812,0
conversation_trace,0.02,4.0,"l1=0.02,l2x4",1,heap,lru_2hit,3714884076,14859536302,58742117,4770907,10189260,14960167,0
conversation_trace,0.02,4.0,"l1=0.02,l2x4",1,heap,offline_next_use,3714884076,14859536302,58742117,4770907,18932582,23703489,0
conversation_trace,0.02,4.0,"l1=0.02,l2x4",1,sampled,lfu_s,3714884076,14859536302,58742117,4770907,7267658,12038565,1333031
conversation_trace,0.02,4.0,"l1=0.02,l2x4",1,sampled,lru_2hit_s,3714884076,14859536302,58742117,4770907,10012108,14783015,159744
conversation_trace,0.02,4.0,"l1=0.02,l2x4",1,sampled,lru_s,3714884076,14859536302,58742117,4770907,11513885,16284792,1092653
conversation_trace,0.02,4.0,"l1=0.02,l2x4",2,heap,lfu,3714884076,14859536302,58742117,4770907,7946303,12717210,0
conversation_trace,0.02,4.0,"l1=0.02,l2x4",2,heap,lru,3714884076,14859536302,58742117,4770907,12662905,17433812,0
conversation_trace,0.02,4.0,"l1=0.02,l2x4",2,heap,lru_2hit,3714884076,14859536302,58742117,4770907,10189260,14960167,0
conversation_trace,0.02,4.0,"l1=0.02,l2x4",2,heap,offline_next_use,3714884076,14859536302,58742117,4770907,18932582,23703489,0
conversation_trace,0.02,4.0,"l1=0.02,l2x4",2,sampled,lfu_s,3714884076,14859536302,58742117,4770907,7263654,12034561,1303586
conversation_trace,0.02,4.0,"l1=0.02,l2x4",2,sampled,lru_2hit_s,3714884076,14859536302,58742117,4770907,10015692,14786599,163840
conversation_trace,0.02,4.0,"l1=0.02,l2x4",2,sampled,lru_s,3714884076,14859536302,58742117,4770907,11589506,16360413,994233
conversation_trace,0.02,4.0,"l1=0.02,l2x4",3,heap,lfu,3714884076,14859536302,58742117,4770907,7946303,12717210,0
conversation_trace,0.02,4.0,"l1=0.02,l2x4",3,heap,lru,3714884076,14859536302,58742117,4770907,12662905,17433812,0
conversation_trace,0.02,4.0,"l1=0.02,l2x4",3,heap,lru_2hit,3714884076,14859536302,58742117,4770907,10189260,14960167,0
conversation_trace,0.02,4.0,"l1=0.02,l2x4",3,heap,offline_next_use,3714884076,14859536302,58742117,4770907,18932582,23703489,0
conversation_trace,0.02,4.0,"l1=0.02,l2x4",3,sampled,lfu_s,3714884076,14859536302,58742117,4770907,7281653,12052560,1302528
conversation_trace,0.02,4.0,"l1=0.02,l2x4",3,sampled,lru_2hit_s,3714884076,14859536302,58742117,4770907,9971148,14742055,200704
conversation_trace,0.02,4.0,"l1=0.02,l2x4",3,sampled,lru_s,3714884076,14859536302,58742117,4770907,11587838,16358745,1025736
conversation_trace,0.02,4.0,"l1=0.02,l2x4",4,heap,lfu,3714884076,14859536302,58742117,4770907,7946303,12717210,0
conversation_trace,0.02,4.0,"l1=0.02,l2x4",4,heap,lru,3714884076,14859536302,58742117,4770907,12662905,17433812,0
conversation_trace,0.02,4.0,"l1=0.02,l2x4",4,heap,lru_2hit,3714884076,14859536302,58742117,4770907,10189260,14960167,0
conversation_trace,0.02,4.0,"l1=0.02,l2x4",4,heap,offline_next_use,3714884076,14859536302,58742117,4770907,18932582,23703489,0
conversation_trace,0.02,4.0,"l1=0.02,l2x4",4,sampled,lfu_s,3714884076,14859536302,58742117,4770907,7264089,12034996,1318058
conversation_trace,0.02,4.0,"l1=0.02,l2x4",4,sampled,lru_2hit_s,3714884076,14859536302,58742117,4770907,9958860,14729767,212480
conversation_trace,0.02,4.0,"l1=0.02,l2x4",4,sampled,lru_s,3714884076,14859536302,58742117,4770907,11577730,16348637,1027739
toolagent_trace,0.0025,1.0,"l1=0.0025,l2x1",0,heap,lfu,446163482,446163482,83026370,29393272,1539314,30932586,0
toolagent_trace,0.0025,1.0,"l1=0.0025,l2x1",0,heap,lru,446163482,446163482,83026370,29393272,672806,30066078,0
toolagent_trace,0.0025,1.0,"l1=0.0025,l2x1",0,heap,lru_2hit,446163482,446163482,83026370,29393272,940895,30334167,0
toolagent_trace,0.0025,1.0,"l1=0.0025,l2x1",0,heap,offline_next_use,446163482,446163482,83026370,29393272,5427818,34821090,593622
toolagent_trace,0.0025,1.0,"l1=0.0025,l2x1",0,sampled,lfu_s,446163482,446163482,83026370,29393272,1170860,30564132,301598
toolagent_trace,0.0025,1.0,"l1=0.0025,l2x1",0,sampled,lru_2hit_s,446163482,446163482,83026370,29393272,857951,30251223,92672
toolagent_trace,0.0025,1.0,"l1=0.0025,l2x1",0,sampled,lru_s,446163482,446163482,83026370,29393272,641049,30034321,54395
toolagent_trace,0.0025,1.0,"l1=0.0025,l2x1",1,heap,lfu,446163482,446163482,83026370,29393272,1539314,30932586,0
toolagent_trace,0.0025,1.0,"l1=0.0025,l2x1",1,heap,lru,446163482,446163482,83026370,29393272,672806,30066078,0
toolagent_trace,0.0025,1.0,"l1=0.0025,l2x1",1,heap,lru_2hit,446163482,446163482,83026370,29393272,940895,30334167,0
toolagent_trace,0.0025,1.0,"l1=0.0025,l2x1",1,heap,offline_next_use,446163482,446163482,83026370,29393272,5427818,34821090,593622
toolagent_trace,0.0025,1.0,"l1=0.0025,l2x1",1,sampled,lfu_s,446163482,446163482,83026370,29393272,1171992,30565264,310348
toolagent_trace,0.0025,1.0,"l1=0.0025,l2x1",1,sampled,lru_2hit_s,446163482,446163482,83026370,29393272,849759,30243031,92160
toolagent_trace,0.0025,1.0,"l1=0.0025,l2x1",1,sampled,lru_s,446163482,446163482,83026370,29393272,647951,30041223,49414
toolagent_trace,0.0025,1.0,"l1=0.0025,l2x1",2,heap,lfu,446163482,446163482,83026370,29393272,1539314,30932586,0
toolagent_trace,0.0025,1.0,"l1=0.0025,l2x1",2,heap,lru,446163482,446163482,83026370,29393272,672806,30066078,0
toolagent_trace,0.0025,1.0,"l1=0.0025,l2x1",2,heap,lru_2hit,446163482,446163482,83026370,29393272,940895,30334167,0
toolagent_trace,0.0025,1.0,"l1=0.0025,l2x1",2,heap,offline_next_use,446163482,446163482,83026370,29393272,5427818,34821090,593622
toolagent_trace,0.0025,1.0,"l1=0.0025,l2x1",2,sampled,lfu_s,446163482,446163482,83026370,29393272,1181184,30574456,302319
toolagent_trace,0.0025,1.0,"l1=0.0025,l2x1",2,sampled,lru_2hit_s,446163482,446163482,83026370,29393272,842079,30235351,109056
toolagent_trace,0.0025,1.0,"l1=0.0025,l2x1",2,sampled,lru_s,446163482,446163482,83026370,29393272,646136,30039408,38019
toolagent_trace,0.0025,1.0,"l1=0.0025,l2x1",3,heap,lfu,446163482,446163482,83026370,29393272,1539314,30932586,0
toolagent_trace,0.0025,1.0,"l1=0.0025,l2x1",3,heap,lru,446163482,446163482,83026370,29393272,672806,30066078,0
toolagent_trace,0.0025,1.0,"l1=0.0025,l2x1",3,heap,lru_2hit,446163482,446163482,83026370,29393272,940895,30334167,0
toolagent_trace,0.0025,1.0,"l1=0.0025,l2x1",3,heap,offline_next_use,446163482,446163482,83026370,29393272,5427818,34821090,593622
toolagent_trace,0.0025,1.0,"l1=0.0025,l2x1",3,sampled,lfu_s,446163482,446163482,83026370,29393272,1173420,30566692,306741
toolagent_trace,0.0025,1.0,"l1=0.0025,l2x1",3,sampled,lru_2hit_s,446163482,446163482,83026370,29393272,854879,30248151,94720
toolagent_trace,0.0025,1.0,"l1=0.0025,l2x1",3,sampled,lru_s,446163482,446163482,83026370,29393272,658711,30051983,37499
toolagent_trace,0.0025,1.0,"l1=0.0025,l2x1",4,heap,lfu,446163482,446163482,83026370,29393272,1539314,30932586,0
toolagent_trace,0.0025,1.0,"l1=0.0025,l2x1",4,heap,lru,446163482,446163482,83026370,29393272,672806,30066078,0
toolagent_trace,0.0025,1.0,"l1=0.0025,l2x1",4,heap,lru_2hit,446163482,446163482,83026370,29393272,940895,30334167,0
toolagent_trace,0.0025,1.0,"l1=0.0025,l2x1",4,heap,offline_next_use,446163482,446163482,83026370,29393272,5427818,34821090,593622
toolagent_trace,0.0025,1.0,"l1=0.0025,l2x1",4,sampled,lfu_s,446163482,446163482,83026370,29393272,1164308,30557580,313737
toolagent_trace,0.0025,1.0,"l1=0.0025,l2x1",4,sampled,lru_2hit_s,446163482,446163482,83026370,29393272,862047,30255319,87040
toolagent_trace,0.0025,1.0,"l1=0.0025,l2x1",4,sampled,lru_s,446163482,446163482,83026370,29393272,645391,30038663,45699
toolagent_trace,0.01,4.0,"l1=0.01,l2x4",0,heap,lfu,1784653926,7138615706,83026370,30578881,6134304,36713185,0
toolagent_trace,0.01,4.0,"l1=0.01,l2x4",0,heap,lru,1784653926,7138615706,83026370,30578881,9266181,39845062,0
toolagent_trace,0.01,4.0,"l1=0.01,l2x4",0,heap,lru_2hit,1784653926,7138615706,83026370,30578881,9739394,40318275,0
toolagent_trace,0.01,4.0,"l1=0.01,l2x4",0,heap,offline_next_use,1784653926,7138615706,83026370,30578881,18575305,49154186,0
toolagent_trace,0.01,4.0,"l1=0.01,l2x4",0,sampled,lfu_s,1784653926,7138615706,83026370,30578881,5537867,36116748,996679
toolagent_trace,0.01,4.0,"l1=0.01,l2x4",0,sampled,lru_2hit_s,1784653926,7138615706,83026370,30578881,9113699,39692580,569856
toolagent_trace,0.01,4.0,"l1=0.01,l2x4",0,sampled,lru_s,1784653926,7138615706,83026370,30578881,8055378,38634259,1255347
toolagent_trace,0.01,4.0,"l1=0.01,l2x4",1,heap,lfu,1784653926,7138615706,83026370,30578881,6134304,36713185,0
toolagent_trace,0.01,4.0,"l1=0.01,l2x4",1,heap,lru,1784653926,7138615706,83026370,30578881,9266181,39845062,0
toolagent_trace,0.01,4.0,"l1=0.01,l2x4",1,heap,lru_2hit,1784653926,7138615706,83026370,30578881,9739394,40318275,0
toolagent_trace,0.01,4.0,"l1=0.01,l2x4",1,heap,offline_next_use,1784653926,7138615706,83026370,30578881,18575305,49154186,0
toolagent_trace,0.01,4.0,"l1=0.01,l2x4",1,sampled,lfu_s,1784653926,7138615706,83026370,30578881,5487002,36065883,1010432
toolagent_trace,0.01,4.0,"l1=0.01,l2x4",1,sampled,lru_2hit_s,1784653926,7138615706,83026370,30578881,9102978,39681859,593920
toolagent_trace,0.01,4.0,"l1=0.01,l2x4",1,sampled,lru_s,1784653926,7138615706,83026370,30578881,7763349,38342230,1501184
toolagent_trace,0.01,4.0,"l1=0.01,l2x4",2,heap,lfu,1784653926,7138615706,83026370,30578881,6134304,36713185,0
toolagent_trace,0.01,4.0,"l1=0.01,l2x4",2,heap,lru,1784653926,7138615706,83026370,30578881,9266181,39845062,0
toolagent_trace,0.01,4.0,"l1=0.01,l2x4",2,heap,lru_2hit,1784653926,7138615706,83026370,30578881,9739394,40318275,0
toolagent_trace,0.01,4.0,"l1=0.01,l2x4",2,heap,offline_next_use,1784653926,7138615706,83026370,30578881,18575305,49154186,0
toolagent_trace,0.01,4.0,"l1=0.01,l2x4",2,sampled,lfu_s,1784653926,7138615706,83026370,30578881,5599260,36178141,950656
toolagent_trace,0.01,4.0,"l1=0.01,l2x4",2,sampled,lru_2hit_s,1784653926,7138615706,83026370,30578881,8989314,39568195,699392
toolagent_trace,0.01,4.0,"l1=0.01,l2x4",2,sampled,lru_s,1784653926,7138615706,83026370,30578881,7933960,38512841,1370035
toolagent_trace,0.01,4.0,"l1=0.01,l2x4",3,heap,lfu,1784653926,7138615706,83026370,30578881,6134304,36713185,0
toolagent_trace,0.01,4.0,"l1=0.01,l2x4",3,heap,lru,1784653926,7138615706,83026370,30578881,9266181,39845062,0
toolagent_trace,0.01,4.0,"l1=0.01,l2x4",3,heap,lru_2hit,1784653926,7138615706,83026370,30578881,9739394,40318275,0
toolagent_trace,0.01,4.0,"l1=0.01,l2x4",3,heap,offline_next_use,1784653926,7138615706,83026370,30578881,18575305,49154186,0
toolagent_trace,0.01,4.0,"l1=0.01,l2x4",3,sampled,lfu_s,1784653926,7138615706,83026370,30578881,5592763,36171644,953866
toolagent_trace,0.01,4.0,"l1=0.01,l2x4",3,sampled,lru_2hit_s,1784653926,7138615706,83026370,30578881,9032170,39611051,652288
toolagent_trace,0.01,4.0,"l1=0.01,l2x4",3,sampled,lru_s,1784653926,7138615706,83026370,30578881,8022498,38601379,1289139
toolagent_trace,0.01,4.0,"l1=0.01,l2x4",4,heap,lfu,1784653926,7138615706,83026370,30578881,6134304,36713185,0
toolagent_trace,0.01,4.0,"l1=0.01,l2x4",4,heap,lru,1784653926,7138615706,83026370,30578881,9266181,39845062,0
toolagent_trace,0.01,4.0,"l1=0.01,l2x4",4,heap,lru_2hit,1784653926,7138615706,83026370,30578881,9739394,40318275,0
toolagent_trace,0.01,4.0,"l1=0.01,l2x4",4,heap,offline_next_use,1784653926,7138615706,83026370,30578881,18575305,49154186,0
toolagent_trace,0.01,4.0,"l1=0.01,l2x4",4,sampled,lfu_s,1784653926,7138615706,83026370,30578881,5546003,36124884,987105
toolagent_trace,0.01,4.0,"l1=0.01,l2x4",4,sampled,lru_2hit_s,1784653926,7138615706,83026370,30578881,8978050,39556931,701440
toolagent_trace,0.01,4.0,"l1=0.01,l2x4",4,sampled,lru_s,1784653926,7138615706,83026370,30578881,7929236,38508117,1388544
toolagent_trace,0.02,4.0,"l1=0.02,l2x4",0,heap,lfu,3569307853,14277231411,83026370,32176527,7948241,40124768,0
toolagent_trace,0.02,4.0,"l1=0.02,l2x4",0,heap,lru,3569307853,14277231411,83026370,32176527,12699089,44875616,0
toolagent_trace,0.02,4.0,"l1=0.02,l2x4",0,heap,lru_2hit,3569307853,14277231411,83026370,32176527,9899214,42075741,0
toolagent_trace,0.02,4.0,"l1=0.02,l2x4",0,heap,offline_next_use,3569307853,14277231411,83026370,32176527,16977659,49154186,0
toolagent_trace,0.02,4.0,"l1=0.02,l2x4",0,sampled,lfu_s,3569307853,14277231411,83026370,32176527,7258587,39435114,1465951
toolagent_trace,0.02,4.0,"l1=0.02,l2x4",0,sampled,lru_2hit_s,3569307853,14277231411,83026370,32176527,9788110,41964637,96768
toolagent_trace,0.02,4.0,"l1=0.02,l2x4",0,sampled,lru_s,3569307853,14277231411,83026370,32176527,11703496,43880023,1021175
toolagent_trace,0.02,4.0,"l1=0.02,l2x4",1,heap,lfu,3569307853,14277231411,83026370,32176527,7948241,40124768,0
toolagent_trace,0.02,4.0,"l1=0.02,l2x4",1,heap,lru,3569307853,14277231411,83026370,32176527,12699089,44875616,0
toolagent_trace,0.02,4.0,"l1=0.02,l2x4",1,heap,lru_2hit,3569307853,14277231411,83026370,32176527,9899214,42075741,0
toolagent_trace,0.02,4.0,"l1=0.02,l2x4",1,heap,offline_next_use,3569307853,14277231411,83026370,32176527,16977659,49154186,0
toolagent_trace,0.02,4.0,"l1=0.02,l2x4",1,sampled,lfu_s,3569307853,14277231411,83026370,32176527,7133217,39309744,1529125
toolagent_trace,0.02,4.0,"l1=0.02,l2x4",1,sampled,lru_2hit_s,3569307853,14277231411,83026370,32176527,9808590,41985117,80384
toolagent_trace,0.02,4.0,"l1=0.02,l2x4",1,sampled,lru_s,3569307853,14277231411,83026370,32176527,11583711,43760238,1119328
toolagent_trace,0.02,4.0,"l1=0.02,l2x4",2,heap,lfu,3569307853,14277231411,83026370,32176527,7948241,40124768,0
toolagent_trace,0.02,4.0,"l1=0.02,l2x4",2,heap,lru,3569307853,14277231411,83026370,32176527,12699089,44875616,0
toolagent_trace,0.02,4.0,"l1=0.02,l2x4",2,heap,lru_2hit,3569307853,14277231411,83026370,32176527,9899214,42075741,0
toolagent_trace,0.02,4.0,"l1=0.02,l2x4",2,heap,offline_next_use,3569307853,14277231411,83026370,32176527,16977659,49154186,0
toolagent_trace,0.02,4.0,"l1=0.02,l2x4",2,sampled,lfu_s,3569307853,14277231411,83026370,32176527,7120742,39297269,1565559
toolagent_trace,0.02,4.0,"l1=0.02,l2x4",2,sampled,lru_2hit_s,3569307853,14277231411,83026370,32176527,9806542,41983069,85504
toolagent_trace,0.02,4.0,"l1=0.02,l2x4",2,sampled,lru_s,3569307853,14277231411,83026370,32176527,11647711,43824238,1072661
toolagent_trace,0.02,4.0,"l1=0.02,l2x4",3,heap,lfu,3569307853,14277231411,83026370,32176527,7948241,40124768,0
toolagent_trace,0.02,4.0,"l1=0.02,l2x4",3,heap,lru,3569307853,14277231411,83026370,32176527,12699089,44875616,0
toolagent_trace,0.02,4.0,"l1=0.02,l2x4",3,heap,lru_2hit,3569307853,14277231411,83026370,32176527,9899214,42075741,0
toolagent_trace,0.02,4.0,"l1=0.02,l2x4",3,heap,offline_next_use,3569307853,14277231411,83026370,32176527,16977659,49154186,0
toolagent_trace,0.02,4.0,"l1=0.02,l2x4",3,sampled,lfu_s,3569307853,14277231411,83026370,32176527,7243173,39419700,1448505
toolagent_trace,0.02,4.0,"l1=0.02,l2x4",3,sampled,lru_2hit_s,3569307853,14277231411,83026370,32176527,9803982,41980509,85504
toolagent_trace,0.02,4.0,"l1=0.02,l2x4",3,sampled,lru_s,3569307853,14277231411,83026370,32176527,11759417,43935944,940057
toolagent_trace,0.02,4.0,"l1=0.02,l2x4",4,heap,lfu,3569307853,14277231411,83026370,32176527,7948241,40124768,0
toolagent_trace,0.02,4.0,"l1=0.02,l2x4",4,heap,lru,3569307853,14277231411,83026370,32176527,12699089,44875616,0
toolagent_trace,0.02,4.0,"l1=0.02,l2x4",4,heap,lru_2hit,3569307853,14277231411,83026370,32176527,9899214,42075741,0
toolagent_trace,0.02,4.0,"l1=0.02,l2x4",4,heap,offline_next_use,3569307853,14277231411,83026370,32176527,16977659,49154186,0
toolagent_trace,0.02,4.0,"l1=0.02,l2x4",4,sampled,lfu_s,3569307853,14277231411,83026370,32176527,7206265,39382792,1507449
toolagent_trace,0.02,4.0,"l1=0.02,l2x4",4,sampled,lru_2hit_s,3569307853,14277231411,83026370,32176527,9819342,41995869,71680
toolagent_trace,0.02,4.0,"l1=0.02,l2x4",4,sampled,lru_s,3569307853,14277231411,83026370,32176527,11694416,43870943,1023560
