trace,l1_fraction,l2_multiplier,cell,target,seed,left_variant,right_variant,comparison,measured_requests,requested_tokens,left_avoided_tokens,right_avoided_tokens,saved_requests,lost_requests,unchanged_requests,differing_requests,saved_tokens,lost_tokens,net_avoided_tokens,net_fraction_of_input,net_input_percentage_points,best_heap_arm,best_heap_avoided_tokens,left_delta_vs_best_heap_tokens,best_sampled_arm,best_sampled_avoided_tokens,left_delta_vs_best_sampled_tokens,offline_avoided_tokens
conversation_trace,0.0025,1.0,"l1=0.0025,l2x1",binary,0,direct_child,none,direct_child-none,5183,58742117,3126302,3216926,24,51,5108,75,19456,110080,-90624,-0.0015427431735223298,-0.154274317352233,lfu,3672801,-546499,lfu_s,3268638,-142336,7613350
conversation_trace,0.0025,1.0,"l1=0.0025,l2x1",binary,1,direct_child,none,direct_child-none,5183,58742117,3134494,3202590,15,47,5121,62,19456,87552,-68096,-0.0011592363959235586,-0.11592363959235585,lfu,3672801,-538307,lfu_s,3293409,-158915,7613350
conversation_trace,0.0025,1.0,"l1=0.0025,l2x1",binary,2,direct_child,none,direct_child-none,5183,58742117,3126302,3228190,20,53,5110,73,18944,120832,-101888,-0.0017344965623217155,-0.17344965623217154,lfu,3672801,-546499,lfu_s,3282462,-156160,7613350
conversation_trace,0.0025,1.0,"l1=0.0025,l2x1",binary,3,direct_child,none,direct_child-none,5183,58742117,3136542,3208222,17,51,5115,68,23552,95232,-71680,-0.0012202488378142721,-0.12202488378142722,lfu,3672801,-536259,lfu_s,3345121,-208579,7613350
conversation_trace,0.0025,1.0,"l1=0.0025,l2x1",binary,4,direct_child,none,direct_child-none,5183,58742117,3125790,3210782,17,62,5104,79,18432,103424,-84992,-0.001446866479122637,-0.1446866479122637,lfu,3672801,-547011,lfu_s,3317278,-191488,7613350
conversation_trace,0.0025,1.0,"l1=0.0025,l2x1",binary,0,all,none,all-none,5183,58742117,3100190,3216926,13,58,5112,71,8704,125440,-116736,-0.0019872623930118146,-0.19872623930118147,lfu,3672801,-572611,lfu_s,3268638,-168448,7613350
conversation_trace,0.0025,1.0,"l1=0.0025,l2x1",binary,1,all,none,all-none,5183,58742117,3082270,3202590,9,69,5105,78,8192,128512,-120320,-0.0020482748349025283,-0.20482748349025282,lfu,3672801,-590531,lfu_s,3293409,-211139,7613350
conversation_trace,0.0025,1.0,"l1=0.0025,l2x1",binary,2,all,none,all-none,5183,58742117,3110942,3228190,13,66,5104,79,10240,127488,-117248,-0.0019959784561390595,-0.19959784561390595,lfu,3672801,-561859,lfu_s,3282462,-171520,7613350
conversation_trace,0.0025,1.0,"l1=0.0025,l2x1",binary,3,all,none,all-none,5183,58742117,3111454,3208222,17,55,5111,72,18432,115200,-96768,-0.0016473359310492674,-0.16473359310492675,lfu,3672801,-561347,lfu_s,3345121,-233667,7613350
conversation_trace,0.0025,1.0,"l1=0.0025,l2x1",binary,4,all,none,all-none,5183,58742117,3100190,3210782,10,68,5105,78,11264,121856,-110592,-0.001882669635484877,-0.1882669635484877,lfu,3672801,-572611,lfu_s,3317278,-217088,7613350
conversation_trace,0.0025,1.0,"l1=0.0025,l2x1",binary,0,direct_child,all,direct_child-all,5183,58742117,3126302,3100190,42,25,5116,67,60928,34816,26112,0.00044451921948948485,0.04445192194894849,lfu,3672801,-546499,lfu_s,3268638,-142336,7613350
conversation_trace,0.0025,1.0,"l1=0.0025,l2x1",binary,1,direct_child,all,direct_child-all,5183,58742117,3134494,3082270,46,16,5121,62,70656,18432,52224,0.0008890384389789697,0.08890384389789698,lfu,3672801,-538307,lfu_s,3293409,-158915,7613350
conversation_trace,0.0025,1.0,"l1=0.0025,l2x1",binary,2,direct_child,all,direct_child-all,5183,58742117,3126302,3110942,47,23,5113,70,60416,45056,15360,0.000261481893817344,0.026148189381734403,lfu,3672801,-546499,lfu_s,3282462,-156160,7613350
conversation_trace,0.0025,1.0,"l1=0.0025,l2x1",binary,3,direct_child,all,direct_child-all,5183,58742117,3136542,3111454,34,28,5121,62,56320,31232,25088,0.0004270870932349953,0.04270870932349952,lfu,3672801,-536259,lfu_s,3345121,-208579,7613350
conversation_trace,0.0025,1.0,"l1=0.0025,l2x1",binary,4,direct_child,all,direct_child-all,5183,58742117,3125790,3100190,38,25,5120,63,59392,33792,25600,0.00043580315636224007,0.043580315636224005,lfu,3672801,-547011,lfu_s,3317278,-191488,7613350
conversation_trace,0.0025,1.0,"l1=0.0025,l2x1",next_use,0,direct_child,none,direct_child-none,5183,58742117,3388641,3456542,17,50,5116,67,16067,83968,-67901,-0.0011559168015684556,-0.11559168015684555,lfu,3672801,-284160,lfu_s,3268638,120003,7613350
conversation_trace,0.0025,1.0,"l1=0.0025,l2x1",next_use,1,direct_child,none,direct_child-none,5183,58742117,3360993,3479265,19,50,5114,69,16896,135168,-118272,-0.002013410582393549,-0.20134105823935491,lfu,3672801,-311808,lfu_s,3293409,67584,7613350
conversation_trace,0.0025,1.0,"l1=0.0025,l2x1",next_use,2,direct_child,none,direct_child-none,5183,58742117,3400929,3480801,16,45,5122,61,26624,106496,-79872,-0.001359705847850189,-0.1359705847850189,lfu,3672801,-271872,lfu_s,3282462,118467,7613350
conversation_trace,0.0025,1.0,"l1=0.0025,l2x1",next_use,3,direct_child,none,direct_child-none,5183,58742117,3395297,3485409,19,51,5113,70,14336,104448,-90112,-0.001534027110395085,-0.1534027110395085,lfu,3672801,-277504,lfu_s,3345121,50176,7613350
conversation_trace,0.0025,1.0,"l1=0.0025,l2x1",next_use,4,direct_child,none,direct_child-none,5183,58742117,3411681,3477729,19,52,5112,71,18432,84480,-66048,-0.0011243721434145793,-0.11243721434145794,lfu,3672801,-261120,lfu_s,3317278,94403,7613350
conversation_trace,0.0025,1.0,"l1=0.0025,l2x1",next_use,0,all,none,all-none,5183,58742117,3354849,3456542,12,57,5114,69,8387,110080,-101693,-0.0017311769679666125,-0.17311769679666125,lfu,3672801,-317952,lfu_s,3268638,86211,7613350
conversation_trace,0.0025,1.0,"l1=0.0025,l2x1",next_use,1,all,none,all-none,5183,58742117,3346657,3479265,18,51,5114,69,12288,144896,-132608,-0.0022574603499564035,-0.22574603499564036,lfu,3672801,-326144,lfu_s,3293409,53248,7613350
conversation_trace,0.0025,1.0,"l1=0.0025,l2x1",next_use,2,all,none,all-none,5183,58742117,3376353,3480801,14,50,5119,64,13824,118272,-104448,-0.0017780768779579394,-0.17780768779579395,lfu,3672801,-296448,lfu_s,3282462,93891,7613350
conversation_trace,0.0025,1.0,"l1=0.0025,l2x1",next_use,3,all,none,all-none,5183,58742117,3375841,3485409,14,57,5112,71,12800,122368,-109568,-0.0018652375092303875,-0.18652375092303874,lfu,3672801,-296960,lfu_s,3345121,30720,7613350
conversation_trace,0.0025,1.0,"l1=0.0025,l2x1",next_use,4,all,none,all-none,5183,58742117,3358945,3477729,8,67,5108,75,7680,126464,-118784,-0.002022126645520794,-0.2022126645520794,lfu,3672801,-313856,lfu_s,3317278,41667,7613350
conversation_trace,0.0025,1.0,"l1=0.0025,l2x1",next_use,0,direct_child,all,direct_child-all,5183,58742117,3388641,3354849,31,16,5136,47,57856,24064,33792,0.0005752601663981568,0.057526016639815686,lfu,3672801,-284160,lfu_s,3268638,120003,7613350
conversation_trace,0.0025,1.0,"l1=0.0025,l2x1",next_use,1,direct_child,all,direct_child-all,5183,58742117,3360993,3346657,41,23,5119,64,51200,36864,14336,0.00024404976756285443,0.024404976756285442,lfu,3672801,-311808,lfu_s,3293409,67584,7613350
conversation_trace,0.0025,1.0,"l1=0.0025,l2x1",next_use,2,direct_child,all,direct_child-all,5183,58742117,3400929,3376353,36,23,5124,59,62976,38400,24576,0.00041837103010775045,0.04183710301077505,lfu,3672801,-271872,lfu_s,3282462,118467,7613350
conversation_trace,0.0025,1.0,"l1=0.0025,l2x1",next_use,3,direct_child,all,direct_child-all,5183,58742117,3395297,3375841,34,24,5125,58,52224,32768,19456,0.0003312103988353024,0.03312103988353025,lfu,3672801,-277504,lfu_s,3345121,50176,7613350
conversation_trace,0.0025,1.0,"l1=0.0025,l2x1",next_use,4,direct_child,all,direct_child-all,5183,58742117,3411681,3358945,47,16,5120,63,70144,17408,52736,0.0008977545021062145,0.08977545021062146,lfu,3672801,-261120,lfu_s,3317278,94403,7613350
conversation_trace,0.01,4.0,"l1=0.01,l2x4",binary,0,direct_child,none,direct_child-none,5183,58742117,11720410,11727401,171,176,4836,347,286589,293580,-6991,-0.00011901171352064142,-0.011901171352064142,lru_2hit,12670365,-949955,lru_2hit_s,12033437,-313027,23441857
conversation_trace,0.01,4.0,"l1=0.01,l2x4",binary,1,direct_child,none,direct_child-none,5183,58742117,11691869,11700573,174,202,4807,376,290816,299520,-8704,-0.00014817307316316162,-0.014817307316316163,lru_2hit,12670365,-978496,lru_2hit_s,11981725,-289856,23441857
conversation_trace,0.01,4.0,"l1=0.01,l2x4",binary,2,direct_child,none,direct_child-none,5183,58742117,11656716,11686764,196,164,4823,360,281248,311296,-30048,-0.0005115239547801792,-0.05115239547801793,lru_2hit,12670365,-1013649,lru_2hit_s,12115357,-458641,23441857
conversation_trace,0.01,4.0,"l1=0.01,l2x4",binary,3,direct_child,none,direct_child-none,5183,58742117,11614758,11722779,174,184,4825,358,250042,358063,-108021,-0.0018389020606799037,-0.18389020606799036,lru_2hit,12670365,-1055607,lru_2hit_s,12020637,-405879,23441857
conversation_trace,0.01,4.0,"l1=0.01,l2x4",binary,4,direct_child,none,direct_child-none,5183,58742117,11603582,11700251,168,192,4823,360,291939,388608,-96669,-0.001645650598530523,-0.16456505985305228,lru_2hit,12670365,-1066783,lru_2hit_s,12016565,-412983,23441857
conversation_trace,0.01,4.0,"l1=0.01,l2x4",binary,0,all,none,all-none,5183,58742117,11651855,11727401,176,181,4826,357,275159,350705,-75546,-0.0012860619238492885,-0.12860619238492885,lru_2hit,12670365,-1018510,lru_2hit_s,12033437,-381582,23441857
conversation_trace,0.01,4.0,"l1=0.01,l2x4",binary,1,all,none,all-none,5183,58742117,11613648,11700573,170,208,4805,378,247908,334833,-86925,-0.0014797730221401452,-0.14797730221401453,lru_2hit,12670365,-1056717,lru_2hit_s,11981725,-368077,23441857
conversation_trace,0.01,4.0,"l1=0.01,l2x4",binary,2,all,none,all-none,5183,58742117,11614988,11686764,184,182,4817,366,298400,370176,-71776,-0.0012218830996506306,-0.12218830996506305,lru_2hit,12670365,-1055377,lru_2hit_s,12115357,-500369,23441857
conversation_trace,0.01,4.0,"l1=0.01,l2x4",binary,3,all,none,all-none,5183,58742117,11566837,11722779,158,185,4840,343,239834,395776,-155942,-0.0026546881175562673,-0.2654688117556267,lru_2hit,12670365,-1103528,lru_2hit_s,12020637,-453800,23441857
conversation_trace,0.01,4.0,"l1=0.01,l2x4",binary,4,all,none,all-none,5183,58742117,11582316,11700251,159,209,4815,368,253952,371887,-117935,-0.002007673642405499,-0.20076736424054992,lru_2hit,12670365,-1088049,lru_2hit_s,12016565,-434249,23441857
conversation_trace,0.01,4.0,"l1=0.01,l2x4",binary,0,direct_child,all,direct_child-all,5183,58742117,11720410,11651855,193,172,4818,365,335726,267171,68555,0.001167050210328647,0.11670502103286472,lru_2hit,12670365,-949955,lru_2hit_s,12033437,-313027,23441857
conversation_trace,0.01,4.0,"l1=0.01,l2x4",binary,1,direct_child,all,direct_child-all,5183,58742117,11691869,11613648,188,172,4823,360,311793,233572,78221,0.0013315999489769835,0.13315999489769836,lru_2hit,12670365,-978496,lru_2hit_s,11981725,-289856,23441857
conversation_trace,0.01,4.0,"l1=0.01,l2x4",binary,2,direct_child,all,direct_child-all,5183,58742117,11656716,11614988,193,173,4817,366,350705,308977,41728,0.0007103591448704513,0.07103591448704513,lru_2hit,12670365,-1013649,lru_2hit_s,12115357,-458641,23441857
conversation_trace,0.01,4.0,"l1=0.01,l2x4",binary,3,direct_child,all,direct_child-all,5183,58742117,11614758,11566837,180,197,4806,377,393283,345362,47921,0.0008157860568763635,0.08157860568763635,lru_2hit,12670365,-1055607,lru_2hit_s,12020637,-405879,23441857
conversation_trace,0.01,4.0,"l1=0.01,l2x4",binary,4,direct_child,all,direct_child-all,5183,58742117,11603582,11582316,194,157,4832,351,300306,279040,21266,0.00036202304387497646,0.03620230438749764,lru_2hit,12670365,-1066783,lru_2hit_s,12016565,-412983,23441857
conversation_trace,0.01,4.0,"l1=0.01,l2x4",next_use,0,direct_child,none,direct_child-none,5183,58742117,11794166,11777513,215,214,4754,429,458048,441395,16653,0.00028349335792579627,0.028349335792579623,lru_2hit,12670365,-876199,lru_2hit_s,12033437,-239271,23441857
conversation_trace,0.01,4.0,"l1=0.01,l2x4",next_use,1,direct_child,none,direct_child-none,5183,58742117,11711821,11887320,209,220,4754,429,318976,494475,-175499,-0.002987617896031905,-0.2987617896031905,lru_2hit,12670365,-958544,lru_2hit_s,11981725,-269904,23441857
conversation_trace,0.01,4.0,"l1=0.01,l2x4",next_use,2,direct_child,none,direct_child-none,5183,58742117,11750772,11732340,210,237,4736,447,490496,472064,18432,0.00031377827258081286,0.03137782725808128,lru_2hit,12670365,-919593,lru_2hit_s,12115357,-364585,23441857
conversation_trace,0.01,4.0,"l1=0.01,l2x4",next_use,3,direct_child,none,direct_child-none,5183,58742117,11773509,11780393,226,206,4751,432,448512,455396,-6884,-0.00011719019251553362,-0.011719019251553362,lru_2hit,12670365,-896856,lru_2hit_s,12020637,-247128,23441857
conversation_trace,0.01,4.0,"l1=0.01,l2x4",next_use,4,direct_child,none,direct_child-none,5183,58742117,11861395,11798449,223,199,4761,422,490496,427550,62946,0.0010715650578272486,0.10715650578272486,lru_2hit,12670365,-808970,lru_2hit_s,12016565,-155170,23441857
conversation_trace,0.01,4.0,"l1=0.01,l2x4",next_use,0,all,none,all-none,5183,58742117,11785482,11777513,212,212,4759,424,415145,407176,7969,0.0001356607559785426,0.013566075597854261,lru_2hit,12670365,-884883,lru_2hit_s,12033437,-247955,23441857
conversation_trace,0.01,4.0,"l1=0.01,l2x4",next_use,1,all,none,all-none,5183,58742117,11704180,11887320,218,227,4738,445,394396,577536,-183140,-0.0031176949240695564,-0.3117694924069556,lru_2hit,12670365,-966185,lru_2hit_s,11981725,-277545,23441857
conversation_trace,0.01,4.0,"l1=0.01,l2x4",next_use,2,all,none,all-none,5183,58742117,11695638,11732340,224,219,4740,443,463360,500062,-36702,-0.0006247987283127709,-0.06247987283127709,lru_2hit,12670365,-974727,lru_2hit_s,12115357,-419719,23441857
conversation_trace,0.01,4.0,"l1=0.01,l2x4",next_use,3,all,none,all-none,5183,58742117,11747297,11780393,207,218,4758,425,423521,456617,-33096,-0.0005634117680845585,-0.05634117680845585,lru_2hit,12670365,-923068,lru_2hit_s,12020637,-273340,23441857
conversation_trace,0.01,4.0,"l1=0.01,l2x4",next_use,4,all,none,all-none,5183,58742117,11829870,11798449,226,208,4749,434,417174,385753,31421,0.0005348973037522635,0.05348973037522635,lru_2hit,12670365,-840495,lru_2hit_s,12016565,-186695,23441857
conversation_trace,0.01,4.0,"l1=0.01,l2x4",next_use,0,direct_child,all,direct_child-all,5183,58742117,11794166,11785482,199,207,4777,406,414781,406097,8684,0.00014783260194725363,0.014783260194725362,lru_2hit,12670365,-876199,lru_2hit_s,12033437,-239271,23441857
conversation_trace,0.01,4.0,"l1=0.01,l2x4",next_use,1,direct_child,all,direct_child-all,5183,58742117,11711821,11704180,217,219,4747,436,451584,443943,7641,0.00013007702803765142,0.013007702803765142,lru_2hit,12670365,-958544,lru_2hit_s,11981725,-269904,23441857
conversation_trace,0.01,4.0,"l1=0.01,l2x4",next_use,2,direct_child,all,direct_child-all,5183,58742117,11750772,11695638,141,175,4867,316,324958,269824,55134,0.0009385770008935837,0.09385770008935837,lru_2hit,12670365,-919593,lru_2hit_s,12115357,-364585,23441857
conversation_trace,0.01,4.0,"l1=0.01,l2x4",next_use,3,direct_child,all,direct_child-all,5183,58742117,11773509,11747297,222,184,4777,406,424960,398748,26212,0.00044622157556902485,0.044622157556902485,lru_2hit,12670365,-896856,lru_2hit_s,12020637,-247128,23441857
conversation_trace,0.01,4.0,"l1=0.01,l2x4",next_use,4,direct_child,all,direct_child-all,5183,58742117,11861395,11829870,181,168,4834,349,412347,380822,31525,0.0005366677540749851,0.05366677540749851,lru_2hit,12670365,-808970,lru_2hit_s,12016565,-155170,23441857
conversation_trace,0.02,4.0,"l1=0.02,l2x4",binary,0,direct_child,none,direct_child-none,5183,58742117,10922465,10024939,490,145,4548,635,1181174,283648,897526,0.015279088426452182,1.5279088426452183,lru,17433812,-6511347,lru_s,16351126,-5428661,23703489
conversation_trace,0.02,4.0,"l1=0.02,l2x4",binary,1,direct_child,none,direct_child-none,5183,58742117,10661979,9916263,519,159,4505,678,1022976,277260,745716,0.012694741662102509,1.2694741662102509,lru,17433812,-6771833,lru_s,16284792,-5622813,23703489
conversation_trace,0.02,4.0,"l1=0.02,l2x4",binary,2,direct_child,none,direct_child-none,5183,58742117,10775643,9962987,513,135,4535,648,1057280,244624,812656,0.013834298821746584,1.3834298821746585,lru,17433812,-6658169,lru_s,16360413,-5584770,23703489
conversation_trace,0.02,4.0,"l1=0.02,l2x4",binary,3,direct_child,none,direct_child-none,5183,58742117,10728539,10055659,492,164,4527,656,934912,262032,672880,0.011454813588008754,1.1454813588008754,lru,17433812,-6705273,lru_s,16358745,-5630206,23703489
conversation_trace,0.02,4.0,"l1=0.02,l2x4",binary,4,direct_child,none,direct_child-none,5183,58742117,10729532,9976411,500,152,4531,652,1078241,325120,753121,0.012820801129792446,1.2820801129792445,lru,17433812,-6704280,lru_s,16348637,-5619105,23703489
conversation_trace,0.02,4.0,"l1=0.02,l2x4",binary,0,all,none,all-none,5183,58742117,10715812,10024939,497,172,4514,669,1010761,319888,690873,0.011761118517400386,1.1761118517400386,lru,17433812,-6718000,lru_s,16351126,-5635314,23703489
conversation_trace,0.02,4.0,"l1=0.02,l2x4",binary,1,all,none,all-none,5183,58742117,10770077,9916263,573,141,4469,714,1095346,241532,853814,0.014534954536963657,1.4534954536963658,lru,17433812,-6663735,lru_s,16284792,-5514715,23703489
conversation_trace,0.02,4.0,"l1=0.02,l2x4",binary,2,all,none,all-none,5183,58742117,10654373,9962987,536,169,4478,705,1013834,322448,691386,0.011769851604088426,1.1769851604088426,lru,17433812,-6779439,lru_s,16360413,-5706040,23703489
conversation_trace,0.02,4.0,"l1=0.02,l2x4",binary,3,all,none,all-none,5183,58742117,10799243,10055659,521,157,4505,678,990880,247296,743584,0.012658447430486715,1.2658447430486715,lru,17433812,-6634569,lru_s,16358745,-5559502,23703489
conversation_trace,0.02,4.0,"l1=0.02,l2x4",binary,4,all,none,all-none,5183,58742117,10822259,9976411,547,135,4501,682,1090584,244736,845848,0.014399344851667502,1.4399344851667502,lru,17433812,-6611553,lru_s,16348637,-5526378,23703489
conversation_trace,0.02,4.0,"l1=0.02,l2x4",binary,0,direct_child,all,direct_child-all,5183,58742117,10922465,10715812,369,333,4481,702,753981,547328,206653,0.0035179699090517966,0.3517969909051797,lru,17433812,-6511347,lru_s,16351126,-5428661,23703489
conversation_trace,0.02,4.0,"l1=0.02,l2x4",binary,1,direct_child,all,direct_child-all,5183,58742117,10661979,10770077,335,397,4451,732,589824,697922,-108098,-0.0018402128748611494,-0.18402128748611493,lru,17433812,-6771833,lru_s,16284792,-5622813,23703489
conversation_trace,0.02,4.0,"l1=0.02,l2x4",binary,2,direct_child,all,direct_child-all,5183,58742117,10775643,10654373,365,342,4476,707,678400,557130,121270,0.0020644472176581585,0.20644472176581583,lru,17433812,-6658169,lru_s,16360413,-5584770,23703489
conversation_trace,0.02,4.0,"l1=0.02,l2x4",binary,3,direct_child,all,direct_child-all,5183,58742117,10728539,10799243,328,380,4475,708,574464,645168,-70704,-0.0012036338424779617,-0.12036338424779618,lru,17433812,-6705273,lru_s,16358745,-5630206,23703489
conversation_trace,0.02,4.0,"l1=0.02,l2x4",binary,4,direct_child,all,direct_child-all,5183,58742117,10729532,10822259,338,384,4461,722,548945,641672,-92727,-0.001578543721875056,-0.15785437218750561,lru,17433812,-6704280,lru_s,16348637,-5619105,23703489
conversation_trace,0.02,4.0,"l1=0.02,l2x4",next_use,0,direct_child,none,direct_child-none,5183,58742117,9262299,8470235,610,171,4402,781,1097728,305664,792064,0.013483749657847707,1.3483749657847708,lru,17433812,-8171513,lru_s,16351126,-7088827,23703489
conversation_trace,0.02,4.0,"l1=0.02,l2x4",next_use,1,direct_child,none,direct_child-none,5183,58742117,9490083,8408803,608,166,4409,774,1267136,185856,1081280,0.018407235816850113,1.8407235816850114,lru,17433812,-7943729,lru_s,16284792,-6794709,23703489
conversation_trace,0.02,4.0,"l1=0.02,l2x4",next_use,2,direct_child,none,direct_child-none,5183,58742117,9327200,8438368,576,175,4432,751,1154048,265216,888832,0.015131085588896975,1.5131085588896975,lru,17433812,-8106612,lru_s,16360413,-7033213,23703489
conversation_trace,0.02,4.0,"l1=0.02,l2x4",next_use,3,direct_child,none,direct_child-none,5183,58742117,9445203,8488031,602,160,4421,762,1189376,232204,957172,0.016294475733654612,1.6294475733654612,lru,17433812,-7988609,lru_s,16358745,-6913542,23703489
conversation_trace,0.02,4.0,"l1=0.02,l2x4",next_use,4,direct_child,none,direct_child-none,5183,58742117,9344608,8481508,589,170,4424,759,1117052,253952,863100,0.014693035322509741,1.4693035322509742,lru,17433812,-8089204,lru_s,16348637,-7004029,23703489
conversation_trace,0.02,4.0,"l1=0.02,l2x4",next_use,0,all,none,all-none,5183,58742117,9344169,8470235,643,170,4370,813,1190854,316920,873934,0.014877468580167105,1.4877468580167106,lru,17433812,-8089643,lru_s,16351126,-7006957,23703489
conversation_trace,0.02,4.0,"l1=0.02,l2x4",next_use,1,all,none,all-none,5183,58742117,9280482,8408803,629,180,4374,809,1122047,250368,871679,0.014839080450573479,1.4839080450573479,lru,17433812,-8153330,lru_s,16284792,-7004310,23703489
conversation_trace,0.02,4.0,"l1=0.02,l2x4",next_use,2,all,none,all-none,5183,58742117,9431681,8438368,608,179,4396,787,1245598,252285,993313,0.016909724244361164,1.6909724244361162,lru,17433812,-8002131,lru_s,16360413,-6928732,23703489
conversation_trace,0.02,4.0,"l1=0.02,l2x4",next_use,3,all,none,all-none,5183,58742117,9364940,8488031,616,176,4391,792,1155949,279040,876909,0.01492811367353342,1.492811367353342,lru,17433812,-8068872,lru_s,16358745,-6993805,23703489
conversation_trace,0.02,4.0,"l1=0.02,l2x4",next_use,4,all,none,all-none,5183,58742117,9319966,8481508,623,176,4384,799,1102138,263680,838458,0.014273540737389494,1.4273540737389496,lru,17433812,-8113846,lru_s,16348637,-7028671,23703489
conversation_trace,0.02,4.0,"l1=0.02,l2x4",next_use,0,direct_child,all,direct_child-all,5183,58742117,9262299,9344169,394,406,4383,800,587256,669126,-81870,-0.0013937189223193981,-0.13937189223193983,lru,17433812,-8171513,lru_s,16351126,-7088827,23703489
conversation_trace,0.02,4.0,"l1=0.02,l2x4",next_use,1,direct_child,all,direct_child-all,5183,58742117,9490083,9280482,393,380,4410,773,747456,537855,209601,0.0035681553662766357,0.3568155366276636,lru,17433812,-7943729,lru_s,16284792,-6794709,23703489
conversation_trace,0.02,4.0,"l1=0.02,l2x4",next_use,2,direct_child,all,direct_child-all,5183,58742117,9327200,9431681,360,393,4430,753,578429,682910,-104481,-0.0017786386554641876,-0.17786386554641875,lru,17433812,-8106612,lru_s,16360413,-7033213,23703489
conversation_trace,0.02,4.0,"l1=0.02,l2x4",next_use,3,direct_child,all,direct_child-all,5183,58742117,9445203,9364940,396,414,4373,810,658432,578169,80263,0.0013663620601211904,0.13663620601211904,lru,17433812,-7988609,lru_s,16358745,-6913542,23703489
conversation_trace,0.02,4.0,"l1=0.02,l2x4",next_use,4,direct_child,all,direct_child-all,5183,58742117,9344608,9319966,369,415,4399,784,695164,670522,24642,0.00041949458512024687,0.04194945851202469,lru,17433812,-8089204,lru_s,16348637,-7004029,23703489
toolagent_trace,0.0025,1.0,"l1=0.0025,l2x1",binary,0,direct_child,none,direct_child-none,9997,83026370,30340580,30374372,20,35,9942,55,25088,58880,-33792,-0.00040700322078395093,-0.04070032207839509,lfu,30932586,-592006,lfu_s,30564132,-223552,34821090
toolagent_trace,0.0025,1.0,"l1=0.0025,l2x1",binary,1,direct_child,none,direct_child-none,9997,83026370,30332388,30372836,18,45,9934,63,24064,64512,-40448,-0.0004871705218474564,-0.04871705218474564,lfu,30932586,-600198,lfu_s,30565264,-232876,34821090
toolagent_trace,0.0025,1.0,"l1=0.0025,l2x1",binary,2,direct_child,none,direct_child-none,9997,83026370,30328292,30372836,15,49,9933,64,16384,60928,-44544,-0.0005365042455788444,-0.05365042455788444,lfu,30932586,-604294,lfu_s,30574456,-246164,34821090
toolagent_trace,0.0025,1.0,"l1=0.0025,l2x1",binary,3,direct_child,none,direct_child-none,9997,83026370,30344164,30394340,22,43,9932,65,16896,67072,-50176,-0.0006043381157095029,-0.06043381157095029,lfu,30932586,-588422,lfu_s,30566692,-222528,34821090
toolagent_trace,0.0025,1.0,"l1=0.0025,l2x1",binary,4,direct_child,none,direct_child-none,9997,83026370,30339044,30376420,21,43,9933,64,27136,64512,-37376,-0.0004501702290489154,-0.04501702290489154,lfu,30932586,-593542,lfu_s,30557580,-218536,34821090
toolagent_trace,0.0025,1.0,"l1=0.0025,l2x1",binary,0,all,none,all-none,9997,83026370,30326244,30374372,18,43,9936,61,22528,70656,-48128,-0.0005796712538438088,-0.05796712538438089,lfu,30932586,-606342,lfu_s,30564132,-237888,34821090
toolagent_trace,0.0025,1.0,"l1=0.0025,l2x1",binary,1,all,none,all-none,9997,83026370,30315408,30372836,18,43,9936,61,14764,72192,-57428,-0.000691683858995642,-0.0691683858995642,lfu,30932586,-617178,lfu_s,30565264,-249856,34821090
toolagent_trace,0.0025,1.0,"l1=0.0025,l2x1",binary,2,all,none,all-none,9997,83026370,30299155,30372836,12,50,9935,62,8751,82432,-73681,-0.000887440941956152,-0.0887440941956152,lfu,30932586,-633431,lfu_s,30574456,-275301,34821090
toolagent_trace,0.0025,1.0,"l1=0.0025,l2x1",binary,3,all,none,all-none,9997,83026370,30326648,30394340,12,46,9939,58,11264,78956,-67692,-0.0008153072331116006,-0.08153072331116006,lfu,30932586,-605938,lfu_s,30566692,-240044,34821090
toolagent_trace,0.0025,1.0,"l1=0.0025,l2x1",binary,4,all,none,all-none,9997,83026370,30324196,30376420,18,39,9940,57,14848,67072,-52224,-0.0006290049775751969,-0.06290049775751969,lfu,30932586,-608390,lfu_s,30557580,-233384,34821090
toolagent_trace,0.0025,1.0,"l1=0.0025,l2x1",binary,0,direct_child,all,direct_child-all,9997,83026370,30340580,30326244,31,17,9949,48,40448,26112,14336,0.00017266803305985797,0.017266803305985796,lfu,30932586,-592006,lfu_s,30564132,-223552,34821090
toolagent_trace,0.0025,1.0,"l1=0.0025,l2x1",binary,1,direct_child,all,direct_child-all,9997,83026370,30332388,30315408,32,27,9938,59,38400,21420,16980,0.00020451333714818556,0.020451333714818557,lfu,30932586,-600198,lfu_s,30565264,-232876,34821090
toolagent_trace,0.0025,1.0,"l1=0.0025,l2x1",binary,2,direct_child,all,direct_child-all,9997,83026370,30328292,30299155,30,28,9939,58,48640,19503,29137,0.0003509366963773076,0.03509366963773076,lfu,30932586,-604294,lfu_s,30574456,-246164,34821090
toolagent_trace,0.0025,1.0,"l1=0.0025,l2x1",binary,3,direct_child,all,direct_child-all,9997,83026370,30344164,30326648,34,17,9946,51,35948,18432,17516,0.00021096911740209768,0.021096911740209768,lfu,30932586,-588422,lfu_s,30566692,-222528,34821090
toolagent_trace,0.0025,1.0,"l1=0.0025,l2x1",binary,4,direct_child,all,direct_child-all,9997,83026370,30339044,30324196,31,26,9940,57,48640,33792,14848,0.00017883474852628146,0.01788347485262815,lfu,30932586,-593542,lfu_s,30557580,-218536,34821090
toolagent_trace,0.0025,1.0,"l1=0.0025,l2x1",next_use,0,direct_child,none,direct_child-none,9997,83026370,30552668,30633564,16,48,9933,64,14848,95744,-80896,-0.0009743410436949128,-0.09743410436949128,lfu,30932586,-379918,lfu_s,30564132,-11464,34821090
toolagent_trace,0.0025,1.0,"l1=0.0025,l2x1",next_use,1,direct_child,none,direct_child-none,9997,83026370,30554204,30669404,15,51,9931,66,11776,126976,-115200,-0.0013875109799452872,-0.13875109799452873,lfu,30932586,-378382,lfu_s,30565264,-11060,34821090
toolagent_trace,0.0025,1.0,"l1=0.0025,l2x1",next_use,2,direct_child,none,direct_child-none,9997,83026370,30538527,30628444,16,54,9927,70,17091,107008,-89917,-0.0010829932706921909,-0.10829932706921909,lfu,30932586,-394059,lfu_s,30574456,-35929,34821090
toolagent_trace,0.0025,1.0,"l1=0.0025,l2x1",next_use,3,direct_child,none,direct_child-none,9997,83026370,30586460,30642268,21,45,9931,66,25088,80896,-55808,-0.0006721719858401614,-0.06721719858401613,lfu,30932586,-346126,lfu_s,30566692,19768,34821090
toolagent_trace,0.0025,1.0,"l1=0.0025,l2x1",next_use,4,direct_child,none,direct_child-none,9997,83026370,30577756,30636636,18,46,9933,64,13824,72704,-58880,-0.0007091722786387024,-0.07091722786387024,lfu,30932586,-354830,lfu_s,30557580,20176,34821090
toolagent_trace,0.0025,1.0,"l1=0.0025,l2x1",next_use,0,all,none,all-none,9997,83026370,30544476,30633564,13,57,9927,70,20480,109568,-89088,-0.0010730084911576888,-0.10730084911576888,lfu,30932586,-388110,lfu_s,30564132,-19656,34821090
toolagent_trace,0.0025,1.0,"l1=0.0025,l2x1",next_use,1,all,none,all-none,9997,83026370,30543778,30669404,18,52,9927,70,15174,140800,-125626,-0.0015130855413767938,-0.15130855413767938,lfu,30932586,-388808,lfu_s,30565264,-21486,34821090
toolagent_trace,0.0025,1.0,"l1=0.0025,l2x1",next_use,2,all,none,all-none,9997,83026370,30551132,30628444,16,55,9926,71,14336,91648,-77312,-0.0009311740354299484,-0.09311740354299483,lfu,30932586,-381454,lfu_s,30574456,-23324,34821090
toolagent_trace,0.0025,1.0,"l1=0.0025,l2x1",next_use,3,all,none,all-none,9997,83026370,30542856,30642268,19,48,9930,67,17836,117248,-99412,-0.001197354527242369,-0.11973545272423688,lfu,30932586,-389730,lfu_s,30566692,-23836,34821090
toolagent_trace,0.0025,1.0,"l1=0.0025,l2x1",next_use,4,all,none,all-none,9997,83026370,30550108,30636636,15,51,9931,66,16896,103424,-86528,-0.0010421749138255713,-0.10421749138255713,lfu,30932586,-382478,lfu_s,30557580,-7472,34821090
toolagent_trace,0.0025,1.0,"l1=0.0025,l2x1",next_use,0,direct_child,all,direct_child-all,9997,83026370,30552668,30544476,38,24,9935,62,50176,41984,8192,9.866744746277599e-05,0.009866744746277599,lfu,30932586,-379918,lfu_s,30564132,-11464,34821090
toolagent_trace,0.0025,1.0,"l1=0.0025,l2x1",next_use,1,direct_child,all,direct_child-all,9997,83026370,30554204,30543778,30,37,9930,67,59904,49478,10426,0.00012557456143150663,0.012557456143150665,lfu,30932586,-378382,lfu_s,30565264,-11060,34821090
toolagent_trace,0.0025,1.0,"l1=0.0025,l2x1",next_use,2,direct_child,all,direct_child-all,9997,83026370,30538527,30551132,29,31,9937,60,39619,52224,-12605,-0.00015181923526224258,-0.015181923526224259,lfu,30932586,-394059,lfu_s,30574456,-35929,34821090
toolagent_trace,0.0025,1.0,"l1=0.0025,l2x1",next_use,3,direct_child,all,direct_child-all,9997,83026370,30586460,30542856,33,21,9943,54,60928,17324,43604,0.0005251825414022075,0.05251825414022075,lfu,30932586,-346126,lfu_s,30566692,19768,34821090
toolagent_trace,0.0025,1.0,"l1=0.0025,l2x1",next_use,4,direct_child,all,direct_child-all,9997,83026370,30577756,30550108,43,26,9928,69,65536,37888,27648,0.0003330026351868689,0.033300263518686896,lfu,30932586,-354830,lfu_s,30557580,20176,34821090
toolagent_trace,0.01,4.0,"l1=0.01,l2x4",binary,0,direct_child,none,direct_child-none,9997,83026370,38431591,38454454,196,173,9628,369,295089,317952,-22863,-0.000275370343181329,-0.0275370343181329,lru_2hit,40318275,-1886684,lru_2hit_s,39692580,-1260989,49154186
toolagent_trace,0.01,4.0,"l1=0.01,l2x4",binary,1,direct_child,none,direct_child-none,9997,83026370,38272729,38491152,196,196,9605,392,236544,454967,-218423,-0.002630766586567617,-0.2630766586567617,lru_2hit,40318275,-2045546,lru_2hit_s,39681859,-1409130,49154186
toolagent_trace,0.01,4.0,"l1=0.01,l2x4",binary,2,direct_child,none,direct_child-none,9997,83026370,38376207,38485620,184,191,9622,375,255647,365060,-109413,-0.0013178102330620983,-0.13178102330620983,lru_2hit,40318275,-1942068,lru_2hit_s,39568195,-1191988,49154186
toolagent_trace,0.01,4.0,"l1=0.01,l2x4",binary,3,direct_child,none,direct_child-none,9997,83026370,38326465,38438085,200,187,9610,387,289792,401412,-111620,-0.0013443921491449041,-0.13443921491449043,lru_2hit,40318275,-1991810,lru_2hit_s,39611051,-1284586,49154186
toolagent_trace,0.01,4.0,"l1=0.01,l2x4",binary,4,direct_child,none,direct_child-none,9997,83026370,38266392,38480605,175,202,9620,377,244027,458240,-214213,-0.002580059805095658,-0.2580059805095658,lru_2hit,40318275,-2051883,lru_2hit_s,39556931,-1290539,49154186
toolagent_trace,0.01,4.0,"l1=0.01,l2x4",binary,0,all,none,all-none,9997,83026370,38385457,38454454,218,182,9597,400,313467,382464,-68997,-0.0008310251309312933,-0.08310251309312933,lru_2hit,40318275,-1932818,lru_2hit_s,39692580,-1307123,49154186
toolagent_trace,0.01,4.0,"l1=0.01,l2x4",binary,1,all,none,all-none,9997,83026370,38375506,38491152,187,193,9617,380,222093,337739,-115646,-0.0013928827672461171,-0.13928827672461172,lru_2hit,40318275,-1942769,lru_2hit_s,39681859,-1306353,49154186
toolagent_trace,0.01,4.0,"l1=0.01,l2x4",binary,2,all,none,all-none,9997,83026370,38308957,38485620,171,212,9614,383,256916,433579,-176663,-0.0021277938563374504,-0.21277938563374504,lru_2hit,40318275,-2009318,lru_2hit_s,39568195,-1259238,49154186
toolagent_trace,0.01,4.0,"l1=0.01,l2x4",binary,3,all,none,all-none,9997,83026370,38334799,38438085,201,188,9608,389,323210,426496,-103286,-0.0012440144016894873,-0.12440144016894873,lru_2hit,40318275,-1983476,lru_2hit_s,39611051,-1276252,49154186
toolagent_trace,0.01,4.0,"l1=0.01,l2x4",binary,4,all,none,all-none,9997,83026370,38311943,38480605,186,213,9598,399,236866,405528,-168662,-0.0020314268828084377,-0.20314268828084378,lru_2hit,40318275,-2006332,lru_2hit_s,39556931,-1244988,49154186
toolagent_trace,0.01,4.0,"l1=0.01,l2x4",binary,0,direct_child,all,direct_child-all,9997,83026370,38431591,38385457,191,201,9605,392,371889,325755,46134,0.0005556547877499643,0.05556547877499642,lru_2hit,40318275,-1886684,lru_2hit_s,39692580,-1260989,49154186
toolagent_trace,0.01,4.0,"l1=0.01,l2x4",binary,1,direct_child,all,direct_child-all,9997,83026370,38272729,38375506,205,185,9607,390,309780,412557,-102777,-0.0012378838193215,-0.12378838193214999,lru_2hit,40318275,-2045546,lru_2hit_s,39681859,-1409130,49154186
toolagent_trace,0.01,4.0,"l1=0.01,l2x4",binary,2,direct_child,all,direct_child-all,9997,83026370,38376207,38308957,211,185,9601,396,371786,304536,67250,0.0008099836232753521,0.08099836232753521,lru_2hit,40318275,-1942068,lru_2hit_s,39568195,-1191988,49154186
toolagent_trace,0.01,4.0,"l1=0.01,l2x4",binary,3,direct_child,all,direct_child-all,9997,83026370,38326465,38334799,194,194,9609,388,334336,342670,-8334,-0.00010037774745541687,-0.010037774745541687,lru_2hit,40318275,-1991810,lru_2hit_s,39611051,-1284586,49154186
toolagent_trace,0.01,4.0,"l1=0.01,l2x4",binary,4,direct_child,all,direct_child-all,9997,83026370,38266392,38311943,198,202,9597,400,306712,352263,-45551,-0.0005486329222872203,-0.05486329222872203,lru_2hit,40318275,-2051883,lru_2hit_s,39556931,-1290539,49154186
toolagent_trace,0.01,4.0,"l1=0.01,l2x4",next_use,0,direct_child,none,direct_child-none,9997,83026370,39306556,39170918,221,218,9558,439,539898,404260,135638,0.0016336737352241222,0.1633673735224122,lru_2hit,40318275,-1011719,lru_2hit_s,39692580,-386024,49154186
toolagent_trace,0.01,4.0,"l1=0.01,l2x4",next_use,1,direct_child,none,direct_child-none,9997,83026370,39158736,39168218,218,219,9560,437,449536,459018,-9482,-0.00011420467979028832,-0.011420467979028832,lru_2hit,40318275,-1159539,lru_2hit_s,39681859,-523123,49154186
toolagent_trace,0.01,4.0,"l1=0.01,l2x4",next_use,2,direct_child,none,direct_child-none,9997,83026370,39201009,39209624,220,225,9552,445,425984,434599,-8615,-0.00010376221434226258,-0.010376221434226259,lru_2hit,40318275,-1117266,lru_2hit_s,39568195,-367186,49154186
toolagent_trace,0.01,4.0,"l1=0.01,l2x4",next_use,3,direct_child,none,direct_child-none,9997,83026370,39102938,39168370,227,218,9552,445,392192,457624,-65432,-0.0007880869656230906,-0.07880869656230906,lru_2hit,40318275,-1215337,lru_2hit_s,39611051,-508113,49154186
toolagent_trace,0.01,4.0,"l1=0.01,l2x4",next_use,4,direct_child,none,direct_child-none,9997,83026370,39195925,39205900,243,237,9517,480,460683,470658,-9975,-0.00012014255229995,-0.012014255229995,lru_2hit,40318275,-1122350,lru_2hit_s,39556931,-361006,49154186
toolagent_trace,0.01,4.0,"l1=0.01,l2x4",next_use,0,all,none,all-none,9997,83026370,39206695,39170918,206,231,9560,437,462703,426926,35777,0.00043091128758248736,0.043091128758248734,lru_2hit,40318275,-1111580,lru_2hit_s,39692580,-485885,49154186
toolagent_trace,0.01,4.0,"l1=0.01,l2x4",next_use,1,all,none,all-none,9997,83026370,39221478,39168218,220,223,9554,443,487966,434706,53260,0.0006414829409017882,0.06414829409017882,lru_2hit,40318275,-1096797,lru_2hit_s,39681859,-460381,49154186
toolagent_trace,0.01,4.0,"l1=0.01,l2x4",next_use,2,all,none,all-none,9997,83026370,39244473,39209624,224,221,9552,445,467456,432607,34849,0.00041973411579959474,0.04197341157995948,lru_2hit,40318275,-1073802,lru_2hit_s,39568195,-323722,49154186
toolagent_trace,0.01,4.0,"l1=0.01,l2x4",next_use,3,all,none,all-none,9997,83026370,39145217,39168370,233,219,9545,452,458535,481688,-23153,-0.00027886320936348295,-0.027886320936348297,lru_2hit,40318275,-1173058,lru_2hit_s,39611051,-465834,49154186
toolagent_trace,0.01,4.0,"l1=0.01,l2x4",next_use,4,all,none,all-none,9997,83026370,39173288,39205900,215,223,9559,438,440476,473088,-32612,-0.000392790868732428,-0.0392790868732428,lru_2hit,40318275,-1144987,lru_2hit_s,39556931,-383643,49154186
toolagent_trace,0.01,4.0,"l1=0.01,l2x4",next_use,0,direct_child,all,direct_child-all,9997,83026370,39306556,39206695,185,173,9639,358,417031,317170,99861,0.0012027624476416347,0.12027624476416349,lru_2hit,40318275,-1011719,lru_2hit_s,39692580,-386024,49154186
toolagent_trace,0.01,4.0,"l1=0.01,l2x4",next_use,1,direct_child,all,direct_child-all,9997,83026370,39158736,39221478,70,78,9849,148,125952,188694,-62742,-0.0007556876206920765,-0.07556876206920765,lru_2hit,40318275,-1159539,lru_2hit_s,39681859,-523123,49154186
toolagent_trace,0.01,4.0,"l1=0.01,l2x4",next_use,2,direct_child,all,direct_child-all,9997,83026370,39201009,39244473,69,66,9862,135,130560,174024,-43464,-0.0005234963301418574,-0.052349633014185736,lru_2hit,40318275,-1117266,lru_2hit_s,39568195,-367186,49154186
toolagent_trace,0.01,4.0,"l1=0.01,l2x4",next_use,3,direct_child,all,direct_child-all,9997,83026370,39102938,39145217,86,84,9827,170,159232,201511,-42279,-0.0005092237562596076,-0.05092237562596076,lru_2hit,40318275,-1215337,lru_2hit_s,39611051,-508113,49154186
toolagent_trace,0.01,4.0,"l1=0.01,l2x4",next_use,4,direct_child,all,direct_child-all,9997,83026370,39195925,39173288,212,210,9575,422,442763,420126,22637,0.000272648316432478,0.027264831643247802,lru_2hit,40318275,-1122350,lru_2hit_s,39556931,-361006,49154186
toolagent_trace,0.02,4.0,"l1=0.02,l2x4",binary,0,direct_child,none,direct_child-none,9997,83026370,36902359,36374819,451,192,9354,643,915124,387584,527540,0.006353884916322368,0.6353884916322369,lru,44875616,-7973257,lru_s,43880023,-6977664,49154186
toolagent_trace,0.02,4.0,"l1=0.02,l2x4",binary,1,direct_child,none,direct_child-none,9997,83026370,36826694,36364686,437,177,9383,614,826596,364588,462008,0.005564593514084742,0.5564593514084742,lru,44875616,-8048922,lru_s,43760238,-6933544,49154186
toolagent_trace,0.02,4.0,"l1=0.02,l2x4",binary,2,direct_child,none,direct_child-none,9997,83026370,37076044,36437881,450,178,9369,628,974551,336388,638163,0.00768626883242035,0.768626883242035,lru,44875616,-7799572,lru_s,43824238,-6748194,49154186
toolagent_trace,0.02,4.0,"l1=0.02,l2x4",binary,3,direct_child,none,direct_child-none,9997,83026370,36909014,36423085,438,180,9379,618,857641,371712,485929,0.005852706796647861,0.585270679664786,lru,44875616,-7966602,lru_s,43935944,-7026930,49154186
toolagent_trace,0.02,4.0,"l1=0.02,l2x4",binary,4,direct_child,none,direct_child-none,9997,83026370,36909571,36431722,465,180,9352,645,886896,409047,477849,0.005755388318193364,0.5755388318193364,lru,44875616,-7966045,lru_s,43870943,-6961372,49154186
toolagent_trace,0.02,4.0,"l1=0.02,l2x4",binary,0,all,none,all-none,9997,83026370,36908660,36374819,449,187,9361,636,914657,380816,533841,0.006429776467404271,0.6429776467404271,lru,44875616,-7966956,lru_s,43880023,-6971363,49154186
toolagent_trace,0.02,4.0,"l1=0.02,l2x4",binary,1,all,none,all-none,9997,83026370,37143092,36364686,485,173,9339,658,1045265,266859,778406,0.009375406873743847,0.9375406873743848,lru,44875616,-7732524,lru_s,43760238,-6617146,49154186
toolagent_trace,0.02,4.0,"l1=0.02,l2x4",binary,2,all,none,all-none,9997,83026370,37014628,36437881,476,181,9340,657,895809,319062,576747,0.006946552041237019,0.6946552041237019,lru,44875616,-7860988,lru_s,43824238,-6809610,49154186
toolagent_trace,0.02,4.0,"l1=0.02,l2x4",binary,3,all,none,all-none,9997,83026370,37004371,36423085,457,164,9376,621,946854,365568,581286,0.007001221419170801,0.7001221419170801,lru,44875616,-7871245,lru_s,43935944,-6931573,49154186
toolagent_trace,0.02,4.0,"l1=0.02,l2x4",binary,4,all,none,all-none,9997,83026370,37125661,36431722,470,169,9358,639,1021178,327239,693939,0.00835805539854386,0.835805539854386,lru,44875616,-7749955,lru_s,43870943,-6745282,49154186
toolagent_trace,0.02,4.0,"l1=0.02,l2x4",binary,0,direct_child,all,direct_child-all,9997,83026370,36902359,36908660,344,354,9299,698,637908,644209,-6301,-7.589155108190325e-05,-0.007589155108190326,lru,44875616,-7973257,lru_s,43880023,-6977664,49154186
toolagent_trace,0.02,4.0,"l1=0.02,l2x4",binary,1,direct_child,all,direct_child-all,9997,83026370,36826694,37143092,303,357,9337,660,439505,755903,-316398,-0.003810813359659106,-0.3810813359659106,lru,44875616,-8048922,lru_s,43760238,-6933544,49154186
toolagent_trace,0.02,4.0,"l1=0.02,l2x4",binary,2,direct_child,all,direct_child-all,9997,83026370,37076044,37014628,311,354,9332,665,641106,579690,61416,0.0007397167911833313,0.07397167911833313,lru,44875616,-7799572,lru_s,43824238,-6748194,49154186
toolagent_trace,0.02,4.0,"l1=0.02,l2x4",binary,3,direct_child,all,direct_child-all,9997,83026370,36909014,37004371,292,354,9351,646,541700,637057,-95357,-0.0011485146225229405,-0.11485146225229406,lru,44875616,-7966602,lru_s,43935944,-7026930,49154186
toolagent_trace,0.02,4.0,"l1=0.02,l2x4",binary,4,direct_child,all,direct_child-all,9997,83026370,36909571,37125661,299,336,9362,635,464466,680556,-216090,-0.0026026670803504957,-0.2602667080350496,lru,44875616,-7966045,lru_s,43870943,-6961372,49154186
toolagent_trace,0.02,4.0,"l1=0.02,l2x4",next_use,0,direct_child,none,direct_child-none,9997,83026370,36456907,35907540,514,233,9250,747,993129,443762,549367,0.006616777296177106,0.6616777296177107,lru,44875616,-8418709,lru_s,43880023,-7423116,49154186
toolagent_trace,0.02,4.0,"l1=0.02,l2x4",next_use,1,direct_child,none,direct_child-none,9997,83026370,36484463,35899206,511,198,9288,709,944023,358766,585257,0.007049049597134019,0.704904959713402,lru,44875616,-8391153,lru_s,43760238,-7275775,49154186
toolagent_trace,0.02,4.0,"l1=0.02,l2x4",next_use,2,direct_child,none,direct_child-none,9997,83026370,36389335,35987018,504,214,9279,718,947077,544760,402317,0.004845653254502154,0.4845653254502154,lru,44875616,-8486281,lru_s,43824238,-7434903,49154186
toolagent_trace,0.02,4.0,"l1=0.02,l2x4",next_use,3,direct_child,none,direct_child-none,9997,83026370,36543790,35915220,503,215,9279,718,1041004,412434,628570,0.007570727227987927,0.7570727227987927,lru,44875616,-8331826,lru_s,43935944,-7392154,49154186
toolagent_trace,0.02,4.0,"l1=0.02,l2x4",next_use,4,direct_child,none,direct_child-none,9997,83026370,36420704,35963494,514,228,9255,742,930678,473468,457210,0.0055068046453193124,0.5506804645319312,lru,44875616,-8454912,lru_s,43870943,-7450239,49154186
toolagent_trace,0.02,4.0,"l1=0.02,l2x4",next_use,0,all,none,all-none,9997,83026370,36421200,35907540,533,213,9251,746,971114,457454,513660,0.006186709114224794,0.6186709114224794,lru,44875616,-8454416,lru_s,43880023,-7458823,49154186
toolagent_trace,0.02,4.0,"l1=0.02,l2x4",next_use,1,all,none,all-none,9997,83026370,36359218,35899206,530,221,9246,751,947290,487278,460012,0.005540552959258606,0.5540552959258607,lru,44875616,-8516398,lru_s,43760238,-7401020,49154186
toolagent_trace,0.02,4.0,"l1=0.02,l2x4",next_use,2,all,none,all-none,9997,83026370,36396598,35987018,530,230,9237,760,985960,576380,409580,0.004933131485815892,0.4933131485815892,lru,44875616,-8479018,lru_s,43824238,-7427640,49154186
toolagent_trace,0.02,4.0,"l1=0.02,l2x4",next_use,3,all,none,all-none,9997,83026370,36477436,35915220,555,216,9226,771,1046954,484738,562216,0.006771535356778816,0.6771535356778816,lru,44875616,-8398180,lru_s,43935944,-7458508,49154186
toolagent_trace,0.02,4.0,"l1=0.02,l2x4",next_use,4,all,none,all-none,9997,83026370,36517483,35963494,514,227,9256,741,985093,431104,553989,0.006672446356500952,0.6672446356500953,lru,44875616,-8358133,lru_s,43870943,-7353460,49154186
toolagent_trace,0.02,4.0,"l1=0.02,l2x4",next_use,0,direct_child,all,direct_child-all,9997,83026370,36456907,36421200,349,407,9241,756,608490,572783,35707,0.00043006818195231224,0.04300681819523123,lru,44875616,-8418709,lru_s,43880023,-7423116,49154186
toolagent_trace,0.02,4.0,"l1=0.02,l2x4",next_use,1,direct_child,all,direct_child-all,9997,83026370,36484463,36359218,359,376,9262,735,722301,597056,125245,0.0015084966378754124,0.15084966378754122,lru,44875616,-8391153,lru_s,43760238,-7275775,49154186
toolagent_trace,0.02,4.0,"l1=0.02,l2x4",next_use,2,direct_child,all,direct_child-all,9997,83026370,36389335,36396598,367,407,9223,774,635629,642892,-7263,-8.747823131373804e-05,-0.008747823131373803,lru,44875616,-8486281,lru_s,43824238,-7434903,49154186
toolagent_trace,0.02,4.0,"l1=0.02,l2x4",next_use,3,direct_child,all,direct_child-all,9997,83026370,36543790,36477436,369,402,9226,771,695808,629454,66354,0.000799191871209111,0.0799191871209111,lru,44875616,-8331826,lru_s,43935944,-7392154,49154186
toolagent_trace,0.02,4.0,"l1=0.02,l2x4",next_use,4,direct_child,all,direct_child-all,9997,83026370,36420704,36517483,369,379,9249,748,564206,660985,-96779,-0.0011656417111816403,-0.11656417111816403,lru,44875616,-8454912,lru_s,43870943,-7450239,49154186
