trace,l1_fraction,l2_multiplier,cell,target,left_variant,right_variant,comparison,seeds,requested_tokens,measured_requests,best_heap_arm,best_heap_avoided_tokens,best_sampled_arm,offline_avoided_tokens,left_avoided_tokens_mean,left_avoided_tokens_std,left_avoided_tokens_ci95_half,left_avoided_tokens_seed_min,left_avoided_tokens_seed_max,right_avoided_tokens_mean,right_avoided_tokens_std,right_avoided_tokens_ci95_half,right_avoided_tokens_seed_min,right_avoided_tokens_seed_max,saved_requests_mean,saved_requests_std,saved_requests_ci95_half,saved_requests_seed_min,saved_requests_seed_max,lost_requests_mean,lost_requests_std,lost_requests_ci95_half,lost_requests_seed_min,lost_requests_seed_max,unchanged_requests_mean,unchanged_requests_std,unchanged_requests_ci95_half,unchanged_requests_seed_min,unchanged_requests_seed_max,differing_requests_mean,differing_requests_std,differing_requests_ci95_half,differing_requests_seed_min,differing_requests_seed_max,saved_tokens_mean,saved_tokens_std,saved_tokens_ci95_half,saved_tokens_seed_min,saved_tokens_seed_max,lost_tokens_mean,lost_tokens_std,lost_tokens_ci95_half,lost_tokens_seed_min,lost_tokens_seed_max,net_avoided_tokens_mean,net_avoided_tokens_std,net_avoided_tokens_ci95_half,net_avoided_tokens_seed_min,net_avoided_tokens_seed_max,net_fraction_of_input_mean,net_fraction_of_input_std,net_fraction_of_input_ci95_half,net_fraction_of_input_seed_min,net_fraction_of_input_seed_max,net_input_percentage_points_mean,net_input_percentage_points_std,net_input_percentage_points_ci95_half,net_input_percentage_points_seed_min,net_input_percentage_points_seed_max,left_delta_vs_best_heap_tokens_mean,left_delta_vs_best_heap_tokens_std,left_delta_vs_best_heap_tokens_ci95_half,left_delta_vs_best_heap_tokens_seed_min,left_delta_vs_best_heap_tokens_seed_max,left_delta_vs_best_sampled_tokens_mean,left_delta_vs_best_sampled_tokens_std,left_delta_vs_best_sampled_tokens_ci95_half,left_delta_vs_best_sampled_tokens_seed_min,left_delta_vs_best_sampled_tokens_seed_max,best_sampled_avoided_tokens_mean,best_sampled_avoided_tokens_std,best_sampled_avoided_tokens_ci95_half,best_sampled_avoided_tokens_seed_min,best_sampled_avoided_tokens_seed_max,all_seeds_positive,all_seeds_negative,mixed_or_zero_seed_sign
conversation_trace,0.0025,1.0,"l1=0.0025,l2x1",binary,all,none,all-none,5,58742117,5183,lfu,3672801,lfu_s,7613350,3101009.2,11834.844282879263,14692.544260665672,3082270.0,3111454.0,3213342.0,9768.337422509523,12127.048442957715,3202590.0,3228190.0,12.4,3.1304951684997055,3.8863999999999996,9.0,17.0,63.2,6.300793600809346,7.822214356561701,55.0,69.0,5107.4,3.7815340802378077,4.694641984219883,5104.0,5112.0,75.6,3.7815340802378072,4.694641984219882,71.0,79.0,11366.4,4134.221667980564,5132.4912595664255,8192.0,18432.0,123699.2,5389.392841498939,6690.742266578727,115200.0,128512.0,-112332.8,9389.303871959837,11656.491578446638,-120320.0,-96768.0,-0.001912304250117509,0.00015983938529079295,0.0001984349930467545,-0.0020482748349025283,-0.0016473359310492674,-0.19123042501175094,0.01598393852907929,0.019843499304675445,-0.20482748349025282,-0.16473359310492675,-571791.8,11834.844282879263,14692.544260665672,-590531.0,-561347.0,-200372.4,28963.294223896562,35956.914357960035,-233667.0,-168448.0,3301381.6,30246.84942766767,37550.40314341845,3268638.0,3345121.0,False,True,False
conversation_trace,0.0025,1.0,"l1=0.0025,l2x1",binary,direct_child,all,direct_child-all,5,58742117,5183,lfu,3672801,lfu_s,7613350,3129886.0,5196.232481327216,6450.940451413761,3125790.0,3136542.0,3101009.2,11834.844282879263,14692.544260665672,3082270.0,3111454.0,41.4,5.458937625582473,6.777079677855352,34.0,47.0,23.4,4.505552130427524,5.593485010259703,16.0,28.0,5118.2,3.5637059362410923,4.424215980261361,5113.0,5121.0,64.8,3.5637059362410923,4.424215980261361,62.0,70.0,61542.4,5399.112223319682,6702.808538358421,56320.0,70656.0,32665.6,9540.251401299653,11843.887644068873,18432.0,45056.0,28876.8,13788.873891656272,17118.40351384908,15360.0,52224.0,0.0004915859603766068,0.00023473573299471437,0.00029141618293819884,0.000261481893817344,0.0008890384389789697,0.04915859603766068,0.02347357329947144,0.029141618293819886,0.026148189381734403,0.08890384389789698,-542915.0,5196.232481327216,6450.940451413761,-547011.0,-536259.0,-171495.6,27470.934681950665,34104.20230710639,-208579.0,-142336.0,3301381.6,30246.84942766767,37550.40314341845,3268638.0,3345121.0,True,False,False
conversation_trace,0.0025,1.0,"l1=0.0025,l2x1",binary,direct_child,none,direct_child-none,5,58742117,5183,lfu,3672801,lfu_s,7613350,3129886.0,5196.232481327216,6450.940451413761,3125790.0,3136542.0,3213342.0,9768.337422509523,12127.048442957715,3202590.0,3228190.0,18.6,3.507135583350036,4.353985870441014,15.0,24.0,52.8,5.585696017507576,6.934445777421581,47.0,62.0,5111.6,6.580273550544841,8.169178915900911,5104.0,5121.0,71.4,6.580273550544841,8.169178915900911,62.0,79.0,19968.0,2048.0,2542.5201993889445,18432.0,23552.0,103424.0,12907.072169938463,16023.677591327849,87552.0,120832.0,-83456.0,13857.145449189742,17203.160259001714,-101888.0,-68096.0,-0.0014207182897409026,0.0002358979580049821,0.000292859044542125,-0.0017344965623217155,-0.0011592363959235586,-0.14207182897409026,0.023589795800498206,0.029285904454212492,-0.17344965623217154,-0.11592363959235585,-542915.0,5196.232481327216,6450.940451413761,-547011.0,-536259.0,-171495.6,27470.934681950665,34104.20230710639,-208579.0,-142336.0,3301381.6,30246.84942766767,37550.40314341845,3268638.0,3345121.0,False,True,False
conversation_trace,0.0025,1.0,"l1=0.0025,l2x1",next_use,all,none,all-none,5,58742117,5183,lfu,3672801,lfu_s,7613350,3362529.0,13153.518160553092,16329.631648552517,3346657.0,3376353.0,3475949.2,11223.072315547111,13933.050811270208,3456542.0,3485409.0,13.2,3.63318042491699,4.510466122253884,8.0,18.0,56.4,6.767569726275452,8.401700551674047,50.0,67.0,5113.4,3.9749213828703582,4.934725540493615,5108.0,5119.0,69.6,3.974921382870358,4.934725540493615,64.0,75.0,10995.8,2771.4617442786393,3440.672591143632,7680.0,13824.0,124416.0,12952.689296049683,16080.309654109027,110080.0,144896.0,-113420.2,12547.998414089796,15577.900112169798,-132608.0,-101693.0,-0.0019308156701264272,0.0002136116138628404,0.000265191329624191,-0.0022574603499564035,-0.0017311769679666125,-0.19308156701264273,0.021361161386284043,0.026519132962419107,-0.22574603499564036,-0.17311769679666125,-310272.0,13153.518160553092,16329.631648552517,-326144.0,-296448.0,61147.4,27694.947920153234,34382.306888678926,30720.0,93891.0,3301381.6,30246.84942766767,37550.40314341845,3268638.0,3345121.0,False,True,False
conversation_trace,0.0025,1.0,"l1=0.0025,l2x1",next_use,direct_child,all,direct_child-all,5,58742117,5183,lfu,3672801,lfu_s,7613350,3391508.2,19035.799200453865,23632.277333332946,3360993.0,3411681.0,3362529.0,13153.518160553092,16329.631648552517,3346657.0,3376353.0,37.8,6.300793600809346,7.822214356561701,31.0,47.0,20.4,4.03732584763727,5.012198495670337,16.0,24.0,5124.8,6.760177512462229,8.392523377387755,5119.0,5136.0,58.2,6.760177512462228,8.392523377387755,47.0,64.0,58880.0,7873.820927605606,9775.07263418391,51200.0,70144.0,29900.8,8931.428732291379,11088.055645143371,17408.0,38400.0,28979.2,15100.094410300884,18746.23781780766,14336.0,52736.0,0.0004933291730020557,0.00025705737521003686,0.0003191277191764754,0.00024404976756285443,0.0008977545021062145,0.04933291730020558,0.025705737521003687,0.03191277191764754,0.024404976756285442,0.08977545021062146,-281292.8,19035.799200453865,23632.277333332946,-311808.0,-261120.0,90126.6,30896.13406722595,38356.467260229925,50176.0,120003.0,3301381.6,30246.84942766767,37550.40314341845,3268638.0,3345121.0,True,False,False
conversation_trace,0.0025,1.0,"l1=0.0025,l2x1",next_use,direct_child,none,direct_child-none,5,58742117,5183,lfu,3672801,lfu_s,7613350,3391508.2,19035.799200453865,23632.277333332946,3360993.0,3411681.0,3475949.2,11223.072315547111,13933.050811270208,3456542.0,3485409.0,18.0,1.4142135623730951,1.755696556925484,16.0,19.0,49.6,2.701851217221259,3.354253562269853,45.0,52.0,5115.4,3.9749213828703582,4.934725540493615,5112.0,5122.0,67.6,3.974921382870358,4.934725540493615,61.0,71.0,18471.0,4791.424527215262,5948.385568502162,14336.0,26624.0,102912.0,20941.98920828678,25998.745399147672,83968.0,135168.0,-84441.0,21268.795287932975,26404.463689569333,-118272.0,-66048.0,-0.0014374864971243716,0.0003620706296290441,0.00044949799288931534,-0.002013410582393549,-0.0011243721434145793,-0.14374864971243714,0.03620706296290442,0.04494979928893155,-0.20134105823935491,-0.11243721434145794,-281292.8,19035.799200453865,23632.277333332946,-311808.0,-261120.0,90126.6,30896.13406722595,38356.467260229925,50176.0,120003.0,3301381.6,30246.84942766767,37550.40314341845,3268638.0,3345121.0,False,True,False
conversation_trace,0.01,4.0,"l1=0.01,l2x4",binary,all,none,all-none,5,58742117,5183,lru_2hit,12670365,lru_2hit_s,23441857,11605928.8,32926.448908134626,40877.03195462908,11566837.0,11651855.0,11707553.6,17029.359230458438,21141.352454146072,11686764.0,11727401.0,169.4,11.126544836560898,13.813215330255296,158.0,184.0,193.0,14.230249470757707,17.6663558211647,181.0,209.0,4820.6,13.164345787011218,16.34307376719569,4805.0,4840.0,362.4,13.164345787011218,16.34307376719569,343.0,378.0,263050.6,23702.778335039122,29426.16830980255,239834.0,298400.0,364675.4,23104.39357135348,28683.2946043937,334833.0,395776.0,-101624.8,35367.78064425304,43907.85971463413,-155942.0,-71776.0,-0.001730015961120366,0.0006020855639958132,0.0007474681192479688,-0.0026546881175562673,-0.0012218830996506306,-0.17300159611203658,0.0602085563995813,0.07474681192479685,-0.2654688117556267,-0.12218830996506305,-1064436.2,32926.448908134626,40877.03195462908,-1103528.0,-1018510.0,-427615.4,54052.33396718406,67104.07760531378,-500369.0,-368077.0,12033544.2,49581.91270211346,61554.20633274549,11981725.0,12115357.0,False,True,False
conversation_trace,0.01,4.0,"l1=0.01,l2x4",binary,direct_child,all,direct_child-all,5,58742117,5183,lru_2hit,12670365,lru_2hit_s,23441857,11657467.0,49682.83093786021,61679.492784343536,11603582.0,11720410.0,11605928.8,32926.448908134626,40877.03195462908,11566837.0,11651855.0,189.6,5.856620185738529,7.270788633979123,180.0,194.0,174.2,14.377065069060514,17.848622239265413,157.0,197.0,4819.2,9.47100839404126,11.757924878140699,4806.0,4832.0,363.8,9.47100839404126,11.757924878140699,351.0,377.0,338362.6,36502.68922011089,45316.80892292433,300306.0,393283.0,286824.4,42426.581942221084,52671.11405230827,233572.0,345362.0,51538.2,22512.627294476315,27948.63751832076,21266.0,78221.0,0.0008773636809854843,0.00038324507941169894,0.00047578532994173084,0.00036202304387497646,0.0013315999489769835,0.08773636809854846,0.03832450794116991,0.0475785329941731,0.03620230438749764,0.13315999489769836,-1012898.0,49682.83093786021,61679.492784343536,-1066783.0,-949955.0,-376077.2,71547.86767752063,88824.16933266775,-458641.0,-289856.0,12033544.2,49581.91270211346,61554.20633274549,11981725.0,12115357.0,True,False,False
conversation_trace,0.01,4.0,"l1=0.01,l2x4",binary,direct_child,none,direct_child-none,5,58742117,5183,lru_2hit,12670365,lru_2hit_s,23441857,11657467.0,49682.83093786021,61679.492784343536,11603582.0,11720410.0,11707553.6,17029.359230458438,21141.352454146072,11686764.0,11727401.0,176.6,11.1265448365609,13.813215330255296,168.0,196.0,183.6,14.587666023048376,18.110075940205217,164.0,202.0,4822.8,10.353743284435827,12.853809296858264,4807.0,4836.0,360.2,10.35374328443583,12.853809296858268,347.0,376.0,280126.8,17334.210212755585,21519.814260930278,250042.0,291939.0,330213.4,41314.30851170088,51290.26558339165,293580.0,388608.0,-50086.6,48727.842413757666,60493.90801250987,-108021.0,-6991.0,-0.0008526522801348817,0.0008295213877592744,0.0010298217208022972,-0.0018389020606799037,-0.00011901171352064142,-0.08526522801348817,0.08295213877592743,0.10298217208022968,-0.18389020606799036,-0.011901171352064142,-1012898.0,49682.83093786021,61679.492784343536,-1066783.0,-949955.0,-376077.2,71547.86767752063,88824.16933266775,-458641.0,-289856.0,12033544.2,49581.91270211346,61554.20633274549,11981725.0,12115357.0,False,True,False
conversation_trace,0.01,4.0,"l1=0.01,l2x4",next_use,all,none,all-none,5,58742117,5183,lru_2hit,12670365,lru_2hit_s,23441857,11752493.4,56278.56976505356,69867.87129900811,11695638.0,11829870.0,11795203.0,56965.136649533284,70720.22001581536,11732340.0,11887320.0,217.4,7.987490219086344,9.91618907443782,207.0,226.0,216.8,7.259476565152614,9.012385646431246,208.0,227.0,4748.8,9.782637681116478,12.144801712667027,4738.0,4759.0,434.2,9.78263768111648,12.144801712667029,424.0,445.0,422719.2,25212.293205894617,31300.17810005064,394396.0,463360.0,465428.8,76789.8959284358,95331.96362647602,385753.0,577536.0,-42709.6,83535.73510959247,103706.68646823394,-183140.0,31421.0,-0.0007270694721472161,0.0014220756652265777,0.001765457081981467,-0.0031176949240695564,0.0005348973037522635,-0.07270694721472158,0.14220756652265779,0.17654570819814672,-0.3117694924069556,0.05348973037522635,-917871.6,56278.56976505356,69867.87129900811,-974727.0,-840495.0,-281050.8,85584.7032664132,106250.40860037331,-419719.0,-186695.0,12033544.2,49581.91270211346,61554.20633274549,11981725.0,12115357.0,False,False,True
conversation_trace,0.01,4.0,"l1=0.01,l2x4",next_use,direct_child,all,direct_child-all,5,58742117,5183,lru_2hit,12670365,lru_2hit_s,23441857,11778332.6,55580.35978023172,69001.06808132032,11711821.0,11861395.0,11752493.4,56278.56976505356,69867.87129900811,11695638.0,11829870.0,192.0,32.77193921634788,40.68521358921445,141.0,222.0,190.6,21.64024029441448,26.86559964266571,168.0,219.0,4800.4,48.76269065586927,60.53717088335067,4747.0,4867.0,382.6,48.76269065586927,60.53717088335067,316.0,436.0,405726.0,47755.1133649581,59286.299001228,324958.0,451584.0,379886.8,65689.82179683546,81551.61074839567,269824.0,443943.0,25839.2,19468.744045263935,24169.76317959804,7641.0,55134.0,0.00043987519210449973,0.00033142734786463236,0.0004114554328983077,0.00013007702803765142,0.0009385770008935837,0.04398751921044997,0.03314273478646324,0.04114554328983078,0.013007702803765142,0.09385770008935837,-892032.4,55580.35978023172,69001.06808132032,-958544.0,-808970.0,-255211.6,75010.29311567848,93122.64912534083,-364585.0,-155170.0,12033544.2,49581.91270211346,61554.20633274549,11981725.0,12115357.0,True,False,False
conversation_trace,0.01,4.0,"l1=0.01,l2x4",next_use,direct_child,none,direct_child-none,5,58742117,5183,lru_2hit,12670365,lru_2hit_s,23441857,11778332.6,55580.35978023172,69001.06808132032,11711821.0,11861395.0,11795203.0,56965.136649533284,70720.22001581536,11732340.0,11887320.0,216.6,7.63544366752843,9.47913562304074,209.0,226.0,215.2,14.549914089093447,18.063208237741154,199.0,237.0,4751.2,9.257429448826494,11.492774105497766,4736.0,4761.0,431.8,9.257429448826493,11.492774105497764,422.0,447.0,441305.6,70950.97268395973,88083.14512463908,318976.0,490496.0,458176.0,26161.88153592933,32479.058720273923,427550.0,494475.0,-16870.4,92200.18495805743,114463.2971890907,-175499.0,62946.0,-0.0002871942800427162,0.0015695754539806154,0.0019485728985404235,-0.002987617896031905,0.0010715650578272486,-0.02871942800427162,0.15695754539806153,0.19485728985404235,-0.2987617896031905,0.10715650578272486,-892032.4,55580.35978023172,69001.06808132032,-958544.0,-808970.0,-255211.6,75010.29311567848,93122.64912534083,-364585.0,-155170.0,12033544.2,49581.91270211346,61554.20633274549,11981725.0,12115357.0,False,False,True
conversation_trace,0.02,4.0,"l1=0.02,l2x4",binary,all,none,all-none,5,58742117,5183,lru,17433812,lru_s,23703489,10752352.8,67703.37176389371,84051.36243966741,10654373.0,10822259.0,9987251.8,54418.70828308956,67558.91847383285,9916263.0,10055659.0,534.8,28.41126537132762,35.27158989101569,497.0,573.0,154.8,16.46815108019112,20.44463221092519,135.0,172.0,4493.4,19.034179782696178,23.63026688296177,4469.0,4514.0,689.6,19.03417978269618,23.630266882961774,669.0,714.0,1040281.0,48923.10048433153,60736.314061595695,990880.0,1095346.0,275180.0,42040.49114841547,52191.79586771409,241532.0,322448.0,765101.0,80306.83793426311,99698.12382662026,690873.0,853814.0,0.01302474338812134,0.0013671083378602631,0.0016972170721497877,0.011761118517400386,0.014534954536963657,1.3024743388121336,0.13671083378602633,0.16972170721497876,1.1761118517400386,1.4534954536963658,-6681459.2,67703.37176389371,84051.36243966741,-6779439.0,-6611553.0,-5588389.8,80856.96412307353,100381.0862032137,-5706040.0,-5514715.0,16340742.6,31668.664438210842,39315.536631748735,16284792.0,16360413.0,True,False,False
conversation_trace,0.02,4.0,"l1=0.02,l2x4",binary,direct_child,all,direct_child-all,5,58742117,5183,lru,17433812,lru_s,23703489,10763631.6,97595.91060490187,121161.90141148472,10661979.0,10922465.0,10752352.8,67703.37176389371,84051.36243966741,10654373.0,10822259.0,347.0,18.66815470259447,23.175859578449295,328.0,369.0,367.2,28.012497211066346,34.77653320042123,333.0,397.0,4468.8,12.41772926102031,15.416175525726215,4451.0,4481.0,714.2,12.417729261020309,15.416175525726215,702.0,732.0,629122.8,85115.02843035418,105667.32375768544,548945.0,753981.0,617844.0,64003.04034965839,79457.53071841413,547328.0,697922.0,11278.8,143229.141946393,177813.95827141142,-108098.0,206653.0,0.0001920053374991576,0.002438270005597398,0.0030270267289040915,-0.0018402128748611494,0.0035179699090517966,0.019200533749915753,0.24382700055973983,0.30270267289040914,-0.18402128748611493,0.3517969909051797,-6670180.4,97595.91060490187,121161.90141148472,-6771833.0,-6511347.0,-5577111.0,84804.64410337443,105281.99249747072,-5630206.0,-5428661.0,16340742.6,31668.664438210842,39315.536631748735,16284792.0,16360413.0,False,False,True
conversation_trace,0.02,4.0,"l1=0.02,l2x4",binary,direct_child,none,direct_child-none,5,58742117,5183,lru,17433812,lru_s,23703489,10763631.6,97595.91060490187,121161.90141148472,10661979.0,10922465.0,9987251.8,54418.70828308956,67558.91847383285,9916263.0,10055659.0,502.8,12.794530081249565,15.88396053382153,490.0,519.0,151.0,11.467344941179714,14.236306712065456,135.0,164.0,4529.2,15.658863304850708,19.439929810572877,4505.0,4548.0,653.8,15.658863304850705,19.43992981057287,635.0,678.0,1054916.6,89319.44119171369,110886.95479885986,934912.0,1181174.0,278536.8,30084.196568962914,37348.47532176552,244624.0,325120.0,776379.8,83943.1555708981,104212.48468723489,672880.0,897526.0,0.013216748725620495,0.0014290114122189038,0.0017740675687128343,0.011454813588008754,0.015279088426452182,1.3216748725620495,0.1429011412218904,0.17740675687128346,1.1454813588008754,1.5279088426452183,-6670180.4,97595.91060490187,121161.90141148472,-6771833.0,-6511347.0,-5577111.0,84804.64410337443,105281.99249747072,-5630206.0,-5428661.0,16340742.6,31668.664438210842,39315.536631748735,16284792.0,16360413.0,True,False,False
conversation_trace,0.02,4.0,"l1=0.02,l2x4",next_use,all,none,all-none,5,58742117,5183,lru,17433812,lru_s,23703489,9348247.6,56232.6170322883,69810.82259233194,9280482.0,9431681.0,8457389.0,33196.67106051448,41212.50328311938,8408803.0,8488031.0,623.8,13.292855223765885,16.50261372752813,608.0,643.0,176.2,3.898717737923585,4.840121386907562,170.0,180.0,4383.0,11.0,13.656114352186714,4370.0,4396.0,800.0,11.0,13.656114352186714,787.0,813.0,1163317.2,57071.92763259359,70852.79727731117,1102138.0,1245598.0,272458.6,27350.33582609179,33954.48305561987,250368.0,316920.0,890858.6,59354.05934137951,73685.9837847595,838458.0,993313.0,0.015165585537204934,0.0010104174376517545,0.0012543978247287135,0.014273540737389494,0.016909724244361164,1.516558553720493,0.10104174376517527,0.12543978247287113,1.4273540737389496,1.6909724244361162,-8085564.4,56232.6170322883,69810.82259233194,-8153330.0,-8002131.0,-6992495.0,37831.4780110426,46966.45362100317,-7028671.0,-6928732.0,16340742.6,31668.664438210842,39315.536631748735,16284792.0,16360413.0,True,False,False
conversation_trace,0.02,4.0,"l1=0.02,l2x4",next_use,direct_child,all,direct_child-all,5,58742117,5183,lru,17433812,lru_s,23703489,9373878.6,92298.8345988182,114585.76725954807,9262299.0,9490083.0,9348247.6,56232.6170322883,69810.82259233194,9280482.0,9431681.0,382.4,16.68232597691341,20.710522836471316,360.0,396.0,401.6,14.943225890014512,18.55149104950866,380.0,415.0,4399.0,22.438805672316875,27.856990562514103,4373.0,4430.0,784.0,22.438805672316875,27.856990562514103,753.0,810.0,653347.4,71783.96338876811,89117.27388092745,578429.0,747456.0,627716.4,65428.2505902458,81226.87926581132,537855.0,682910.0,25631.0,127785.16344826578,158640.8004147625,-104481.0,209601.0,0.0004363308867468974,0.002175358498711679,0.0027006313104916274,-0.0017786386554641876,0.0035681553662766357,0.04363308867468975,0.21753584987116786,0.2700631310491627,-0.17786386554641875,0.3568155366276636,-8059933.4,92298.8345988182,114585.76725954807,-8171513.0,-7943729.0,-6966864.0,115259.46827050696,143090.58898857085,-7088827.0,-6794709.0,16340742.6,31668.664438210842,39315.536631748735,16284792.0,16360413.0,False,False,True
conversation_trace,0.02,4.0,"l1=0.02,l2x4",next_use,direct_child,none,direct_child-none,5,58742117,5183,lru,17433812,lru_s,23703489,9373878.6,92298.8345988182,114585.76725954807,9262299.0,9490083.0,8457389.0,33196.67106051448,41212.50328311938,8408803.0,8488031.0,597.0,14.317821063276353,17.775072883113587,576.0,610.0,168.4,5.683308895353129,7.05562874306748,160.0,175.0,4417.6,12.0124934963562,14.913089531012679,4402.0,4432.0,765.4,12.0124934963562,14.913089531012679,751.0,781.0,1165068.0,67026.87472946952,83211.51508866635,1097728.0,1267136.0,248578.4,44064.36052866307,54704.35874867323,185856.0,305664.0,916489.6,109439.54468472538,135865.35789689614,792064.0,1081280.0,0.015601916423951829,0.0018630507423613172,0.0023129121801465902,0.013483749657847707,0.018407235816850113,1.5601916423951827,0.1863050742361317,0.23129121801465904,1.3483749657847708,1.8407235816850114,-8059933.4,92298.8345988182,114585.76725954807,-8171513.0,-7943729.0,-6966864.0,115259.46827050696,143090.58898857085,-7088827.0,-6794709.0,16340742.6,31668.664438210842,39315.536631748735,16284792.0,16360413.0,True,False,False
toolagent_trace,0.0025,1.0,"l1=0.0025,l2x1",binary,all,none,all-none,5,83026370,9997,lfu,30932586,lfu_s,34821090,30318330.2,11645.269262666277,14457.193519361432,30299155.0,30326648.0,30378160.8,9163.226680596743,11375.824671385219,30372836.0,30394340.0,15.6,3.286335345030997,4.079870115579661,12.0,18.0,44.2,4.08656334834051,5.073325126581185,39.0,50.0,9937.2,2.16794833886788,2.6914318568375455,9935.0,9940.0,59.8,2.16794833886788,2.6914318568375455,57.0,62.0,14431.0,5199.482570410252,6454.975323065829,8751.0,22528.0,74261.6,6280.262160133126,7796.725292771737,67072.0,82432.0,-59830.6,10656.205788178078,13229.305891253982,-73681.0,-48128.0,-0.0007206216530964802,0.0001283472442331043,0.00015933860400320989,-0.000887440941956152,-0.0005796712538438088,-0.07206216530964801,0.012834724423310425,0.015933860400320986,-0.0887440941956152,-0.05796712538438089,-614255.8,11645.26926266628,14457.193519361434,-633431.0,-605938.0,-247294.6,16774.082144785152,20824.43490201449,-275301.0,-233384.0,30565624.8,6045.792851231342,7505.639866004378,30557580.0,30574456.0,False,True,False
toolagent_trace,0.0025,1.0,"l1=0.0025,l2x1",binary,direct_child,all,direct_child-all,5,83026370,9997,lfu,30932586,lfu_s,34821090,30336893.6,6429.627423109367,7982.157030176099,30328292.0,30344164.0,30318330.2,11645.269262666277,14457.193519361432,30299155.0,30326648.0,31.6,1.51657508881031,1.882774803315574,30.0,34.0,23.0,5.522680508593631,6.8562142323588455,17.0,28.0,9942.4,4.8270073544588685,5.992560401030598,9938.0,9949.0,54.6,4.827007354458868,5.992560401030597,48.0,59.0,42415.2,5901.539053501214,7326.553833500757,35948.0,48640.0,23851.8,6287.209730874261,7805.350458272725,18432.0,33792.0,18563.4,6063.833919229648,7528.037219424419,14336.0,29137.0,0.00022358438650274607,7.303503596784549e-05,9.067043662663342e-05,0.00017266803305985797,0.0003509366963773076,0.022358438650274606,0.007303503596784549,0.009067043662663343,0.017266803305985796,0.03509366963773076,-595692.4,6429.627423109367,7982.157030176099,-604294.0,-588422.0,-228731.2,11071.673188818391,13745.094103322152,-246164.0,-218536.0,30565624.8,6045.792851231342,7505.639866004378,30557580.0,30574456.0,True,False,False
toolagent_trace,0.0025,1.0,"l1=0.0025,l2x1",binary,direct_child,none,direct_child-none,5,83026370,9997,lfu,30932586,lfu_s,34821090,30336893.6,6429.627423109367,7982.157030176099,30328292.0,30344164.0,30378160.8,9163.226680596743,11375.824671385219,30372836.0,30394340.0,19.2,2.7748873851023212,3.444925404127061,15.0,22.0,43.0,5.0990195135927845,6.330253960150413,35.0,49.0,9934.8,4.08656334834051,5.073325126581185,9932.0,9942.0,62.2,4.08656334834051,5.073325126581185,55.0,65.0,21913.6,4942.855530965881,6136.3818506553325,16384.0,27136.0,63180.8,3250.292786811674,4035.124543162532,58880.0,67072.0,-41267.2,6359.938616055975,7895.640819431683,-50176.0,-33792.0,-0.000497037266593734,7.660142935378214e-05,9.509798898147281e-05,-0.0006043381157095029,-0.00040700322078395093,-0.0497037266593734,0.007660142935378213,0.00950979889814728,-0.06043381157095029,-0.04070032207839509,-595692.4,6429.627423109367,7982.157030176099,-604294.0,-588422.0,-228731.2,11071.673188818391,13745.094103322152,-246164.0,-218536.0,30565624.8,6045.792851231342,7505.639866004378,30557580.0,30574456.0,False,True,False
toolagent_trace,0.0025,1.0,"l1=0.0025,l2x1",next_use,all,none,all-none,5,83026370,9997,lfu,30932586,lfu_s,34821090,30546470.0,3848.80448970846,4778.155839151669,30542856.0,30551132.0,30642063.2,16083.646949619357,19967.283813109178,30628444.0,30669404.0,16.2,2.3874672772626644,2.9639569227638916,13.0,19.0,52.6,3.5071355833500366,4.353985870441015,48.0,57.0,9928.2,2.16794833886788,2.6914318568375455,9926.0,9931.0,68.8,2.16794833886788,2.6914318568375455,66.0,71.0,16944.4,2410.177752780902,2992.151181915673,14336.0,20480.0,112537.6,18365.747597089532,22800.431759023,91648.0,140800.0,-95593.2,18542.18205066491,23019.468947540357,-125626.0,-77312.0,-0.0011513595018064744,0.00022332882975210054,0.00027725491247588397,-0.0015130855413767938,-0.0009311740354299484,-0.11513595018064741,0.022332882975210053,0.027725491247588392,-0.15130855413767938,-0.09311740354299483,-386116.0,3848.80448970846,4778.155839151669,-389730.0,-381454.0,-19154.8,6735.528427673659,8361.922402792352,-23836.0,-7472.0,30565624.8,6045.792851231342,7505.639866004378,30557580.0,30574456.0,False,True,False
toolagent_trace,0.0025,1.0,"l1=0.0025,l2x1",next_use,direct_child,all,direct_child-all,5,83026370,9997,lfu,30932586,lfu_s,34821090,30561923.0,19655.527594038274,24401.648406977096,30538527.0,30586460.0,30546470.0,3848.80448970846,4778.155839151669,30542856.0,30551132.0,34.6,5.856620185738529,7.270788633979123,29.0,43.0,27.8,6.300793600809346,7.822214356561701,21.0,37.0,9934.6,5.941380311005179,7.376015357901579,9928.0,9943.0,62.4,5.941380311005179,7.376015357901579,54.0,69.0,55232.6,10365.487436681404,12868.389250134182,39619.0,65536.0,39779.6,13798.67344348724,17130.569313885797,17324.0,52224.0,15453.0,21251.123734993405,26382.525076139926,-12605.0,43604.0,0.0001861215900442233,0.0002559563152645768,0.0003177607918561286,-0.00015181923526224258,0.0005251825414022075,0.01861215900442233,0.02559563152645768,0.03177607918561286,-0.015181923526224259,0.05251825414022075,-370663.0,19655.527594038274,24401.648406977096,-394059.0,-346126.0,-3701.8,23843.070905401426,29600.336617405264,-35929.0,20176.0,30565624.8,6045.792851231342,7505.639866004378,30557580.0,30574456.0,False,False,True
toolagent_trace,0.0025,1.0,"l1=0.0025,l2x1",next_use,direct_child,none,direct_child-none,5,83026370,9997,lfu,30932586,lfu_s,34821090,30561923.0,19655.527594038274,24401.648406977096,30538527.0,30586460.0,30642063.2,16083.646949619357,19967.283813109178,30628444.0,30669404.0,17.2,2.3874672772626644,2.9639569227638916,15.0,21.0,48.8,3.7013511046643495,4.595097631171725,45.0,54.0,9931.0,2.449489742783178,3.040955639268682,9927.0,9933.0,66.0,2.449489742783178,3.040955639268682,64.0,70.0,16525.4,5155.241391050472,6400.051449937396,11776.0,25088.0,96665.6,21502.171350819433,26694.19188973666,72704.0,126976.0,-80140.2,24338.234779868486,30215.065207659263,-115200.0,-55808.0,-0.000965237911762251,0.00029313861102043225,0.0003639213084669275,-0.0013875109799452872,-0.0006721719858401614,-0.09652379117622509,0.029313861102043228,0.036392130846692766,-0.13875109799452873,-0.06721719858401613,-370663.0,19655.527594038274,24401.648406977096,-394059.0,-346126.0,-3701.8,23843.070905401426,29600.336617405264,-35929.0,20176.0,30565624.8,6045.792851231342,7505.639866004378,30557580.0,30574456.0,False,True,False
toolagent_trace,0.01,4.0,"l1=0.01,l2x4",binary,all,none,all-none,5,83026370,9997,lru_2hit,40318275,lru_2hit_s,49154186,38343332.4,35529.578998350094,44108.726698774575,38308957.0,38385457.0,38469983.2,22716.191685667738,28201.355573242883,38438085.0,38491152.0,192.6,17.728508115461945,22.00932128349259,171.0,218.0,197.6,14.152738250953417,17.57012835923517,182.0,213.0,9606.8,9.093954035511725,11.289825111134359,9597.0,9617.0,390.2,9.093954035511725,11.289825111134359,380.0,400.0,270510.4,45506.909665456296,56495.23292782746,222093.0,323210.0,397161.2,38742.08154836288,48096.93598783513,337739.0,433579.0,-126650.8,45434.406650687095,56405.22297686686,-176663.0,-68997.0,-0.001525428607802557,0.000547228629297982,0.0006793651580439667,-0.0021277938563374504,-0.0008310251309312933,-0.15254286078025572,0.05472286292979821,0.06793651580439669,-0.21277938563374504,-0.08310251309312933,-1974942.6,35529.578998350094,44108.726698774575,-2009318.0,-1932818.0,-1278790.8,27810.857622518586,34526.20472049976,-1307123.0,-1244988.0,39622123.2,62875.65859853876,78057.92579915428,39556931.0,39692580.0,False,True,False
toolagent_trace,0.01,4.0,"l1=0.01,l2x4",binary,direct_child,all,direct_child-all,5,83026370,9997,lru_2hit,40318275,lru_2hit_s,49154186,38334676.8,70151.43827606102,87090.55118802338,38266392.0,38431591.0,38343332.4,35529.578998350094,44108.726698774575,38308957.0,38385457.0,199.8,8.167006795638168,10.139052610574618,191.0,211.0,193.4,8.264381404557755,10.259939773702378,185.0,202.0,9603.8,4.8166378315169185,5.979687001842153,9597.0,9609.0,393.2,4.8166378315169185,5.979687001842153,388.0,400.0,338900.6,31916.433679219237,39623.133457945565,306712.0,371889.0,347556.2,40611.460349265944,50417.70423080658,304536.0,412557.0,-8655.6,68890.8054191559,85525.51969256702,-102777.0,67250.0,-0.00010425121560776415,0.0008297460845169541,0.001030100673949337,-0.0012378838193215,0.0008099836232753521,-0.010425121560776416,0.08297460845169541,0.10301006739493371,-0.12378838193214999,0.08099836232753521,-1983598.2,70151.43827606103,87090.5511880234,-2051883.0,-1886684.0,-1287446.4,78480.80134211169,97431.16341628417,-1409130.0,-1191988.0,39622123.2,62875.65859853876,78057.92579915428,39556931.0,39692580.0,False,False,True
toolagent_trace,0.01,4.0,"l1=0.01,l2x4",binary,direct_child,none,direct_child-none,5,83026370,9997,lru_2hit,40318275,lru_2hit_s,49154186,38334676.8,70151.43827606102,87090.55118802338,38266392.0,38431591.0,38469983.2,22716.191685667738,28201.355573242883,38438085.0,38491152.0,190.2,10.401922899156673,12.91362259941028,175.0,200.0,189.8,10.940749517286282,13.582556955153914,173.0,202.0,9617.0,9.327379053088816,11.579614086833809,9605.0,9628.0,380.0,9.327379053088816,11.579614086833809,369.0,392.0,264219.8,26711.593451158995,33161.506790740816,236544.0,295089.0,399526.2,59930.83076514124,74402.02528639257,317952.0,458240.0,-135306.4,82173.068324117,102014.98342765396,-218423.0,-22863.0,-0.0016296798234103215,0.0009897225221832172,0.0012287058127153333,-0.002630766586567617,-0.000275370343181329,-0.16296798234103213,0.09897225221832172,0.12287058127153333,-0.2630766586567617,-0.0275370343181329,-1983598.2,70151.43827606103,87090.5511880234,-2051883.0,-1886684.0,-1287446.4,78480.80134211169,97431.16341628417,-1409130.0,-1191988.0,39622123.2,62875.65859853876,78057.92579915428,39556931.0,39692580.0,False,True,False
toolagent_trace,0.01,4.0,"l1=0.01,l2x4",next_use,all,none,all-none,5,83026370,9997,lru_2hit,40318275,lru_2hit_s,49154186,39198230.2,39316.09820035554,48809.55753689614,39145217.0,39244473.0,39184606.0,21206.54582905948,26327.18316877495,39168218.0,39209624.0,219.6,10.064790112068906,12.495084063742828,206.0,233.0,223.4,4.560701700396552,5.6619512678934285,219.0,231.0,9554.0,6.041522986797286,7.500338979006215,9545.0,9560.0,443.0,6.041522986797286,7.500338979006215,437.0,452.0,463427.2,17099.704696280576,21228.68388373016,440476.0,487966.0,449803.0,25523.633185735922,31686.695769788857,426926.0,481688.0,13624.2,38738.17224263427,48092.082721828985,-32612.0,53260.0,0.00016409485323759182,0.0004665767302922465,0.0005792386529945725,-0.000392790868732428,0.0006414829409017882,0.016409485323759188,0.04665767302922465,0.05792386529945724,-0.0392790868732428,0.06414829409017882,-1120044.8,39316.09820035553,48809.55753689613,-1173058.0,-1073802.0,-423893.0,68168.39705831435,84628.67503941902,-485885.0,-323722.0,39622123.2,62875.65859853876,78057.92579915428,39556931.0,39692580.0,False,False,True
toolagent_trace,0.01,4.0,"l1=0.01,l2x4",next_use,direct_child,all,direct_child-all,5,83026370,9997,lru_2hit,40318275,lru_2hit_s,49154186,39193032.8,74586.93753399451,92597.06801305785,39102938.0,39306556.0,39198230.2,39316.09820035554,48809.55753689614,39145217.0,39244473.0,124.4,68.64619435919226,85.22184363741492,69.0,212.0,122.2,64.92457161968802,80.60157948229053,66.0,210.0,9750.4,133.4346281892373,165.65441282670375,9575.0,9862.0,246.6,133.4346281892373,165.65441282670375,135.0,422.0,255107.6,160327.11948482078,199040.49794921957,125952.0,442763.0,260305.0,105836.73864022833,131392.60050304147,174024.0,420126.0,-5197.4,67012.64798006418,83193.85307805368,-62742.0,99861.0,-6.259938860388575e-05,0.0008071248686419047,0.00100201722751523,-0.0007556876206920765,0.0012027624476416347,-0.0062599388603885725,0.08071248686419047,0.100201722751523,-0.07556876206920765,0.12027624476416349,-1125242.2,74586.93753399451,92597.06801305785,-1215337.0,-1011719.0,-429090.4,79701.0919705621,98946.11144946786,-523123.0,-361006.0,39622123.2,62875.65859853876,78057.92579915428,39556931.0,39692580.0,False,False,True
toolagent_trace,0.01,4.0,"l1=0.01,l2x4",next_use,direct_child,none,direct_child-none,5,83026370,9997,lru_2hit,40318275,lru_2hit_s,49154186,39193032.8,74586.93753399451,92597.06801305785,39102938.0,39306556.0,39184606.0,21206.54582905948,26327.18316877495,39168218.0,39209624.0,225.8,10.183319694480774,12.642234384791319,218.0,243.0,223.4,8.142481194328912,10.108604936389588,218.0,237.0,9547.8,17.584083712266615,21.830023450285157,9517.0,9560.0,449.2,17.58408371226661,21.830023450285157,437.0,480.0,453658.6,54880.77655062836,68132.56002838073,392192.0,539898.0,445231.8,26371.681823501513,32739.518421929137,404260.0,470658.0,8426.8,75145.83496575175,93290.9195802597,-65432.0,135638.0,0.00010149546463370617,0.0009050839506261897,0.0011236299934618329,-0.0007880869656230906,0.0016336737352241222,0.010149546463370615,0.09050839506261897,0.11236299934618327,-0.07880869656230906,0.1633673735224122,-1125242.2,74586.93753399451,92597.06801305785,-1215337.0,-1011719.0,-429090.4,79701.0919705621,98946.11144946786,-523123.0,-361006.0,39622123.2,62875.65859853876,78057.92579915428,39556931.0,39692580.0,False,False,True
toolagent_trace,0.02,4.0,"l1=0.02,l2x4",binary,all,none,all-none,5,83026370,9997,lru,44875616,lru_s,49154186,37039282.4,96341.25837511155,119604.2946549172,36908660.0,37143092.0,36406438.6,34088.327097409754,42319.462992452056,36364686.0,36437881.0,467.4,14.467204291085405,17.96052692322806,449.0,485.0,174.8,9.23038460737146,11.45919888299352,164.0,187.0,9354.8,15.546703830716016,19.30068775562156,9339.0,9376.0,642.2,15.546703830716014,19.30068775562156,621.0,658.0,964752.6,65668.14547632665,81524.70035643176,895809.0,1045265.0,331908.8,44562.259084341764,55322.48234977658,266859.0,380816.0,632843.8,100657.32667173314,124962.54212860015,533841.0,778406.0,0.0076222024400199595,0.0012123536976473034,0.0015050946118516338,0.006429776467404271,0.009375406873743847,0.762220244001996,0.12123536976473034,0.1505094611851634,0.6429776467404271,0.9375406873743848,-7836333.6,96341.25837511155,119604.2946549172,-7966956.0,-7732524.0,-6814994.8,143243.24495661218,177831.4666641626,-6971363.0,-6617146.0,43854277.2,65870.68012932612,81776.14002749005,43760238.0,43935944.0,True,False,False
toolagent_trace,0.02,4.0,"l1=0.02,l2x4",binary,direct_child,all,direct_child-all,5,83026370,9997,lru,44875616,lru_s,49154186,36924736.4,91493.48783547385,113585.95748742136,36826694.0,37076044.0,37039282.4,96341.25837511155,119604.2946549172,36908660.0,37143092.0,309.8,20.315019074566482,25.2203839590122,292.0,344.0,351.0,8.48528137423857,10.534179341552903,336.0,357.0,9336.2,23.910248848558645,29.683735678650685,9299.0,9362.0,660.8,23.910248848558645,29.683735678650685,635.0,698.0,544937.0,94199.32329374772,116945.15734527494,439505.0,641106.0,659483.0,64892.27829641983,80561.48845362119,579690.0,755903.0,-114546.0,153381.2545831465,190417.4501881192,-316398.0,61416.0,-0.001379633964486223,0.0018473799900338471,0.0022934574905312515,-0.003810813359659106,0.0007397167911833313,-0.13796339644862227,0.18473799900338472,0.2293457490531252,-0.3810813359659106,0.07397167911833313,-7950879.6,91493.48783547385,113585.95748742136,-8048922.0,-7799572.0,-6929540.8,106906.9822658932,132721.2704427486,-7026930.0,-6748194.0,43854277.2,65870.68012932612,81776.14002749005,43760238.0,43935944.0,False,False,True
toolagent_trace,0.02,4.0,"l1=0.02,l2x4",binary,direct_child,none,direct_child-none,5,83026370,9997,lru,44875616,lru_s,49154186,36924736.4,91493.48783547385,113585.95748742136,36826694.0,37076044.0,36406438.6,34088.327097409754,42319.462992452056,36364686.0,36437881.0,448.2,11.43241006962224,14.192936293804742,437.0,465.0,181.4,6.06630035524124,7.531099213262296,177.0,192.0,9367.4,14.117365193264641,17.526213948254764,9352.0,9383.0,629.6,14.117365193264641,17.526213948254764,614.0,645.0,892161.6,56642.58847633996,70319.78776697745,826596.0,974551.0,373863.8,27024.0991746256,33549.47169032016,336388.0,409047.0,518297.8,71248.63270758254,88452.67960833616,462008.0,638163.0,0.006242568475533737,0.0008581446196862818,0.0010653564597408766,0.005564593514084742,0.00768626883242035,0.6242568475533736,0.0858144619686282,0.10653564597408768,0.5564593514084742,0.768626883242035,-7950879.6,91493.48783547385,113585.95748742136,-8048922.0,-7799572.0,-6929540.8,106906.9822658932,132721.2704427486,-7026930.0,-6748194.0,43854277.2,65870.68012932612,81776.14002749005,43760238.0,43935944.0,True,False,False
toolagent_trace,0.02,4.0,"l1=0.02,l2x4",next_use,all,none,all-none,5,83026370,9997,lru,44875616,lru_s,49154186,36434387.0,63266.194899013804,78542.76292442402,36359218.0,36517483.0,35934495.6,38545.488384504875,47852.872467243935,35899206.0,35987018.0,532.4,14.67310464761974,18.216144997227044,514.0,555.0,221.4,7.162401831787993,8.891870768291675,213.0,230.0,9243.2,11.903780911962384,14.778126668830524,9226.0,9256.0,753.8,11.903780911962384,14.778126668830524,741.0,771.0,987282.2,36837.65490907367,45732.65708224567,947290.0,1046954.0,487390.8,54750.67039954853,67971.03780319264,431104.0,576380.0,499891.4,64705.09244101271,80329.10377666197,409580.0,562216.0,0.006020875054515812,0.0007793318248288188,0.0009675131380146086,0.004933131485815892,0.006771535356778816,0.6020875054515813,0.0779331824828819,0.09675131380146089,0.4933131485815892,0.6771535356778816,-8441229.0,63266.194899013804,78542.76292442402,-8516398.0,-8358133.0,-7419890.2,44261.19268840369,54948.718974273754,-7458823.0,-7353460.0,43854277.2,65870.68012932612,81776.14002749005,43760238.0,43935944.0,True,False,False
toolagent_trace,0.02,4.0,"l1=0.02,l2x4",next_use,direct_child,all,direct_child-all,5,83026370,9997,lru,44875616,lru_s,49154186,36459039.8,59501.84248995992,73869.45138260862,36389335.0,36543790.0,36434387.0,63266.194899013804,78542.76292442402,36359218.0,36517483.0,362.6,8.64869932417586,10.737056997147773,349.0,369.0,394.2,15.417522498767433,19.140313660961773,376.0,407.0,9240.2,16.208022704821214,20.121691952716102,9223.0,9262.0,756.8,16.208022704821214,20.121691952716102,735.0,774.0,645286.8,64235.80070879478,79746.49454396161,564206.0,722301.0,620634.0,35521.31208866024,44098.46362022332,572783.0,660985.0,24652.8,83283.06619715679,103393.00687173719,-96779.0,125245.0,0.00029692734970829146,0.0010030917429866776,0.0012453032316327595,-0.0011656417111816403,0.0015084966378754124,0.029692734970829148,0.10030917429866774,0.12453032316327593,-0.11656417111816403,0.15084966378754122,-8416576.2,59501.84248995992,73869.45138260862,-8486281.0,-8331826.0,-7395237.4,70100.86399824185,87027.76499518905,-7450239.0,-7275775.0,43854277.2,65870.68012932612,81776.14002749005,43760238.0,43935944.0,False,False,True
toolagent_trace,0.02,4.0,"l1=0.02,l2x4",next_use,direct_child,none,direct_child-none,5,83026370,9997,lru,44875616,lru_s,49154186,36459039.8,59501.84248995992,73869.45138260862,36389335.0,36543790.0,35934495.6,38545.488384504875,47852.872467243935,35899206.0,35987018.0,509.2,5.357238094391549,6.650823275354713,503.0,514.0,217.6,13.68575902169843,16.99039001788952,198.0,233.0,9270.2,16.66433316997713,20.688185397467798,9250.0,9288.0,726.8,16.66433316997713,20.688185397467798,709.0,747.0,971182.2,45596.10404080594,56605.964617768055,930678.0,1041004.0,446638.0,69367.58818064818,86117.42877548428,358766.0,544760.0,524544.2,93001.2976506242,115457.85051078888,402317.0,628570.0,0.006317802404224105,0.0011201416808975777,0.0013906166259079966,0.004845653254502154,0.007570727227987927,0.6317802404224103,0.11201416808975775,0.13906166259079963,0.4845653254502154,0.7570727227987927,-8416576.2,59501.84248995992,73869.45138260862,-8486281.0,-8331826.0,-7395237.4,70100.86399824185,87027.76499518905,-7450239.0,-7275775.0,43854277.2,65870.68012932612,81776.14002749005,43760238.0,43935944.0,True,False,False
