evaluated_on,fitted_on,standardization,horizon_seconds,auc,auc_std,average_precision,precision_at_100,test_snapshots,mean_positive_states,mean_candidate_states
conversation_trace,conversation_trace,none,10,0.9002349803657922,0.05077081212759461,0.03703141241599189,0.04125,24,76.79166666666667,40000.0
conversation_trace,conversation_trace,none,60,0.9005915673520328,0.026649724108697384,0.1442363924562369,0.2820833333333333,24,482.2916666666667,40000.0
conversation_trace,conversation_trace,none,300,0.8781972111856859,0.02010001669200982,0.32471558480405993,0.68,24,1440.0833333333333,40000.0
conversation_trace,conversation_trace,none,600,0.8571287609078575,0.012850459363890154,0.3723087538420245,0.7729166666666667,24,1941.2083333333333,40000.0
conversation_trace,synthetic_trace,none,10,0.7037395246846437,0.0918861565353295,0.012615212354988773,0.005833333333333334,24,76.79166666666667,40000.0
conversation_trace,synthetic_trace,none,60,0.7081327135563159,0.030275681954915028,0.03348265816645621,0.05916666666666667,24,482.2916666666667,40000.0
conversation_trace,synthetic_trace,none,300,0.7032897168291438,0.010271291229795435,0.07996662925663034,0.13,24,1440.0833333333333,40000.0
conversation_trace,synthetic_trace,none,600,0.6941485650288498,0.010329080909781,0.10049066425862889,0.1475,24,1941.2083333333333,40000.0
conversation_trace,toolagent_trace,none,10,0.8987039812379574,0.05001150389363586,0.036814135668789376,0.04541666666666667,24,76.79166666666667,40000.0
conversation_trace,toolagent_trace,none,60,0.8991959287161552,0.02568747250304893,0.14399249011270698,0.28750000000000003,24,482.2916666666667,40000.0
conversation_trace,toolagent_trace,none,300,0.8779652727517798,0.01915657260815288,0.32299984166994106,0.6716666666666667,24,1440.0833333333333,40000.0
conversation_trace,toolagent_trace,none,600,0.8580086612159032,0.0115023979586125,0.37037571959955257,0.7629166666666666,24,1941.2083333333333,40000.0
synthetic_trace,conversation_trace,none,10,0.7411185969383774,0.05398821372448825,0.07612493906748442,0.09166666666666667,24,1040.25,38685.125
synthetic_trace,conversation_trace,none,60,0.7778069968724225,0.02853061433087552,0.3032759068103976,0.3983333333333334,24,5046.875,38685.125
synthetic_trace,conversation_trace,none,300,0.8337705807568772,0.01212160039018054,0.6747378797333656,0.8745833333333334,24,11838.541666666666,38685.125
synthetic_trace,synthetic_trace,none,10,0.7034427037007012,0.05304009487706771,0.05462294294063885,0.024583333333333336,24,1040.25,38685.125
synthetic_trace,synthetic_trace,none,60,0.7409829410736893,0.010406064002205555,0.26077133283097625,0.11083333333333334,24,5046.875,38685.125
synthetic_trace,synthetic_trace,none,300,0.7871741566633178,0.004667525115764433,0.5753760508208249,0.5395833333333334,24,11838.541666666666,38685.125
synthetic_trace,toolagent_trace,none,10,0.7468757559646285,0.05208880130356744,0.07724858801479378,0.08791666666666666,24,1040.25,38685.125
synthetic_trace,toolagent_trace,none,60,0.7828495706606241,0.026503462373895722,0.30568652563258786,0.3695833333333334,24,5046.875,38685.125
synthetic_trace,toolagent_trace,none,300,0.8382305556874182,0.010590582745102044,0.6783198354625054,0.9075000000000001,24,11838.541666666666,38685.125
toolagent_trace,conversation_trace,none,10,0.9343652544336623,0.029204129325260304,0.12917166454770737,0.08750000000000001,24,75.95833333333333,40000.0
toolagent_trace,conversation_trace,none,60,0.9363125787363137,0.013076042674067138,0.17984166493037002,0.3216666666666667,24,439.75,40000.0
toolagent_trace,conversation_trace,none,300,0.9384021272657677,0.005759556580227351,0.3784011005844163,0.7062499999999999,24,1241.6666666666667,40000.0
toolagent_trace,conversation_trace,none,600,0.9371059061855974,0.007462848509234835,0.4428871351637835,0.7929166666666667,24,1552.7083333333333,40000.0
toolagent_trace,synthetic_trace,none,10,0.7629360779241532,0.0680750826594434,0.024635677240334053,0.013333333333333334,24,75.95833333333333,40000.0
toolagent_trace,synthetic_trace,none,60,0.7572894656251808,0.034682682714984106,0.0401412284381239,0.06958333333333334,24,439.75,40000.0
toolagent_trace,synthetic_trace,none,300,0.7570492305986223,0.012578680726520212,0.088694285874192,0.13583333333333333,24,1241.6666666666667,40000.0
toolagent_trace,synthetic_trace,none,600,0.7543251358374664,0.011534113727492148,0.106421238456694,0.15208333333333332,24,1552.7083333333333,40000.0
toolagent_trace,toolagent_trace,none,10,0.9334113573393483,0.02945847477476478,0.12940231503201322,0.09333333333333334,24,75.95833333333333,40000.0
toolagent_trace,toolagent_trace,none,60,0.9351171214769564,0.01340514856860857,0.17980854614417585,0.32916666666666666,24,439.75,40000.0
toolagent_trace,toolagent_trace,none,300,0.937207635694644,0.00573114541006336,0.37723394305019603,0.7054166666666667,24,1241.6666666666667,40000.0
toolagent_trace,toolagent_trace,none,600,0.9361800805437933,0.006902348835459186,0.4414308989823012,0.785,24,1552.7083333333333,40000.0
conversation_trace,conversation_trace,per_decision,10,0.9016047632929342,0.050894290584401626,0.036848115461059795,0.04875000000000001,24,76.79166666666667,40000.0
conversation_trace,conversation_trace,per_decision,60,0.9038511476405567,0.026414854416148374,0.1454082788421072,0.27458333333333335,24,482.2916666666667,40000.0
conversation_trace,conversation_trace,per_decision,300,0.8807780751596127,0.019428946545178342,0.31986328389651053,0.66375,24,1440.0833333333333,40000.0
conversation_trace,conversation_trace,per_decision,600,0.8610736138444955,0.012340804270322173,0.36955755304677124,0.7329166666666667,24,1941.2083333333333,40000.0
conversation_trace,synthetic_trace,per_decision,10,0.7299148295578451,0.12655151310540094,0.0200875613323603,0.027083333333333334,24,76.79166666666667,40000.0
conversation_trace,synthetic_trace,per_decision,60,0.7314644229232409,0.06069718309087212,0.06243898042242229,0.17375,24,482.2916666666667,40000.0
conversation_trace,synthetic_trace,per_decision,300,0.70773622617688,0.023340476492108637,0.1339047780694631,0.3983333333333334,24,1440.0833333333333,40000.0
conversation_trace,synthetic_trace,per_decision,600,0.6936449151502057,0.02532773927949237,0.15550430337085366,0.455,24,1941.2083333333333,40000.0
conversation_trace,toolagent_trace,per_decision,10,0.9005205827906188,0.04967370966557609,0.03774464226931454,0.05333333333333334,24,76.79166666666667,40000.0
conversation_trace,toolagent_trace,per_decision,60,0.9018775533766643,0.02532372726432391,0.14528837638152184,0.28875,24,482.2916666666667,40000.0
conversation_trace,toolagent_trace,per_decision,300,0.8790328390703976,0.01782189481048322,0.31708644489819354,0.6754166666666667,24,1440.0833333333333,40000.0
conversation_trace,toolagent_trace,per_decision,600,0.8600003923462908,0.01140180478733544,0.3661476110715817,0.7374999999999999,24,1941.2083333333333,40000.0
synthetic_trace,conversation_trace,per_decision,10,0.7406493507644297,0.052161807506381164,0.07259099499242128,0.11708333333333332,24,1040.25,38685.125
synthetic_trace,conversation_trace,per_decision,60,0.7788639933098894,0.028606258750166872,0.3040665019366822,0.4879166666666667,24,5046.875,38685.125
synthetic_trace,conversation_trace,per_decision,300,0.8372126140738008,0.012776061428240523,0.6761238445575349,0.7787499999999999,24,11838.541666666666,38685.125
synthetic_trace,synthetic_trace,per_decision,10,0.625142101899746,0.06536628917521935,0.048596333800131127,0.045000000000000005,24,1040.25,38685.125
synthetic_trace,synthetic_trace,per_decision,60,0.6536767496863544,0.02467479490944313,0.2309633568051553,0.2283333333333333,24,5046.875,38685.125
synthetic_trace,synthetic_trace,per_decision,300,0.6733076054322802,0.02287854735088791,0.5228643568305116,0.6358333333333334,24,11838.541666666666,38685.125
synthetic_trace,toolagent_trace,per_decision,10,0.7449479132075346,0.050713530545717894,0.07143294575114839,0.08,24,1040.25,38685.125
synthetic_trace,toolagent_trace,per_decision,60,0.781604934846246,0.02735526189358751,0.3039172578179455,0.39625,24,5046.875,38685.125
synthetic_trace,toolagent_trace,per_decision,300,0.8407448284380606,0.011760438521605035,0.6785120283797758,0.73875,24,11838.541666666666,38685.125
toolagent_trace,conversation_trace,per_decision,10,0.9365199495349709,0.030306863526860583,0.13491660736313996,0.09625,24,75.95833333333333,40000.0
toolagent_trace,conversation_trace,per_decision,60,0.9390621017229478,0.012780093389214068,0.18251961283641907,0.3225,24,439.75,40000.0
toolagent_trace,conversation_trace,per_decision,300,0.9403917380674217,0.006325277085522192,0.3765092187280823,0.6854166666666668,24,1241.6666666666667,40000.0
toolagent_trace,conversation_trace,per_decision,600,0.9397729732006682,0.007910405892407695,0.4437359629966904,0.7566666666666667,24,1552.7083333333333,40000.0
toolagent_trace,synthetic_trace,per_decision,10,0.771370812225019,0.10838628857293567,0.11372767104649807,0.08208333333333333,24,75.95833333333333,40000.0
toolagent_trace,synthetic_trace,per_decision,60,0.7560070060952316,0.056698756560558776,0.08875931884921245,0.23333333333333336,24,439.75,40000.0
toolagent_trace,synthetic_trace,per_decision,300,0.7493788399706066,0.02276195996191765,0.15617269660537983,0.43624999999999997,24,1241.6666666666667,40000.0
toolagent_trace,synthetic_trace,per_decision,600,0.7417047221097025,0.02064892399311774,0.17806176458847536,0.49333333333333335,24,1552.7083333333333,40000.0
toolagent_trace,toolagent_trace,per_decision,10,0.9364102418252118,0.030145839186711716,0.13689243076584343,0.10000000000000002,24,75.95833333333333,40000.0
toolagent_trace,toolagent_trace,per_decision,60,0.9378750876907375,0.012916862012859217,0.18368832033141413,0.3329166666666667,24,439.75,40000.0
toolagent_trace,toolagent_trace,per_decision,300,0.9390359856503571,0.0058618435289934994,0.37437970684470795,0.6870833333333334,24,1241.6666666666667,40000.0
toolagent_trace,toolagent_trace,per_decision,600,0.9385364153715194,0.007637149201487188,0.44140100699735063,0.7416666666666666,24,1552.7083333333333,40000.0
conversation_trace,conversation_trace,train_global,10,0.9033821311626934,0.04913672774355801,0.03648709610454397,0.043333333333333335,24,76.79166666666667,40000.0
conversation_trace,conversation_trace,train_global,60,0.9034781346375205,0.02570643345370449,0.14443185170872402,0.25458333333333333,24,482.2916666666667,40000.0
conversation_trace,conversation_trace,train_global,300,0.8805326734187225,0.01887003046215759,0.3146045200389515,0.6537499999999999,24,1440.0833333333333,40000.0
conversation_trace,conversation_trace,train_global,600,0.8602190300838647,0.012447179009596476,0.3577215055664944,0.7137500000000001,24,1941.2083333333333,40000.0
conversation_trace,synthetic_trace,train_global,10,0.7402728921365535,0.1413685343404306,0.016903021334325027,0.015,24,76.79166666666667,40000.0
conversation_trace,synthetic_trace,train_global,60,0.7189223491101192,0.05766889709944093,0.048660843377316486,0.12333333333333334,24,482.2916666666667,40000.0
conversation_trace,synthetic_trace,train_global,300,0.706478440849934,0.02247342060377942,0.1106028900449889,0.2658333333333333,24,1440.0833333333333,40000.0
conversation_trace,synthetic_trace,train_global,600,0.6913036084275103,0.018365554259811238,0.13058265729061247,0.30541666666666667,24,1941.2083333333333,40000.0
conversation_trace,toolagent_trace,train_global,10,0.9024496556799374,0.04814085129411542,0.03700742801415132,0.04416666666666667,24,76.79166666666667,40000.0
conversation_trace,toolagent_trace,train_global,60,0.9030787157797818,0.02509076480219549,0.14530029757763732,0.2525,24,482.2916666666667,40000.0
conversation_trace,toolagent_trace,train_global,300,0.8806268688434765,0.017960386453857995,0.3145075904871016,0.6475,24,1440.0833333333333,40000.0
conversation_trace,toolagent_trace,train_global,600,0.8606598447679948,0.01168789865440281,0.35781560138728147,0.7116666666666668,24,1941.2083333333333,40000.0
synthetic_trace,conversation_trace,train_global,10,0.7406733645549014,0.05358977374930685,0.07247016726403432,0.13333333333333333,24,1040.25,38685.125
synthetic_trace,conversation_trace,train_global,60,0.778014346125348,0.029393314741331462,0.3025370582301603,0.5170833333333333,24,5046.875,38685.125
synthetic_trace,conversation_trace,train_global,300,0.8368531789892625,0.01197788397160446,0.6743352770276602,0.8374999999999999,24,11838.541666666666,38685.125
synthetic_trace,synthetic_trace,train_global,10,0.5792604128816016,0.06639394442383068,0.043267836321821906,0.04125,24,1040.25,38685.125
synthetic_trace,synthetic_trace,train_global,60,0.5912614744921881,0.04421595522271515,0.19502069711181355,0.17625000000000002,24,5046.875,38685.125
synthetic_trace,synthetic_trace,train_global,300,0.5996202509354259,0.04290886908264158,0.45393775582404516,0.7170833333333334,24,11838.541666666666,38685.125
synthetic_trace,toolagent_trace,train_global,10,0.742289400222739,0.05327894733655715,0.07229034330826369,0.12374999999999999,24,1040.25,38685.125
synthetic_trace,toolagent_trace,train_global,60,0.7790860083451179,0.028824380744068213,0.3017730046336098,0.49666666666666665,24,5046.875,38685.125
synthetic_trace,toolagent_trace,train_global,300,0.8380850838506415,0.011298630723024687,0.6744368612692216,0.8404166666666667,24,11838.541666666666,38685.125
toolagent_trace,conversation_trace,train_global,10,0.9379567247486702,0.02752582154684966,0.12440446097028524,0.09375,24,75.95833333333333,40000.0
toolagent_trace,conversation_trace,train_global,60,0.9387953346809841,0.012313792627948064,0.1775330932029052,0.3041666666666667,24,439.75,40000.0
toolagent_trace,conversation_trace,train_global,300,0.9402285886305887,0.006096963229424374,0.3650149672007108,0.6804166666666666,24,1241.6666666666667,40000.0
toolagent_trace,conversation_trace,train_global,600,0.939256466564642,0.007261730834636861,0.4236324370751559,0.7362500000000001,24,1552.7083333333333,40000.0
toolagent_trace,synthetic_trace,train_global,10,0.7392346222018281,0.12332440927414454,0.030039600699876778,0.023333333333333334,24,75.95833333333333,40000.0
toolagent_trace,synthetic_trace,train_global,60,0.7472575153748678,0.0551294715380808,0.05535720460734864,0.14625,24,439.75,40000.0
toolagent_trace,synthetic_trace,train_global,300,0.7521967619434298,0.022000652419125678,0.12211635620591026,0.2804166666666667,24,1241.6666666666667,40000.0
toolagent_trace,synthetic_trace,train_global,600,0.7395824293893728,0.018683560137022458,0.1403114890609283,0.3166666666666667,24,1552.7083333333333,40000.0
toolagent_trace,toolagent_trace,train_global,10,0.9372880795440227,0.02762327087157329,0.1280615372178201,0.09333333333333334,24,75.95833333333333,40000.0
toolagent_trace,toolagent_trace,train_global,60,0.9385247369953325,0.012398526420640469,0.17921459142255128,0.31125,24,439.75,40000.0
toolagent_trace,toolagent_trace,train_global,300,0.9402208806284608,0.00587900205004918,0.3655910455080796,0.6795833333333334,24,1241.6666666666667,40000.0
toolagent_trace,toolagent_trace,train_global,600,0.9392823895765859,0.007108444394246041,0.42457257180005303,0.7383333333333333,24,1552.7083333333333,40000.0
