horizon_seconds,model,features,auc,average_precision,precision_at_100,delta_auc_vs_base,delta_ap_vs_base,delta_precision_at_100_vs_base,train_snapshots,test_snapshots,train_samples,train_positive_rate,test_samples,test_positive_rate,ridge,status,trace
1,base,frequency+recency+prefix_length,nan,nan,0.0,0.0,0.0,0.0,15,9,890173,0.0,1366883,0.0,0.001,no_positive_test_windows,conversation_trace
1,extended,frequency+recency+prefix_length+fan_out+branch_diversity,nan,nan,0.0,nan,nan,0.0,15,9,890173,0.0,1366883,0.0,0.001,no_positive_test_windows,conversation_trace
10,base,frequency+recency+prefix_length,0.8937382858723856,0.020763783789385933,0.04555555555555556,0.0,0.0,0.0,15,9,887697,0.0033885436134176413,1362827,0.0016693241328503178,0.001,ok,conversation_trace
10,extended,frequency+recency+prefix_length+fan_out+branch_diversity,0.8965567554664682,0.021702621221434445,0.05000000000000001,0.0028184695940826066,0.0009388374320485129,0.004444444444444452,15,9,887697,0.0033885436134176413,1362827,0.0016693241328503178,0.001,ok,conversation_trace
60,base,frequency+recency+prefix_length,0.8866340616472287,0.1248193229672842,0.1622222222222222,0.0,0.0,0.0,15,9,873879,0.023693211531573593,1343849,0.010768322929138615,0.001,ok,conversation_trace
60,extended,frequency+recency+prefix_length+fan_out+branch_diversity,0.8888262374173775,0.1253402069454006,0.17777777777777778,0.002192175770148852,0.0005208839781164071,0.015555555555555572,15,9,873879,0.023693211531573593,1343849,0.010768322929138615,0.001,ok,conversation_trace
600,base,frequency+recency+prefix_length,0.84209256791044,0.3452722793400337,0.7244444444444444,0.0,0.0,0.0,11,9,404765,0.13026570973280793,1144473,0.049079357922816876,0.001,ok,conversation_trace
600,extended,frequency+recency+prefix_length+fan_out+branch_diversity,0.846900785745396,0.34619924273069114,0.7466666666666666,0.004808217834955997,0.0009269633906574537,0.022222222222222143,11,9,404765,0.13026570973280793,1144473,0.049079357922816876,0.001,ok,conversation_trace
3600,base,frequency+recency+prefix_length,nan,nan,nan,nan,nan,nan,0,0,0,nan,0,nan,nan,insufficient_snapshots,conversation_trace
3600,extended,frequency+recency+prefix_length+fan_out+branch_diversity,nan,nan,nan,nan,nan,nan,0,0,0,nan,0,nan,nan,insufficient_snapshots,conversation_trace
21600,base,frequency+recency+prefix_length,nan,nan,nan,nan,nan,nan,0,0,0,nan,0,nan,nan,insufficient_snapshots,conversation_trace
21600,extended,frequency+recency+prefix_length+fan_out+branch_diversity,nan,nan,nan,nan,nan,nan,0,0,0,nan,0,nan,nan,insufficient_snapshots,conversation_trace
86400,base,frequency+recency+prefix_length,nan,nan,nan,nan,nan,nan,0,0,0,nan,0,nan,nan,insufficient_snapshots,conversation_trace
86400,extended,frequency+recency+prefix_length+fan_out+branch_diversity,nan,nan,nan,nan,nan,nan,0,0,0,nan,0,nan,nan,insufficient_snapshots,conversation_trace
1,base,frequency+recency+prefix_length,nan,nan,0.0,0.0,0.0,0.0,15,9,881498,0.0,1370005,0.0,0.001,no_positive_test_windows,toolagent_trace
1,extended,frequency+recency+prefix_length+fan_out+branch_diversity,nan,nan,0.0,nan,nan,0.0,15,9,881498,0.0,1370005,0.0,0.001,no_positive_test_windows,toolagent_trace
10,base,frequency+recency+prefix_length,0.8813512943260958,0.12323220164038687,0.21333333333333335,0.0,0.0,0.0,15,9,878924,0.003641953115400194,1365751,0.0015507951302982754,0.001,ok,toolagent_trace
10,extended,frequency+recency+prefix_length+fan_out+branch_diversity,0.8833113994992459,0.1245448708605992,0.21666666666666665,0.0019601051731500396,0.001312669220212337,0.0033333333333332993,15,9,878924,0.003641953115400194,1365751,0.0015507951302982754,0.001,ok,toolagent_trace
60,base,frequency+recency+prefix_length,0.9251733416412671,0.15626646997337704,0.3211111111111111,0.0,0.0,0.0,15,9,865399,0.022950107407103543,1346790,0.009946613800221268,0.001,ok,toolagent_trace
60,extended,frequency+recency+prefix_length+fan_out+branch_diversity,0.9274388883765177,0.15768580297880672,0.34,0.00226554673525059,0.0014193330054296793,0.0188888888888889,15,9,865399,0.022950107407103543,1346790,0.009946613800221268,0.001,ok,toolagent_trace
600,base,frequency+recency+prefix_length,0.9206875703419326,0.4087596834098758,0.7799999999999999,0.0,0.0,0.0,11,9,398046,0.11501434507569477,1145732,0.03898992085409153,0.001,ok,toolagent_trace
600,extended,frequency+recency+prefix_length+fan_out+branch_diversity,0.9252109825012249,0.41448080404732507,0.8566666666666667,0.004523412159292306,0.005721120637449284,0.07666666666666677,11,9,398046,0.11501434507569477,1145732,0.03898992085409153,0.001,ok,toolagent_trace
3600,base,frequency+recency+prefix_length,nan,nan,nan,nan,nan,nan,0,0,0,nan,0,nan,nan,insufficient_snapshots,toolagent_trace
3600,extended,frequency+recency+prefix_length+fan_out+branch_diversity,nan,nan,nan,nan,nan,nan,0,0,0,nan,0,nan,nan,insufficient_snapshots,toolagent_trace
21600,base,frequency+recency+prefix_length,nan,nan,nan,nan,nan,nan,0,0,0,nan,0,nan,nan,insufficient_snapshots,toolagent_trace
21600,extended,frequency+recency+prefix_length+fan_out+branch_diversity,nan,nan,nan,nan,nan,nan,0,0,0,nan,0,nan,nan,insufficient_snapshots,toolagent_trace
86400,base,frequency+recency+prefix_length,nan,nan,nan,nan,nan,nan,0,0,0,nan,0,nan,nan,insufficient_snapshots,toolagent_trace
86400,extended,frequency+recency+prefix_length+fan_out+branch_diversity,nan,nan,nan,nan,nan,nan,0,0,0,nan,0,nan,nan,insufficient_snapshots,toolagent_trace
1,base,frequency+recency+prefix_length,0.7574440223446391,0.050240076911010116,0.011111111111111112,0.0,0.0,0.0,15,9,324495,0.0013621165195149387,379662,0.0038903024268955016,0.001,ok,synthetic_trace
1,extended,frequency+recency+prefix_length+fan_out+branch_diversity,0.6815751956755675,0.02580681050346852,0.015555555555555557,-0.07586882666907169,-0.024433266407541596,0.004444444444444445,15,9,324495,0.0013621165195149387,379662,0.0038903024268955016,0.001,ok,synthetic_trace
10,base,frequency+recency+prefix_length,0.8344256258680649,0.17714954244649916,0.24222222222222223,0.0,0.0,0.0,15,9,322458,0.015738483771529935,378788,0.02676695143457554,0.001,ok,synthetic_trace
10,extended,frequency+recency+prefix_length+fan_out+branch_diversity,0.8340607240889937,0.1556871699224149,0.25888888888888884,-0.000364901779071225,-0.021462372524084256,0.016666666666666607,15,9,322458,0.015738483771529935,378788,0.02676695143457554,0.001,ok,synthetic_trace
60,base,frequency+recency+prefix_length,0.8140863782688551,0.38621166289363296,0.8022222222222222,0.0,0.0,0.0,14,9,273333,0.09445255421043196,373305,0.1254684507306358,0.001,ok,synthetic_trace
60,extended,frequency+recency+prefix_length+fan_out+branch_diversity,0.8161312945982918,0.3951286286369965,0.8788888888888889,0.002044916329436708,0.008916965743363536,0.07666666666666677,14,9,273333,0.09445255421043196,373305,0.1254684507306358,0.001,ok,synthetic_trace
600,base,frequency+recency+prefix_length,nan,nan,nan,nan,nan,nan,0,0,0,nan,0,nan,nan,insufficient_embargoed_split,synthetic_trace
600,extended,frequency+recency+prefix_length+fan_out+branch_diversity,nan,nan,nan,nan,nan,nan,0,0,0,nan,0,nan,nan,insufficient_embargoed_split,synthetic_trace
3600,base,frequency+recency+prefix_length,nan,nan,nan,nan,nan,nan,0,0,0,nan,0,nan,nan,insufficient_snapshots,synthetic_trace
3600,extended,frequency+recency+prefix_length+fan_out+branch_diversity,nan,nan,nan,nan,nan,nan,0,0,0,nan,0,nan,nan,insufficient_snapshots,synthetic_trace
21600,base,frequency+recency+prefix_length,nan,nan,nan,nan,nan,nan,0,0,0,nan,0,nan,nan,insufficient_snapshots,synthetic_trace
21600,extended,frequency+recency+prefix_length+fan_out+branch_diversity,nan,nan,nan,nan,nan,nan,0,0,0,nan,0,nan,nan,insufficient_snapshots,synthetic_trace
86400,base,frequency+recency+prefix_length,nan,nan,nan,nan,nan,nan,0,0,0,nan,0,nan,nan,insufficient_snapshots,synthetic_trace
86400,extended,frequency+recency+prefix_length+fan_out+branch_diversity,nan,nan,nan,nan,nan,nan,0,0,0,nan,0,nan,nan,insufficient_snapshots,synthetic_trace
