trace,l1_policy,l1_fraction,l1_capacity_bytes,requested_tokens,l1_avoided_tokens,depth_bin,events_measured,share_of_events,evicted_bytes_share,share_reused_before_end,share_reused_with_l1_ancestors,median_distinct_bytes_to_reuse,rescue_tokens_self,rescue_tokens_with_ancestors,rescue_share_with_ancestors,missing_ancestor_bytes
conversation_trace,lfu,0.0025,464360509,58742117,3630080,1,0,0.0,0.0,nan,nan,nan,0,0,0.0,0
conversation_trace,lfu,0.0025,464360509,58742117,3630080,2-3,9616,0.08734433615216226,0.08620616824958673,0.33808236272878534,0.5358351276530299,7699355648.0,1077254,2017697,0.1005159113731006,1930428416
conversation_trace,lfu,0.0025,464360509,58742117,3630080,4-7,15273,0.13872816618676936,0.13844461700727947,0.32809533163098276,0.000997804829375374,7905925120.0,2560,3115751,0.1552178307132585,21773680640
conversation_trace,lfu,0.0025,464360509,58742117,3630080,8-15,22760,0.20673430645000138,0.2059953823191787,0.2936731107205624,0.002094554159186116,8029349888.0,7168,4193007,0.20888365299586134,78031880192
conversation_trace,lfu,0.0025,464360509,58742117,3630080,16-31,27195,0.2470184298729256,0.24724604497401348,0.27703621989336275,0.004778338200159278,8213575680.0,18944,4761900,0.23722428014095662,195144187904
conversation_trace,lfu,0.0025,464360509,58742117,3630080,32-63,20400,0.18529788451581844,0.18572993861479156,0.26029411764705884,0.0022598870056497176,8557985792.0,6656,3392006,0.1689800671126663,286374494208
conversation_trace,lfu,0.0025,464360509,58742117,3630080,64+,14849,0.13487687682232294,0.13637784883515006,0.27456394369991244,0.0002452783909737552,9630085120.0,512,2593048,0.1291782576641566,518333136896
conversation_trace,lfu,0.01,1857442038,58742117,5959928,1,0,0.0,0.0,nan,nan,nan,0,0,0.0,0
conversation_trace,lfu,0.01,1857442038,58742117,5959928,2-3,9228,0.08743438631066305,0.08625268558480385,0.3163198959687906,0.5443645083932853,7750400000.0,988942,1826473,0.102937228891089,1719664640
conversation_trace,lfu,0.01,1857442038,58742117,5959928,4-7,14749,0.13974531466146178,0.1394727538659159,0.30876669604718965,0.010979358805445762,7824254976.0,27648,2847463,0.1604786660355269,19436404736
conversation_trace,lfu,0.01,1857442038,58742117,5959928,8-15,21950,0.2079740766708988,0.20723099629038796,0.2716173120728929,0.00637370010063737,7978022912.0,22528,3773167,0.21264992974070987,68740448256
conversation_trace,lfu,0.01,1857442038,58742117,5959928,16-31,26037,0.24669799700593129,0.24692680052593888,0.24691784767830396,0.010421527453725307,8232982528.0,36864,4133676,0.2329676664114943,166334562304
conversation_trace,lfu,0.01,1857442038,58742117,5959928,32-63,19588,0.18559436053893236,0.1860516124876378,0.2341229324075965,0.00719581334496293,7938912256.0,18944,2978822,0.1678818586641092,244916944896
conversation_trace,lfu,0.01,1857442038,58742117,5959928,64+,13990,0.1325538648121127,0.13406515124531562,0.24438884917798429,0.005264697279906405,10445234176.0,10752,2183960,0.12308465025707072,413692592128
conversation_trace,lfu,0.02,3714884076,58742117,6979188,1,0,0.0,0.0,nan,nan,nan,0,0,0.0,0
conversation_trace,lfu,0.02,3714884076,58742117,6979188,2-3,9001,0.08692335177835077,0.08570855182206016,0.3028552383068548,0.5473220836390316,7686840320.0,923538,1697581,0.10150385358407506,1589641216
conversation_trace,lfu,0.02,3714884076,58742117,6979188,4-7,14395,0.1390136261359137,0.1387151978049857,0.2973949287947204,0.02242466713384723,7905925120.0,52376,2662631,0.1592073115641724,17924358144
conversation_trace,lfu,0.02,3714884076,58742117,6979188,8-15,21537,0.20798447141988005,0.20722705726373253,0.26062125644240147,0.010689470871191877,8026490880.0,34111,3540207,0.21168041641919744,63745032192
conversation_trace,lfu,0.02,3714884076,58742117,6979188,16-31,25458,0.24584987107801953,0.2460626629416459,0.2369785529106764,0.01524946129620421,8121933824.0,51200,3874092,0.2316444794912505,154915569664
conversation_trace,lfu,0.02,3714884076,58742117,6979188,32-63,19232,0.18572490849919362,0.18619437554629426,0.22587354409317803,0.009668508287292817,7938912256.0,23040,2829830,0.16920468006405767,231638827008
conversation_trace,lfu,0.02,3714884076,58742117,6979188,64+,13928,0.1345037710886423,0.13609215462128144,0.23836875358989087,0.007530120481927711,9562034176.0,13824,2119960,0.12675925887724696,401647599616
conversation_trace,lru,0.0025,464360509,58742117,2662942,1,0,0.0,0.0,nan,nan,nan,0,0,0.0,0
conversation_trace,lru,0.0025,464360509,58742117,2662942,2-3,9756,0.08712736885348385,0.08601632564250292,0.34747847478474786,0.5339233038348082,7290114048.0,1112070,2089377,0.0993024088204551,2005925888
conversation_trace,lru,0.0025,464360509,58742117,2662942,4-7,15544,0.13881793987890045,0.13853915812316364,0.3392949047864128,0.0,7394768896.0,0,3253961,0.15465192040872322,22813868032
conversation_trace,lru,0.0025,464360509,58742117,2662942,8-15,23224,0.2074052905138693,0.20668369473775755,0.3073975198070961,0.0,7589668864.0,0,4434159,0.21074352297019655,83311460352
conversation_trace,lru,0.0025,464360509,58742117,2662942,16-31,27577,0.2462803865182989,0.24650255810696856,0.2855277949015484,0.0,7930650624.0,0,4943660,0.23495872041729712,208567009280
conversation_trace,lru,0.0025,464360509,58742117,2662942,32-63,20789,0.18565917087895403,0.1860868104229028,0.2714897301457502,0.0,8457979904.0,0,3594758,0.17084907535911495,311152345088
conversation_trace,lru,0.0025,464360509,58742117,2662942,64+,15084,0.13470984335649347,0.13617145296670452,0.2852691593741713,0.0,12064761856.0,0,2724632,0.12949435202421306,560904273920
conversation_trace,lru,0.01,1857442038,58742117,3218284,1,0,0.0,0.0,nan,nan,nan,0,0,0.0,0
conversation_trace,lru,0.01,1857442038,58742117,3218284,2-3,9677,0.08725328428322829,0.0861092733498628,0.34215149323137334,0.5339776502567201,6410807296.0,1074947,2019920,0.09860384604401079,1938817024
conversation_trace,lru,0.01,1857442038,58742117,3218284,4-7,15410,0.13894524241030773,0.1386682504772666,0.33497728747566513,0.00019372336303758234,6540099584.0,512,3152987,0.1539153257192203,22098739200
conversation_trace,lru,0.01,1857442038,58742117,3218284,8-15,22986,0.20725472693337663,0.20651699495604328,0.30200991908117986,0.0005762028233938346,6782849024.0,2048,4285754,0.20921216067888995,80374398976
conversation_trace,lru,0.01,1857442038,58742117,3218284,16-31,27362,0.24671120848999611,0.24699661263990794,0.2802426723192749,0.0002608242044861763,7236382720.0,1024,4782930,0.23348216432298335,201585590272
conversation_trace,lru,0.01,1857442038,58742117,3218284,32-63,20774,0.18731008863281848,0.1877628190195736,0.2716376239530182,0.0,7621709824.0,0,3545094,0.1730563106398008,306472550400
conversation_trace,lru,0.01,1857442038,58742117,3218284,64+,14698,0.13252544925027276,0.1339460495573458,0.2930330657232276,0.0,11366264832.0,0,2698520,0.13173019259509486,556251742208
conversation_trace,lru,0.02,3714884076,58742117,4770907,1,0,0.0,0.0,nan,nan,nan,0,0,0.0,0
conversation_trace,lru,0.02,3714884076,58742117,4770907,2-3,9201,0.08532163688461503,0.08420552088965419,0.32344310401043364,0.5325940860215054,6015870976.0,965394,1817314,0.09598870349538166,1747976192
conversation_trace,lru,0.02,3714884076,58742117,4770907,4-7,14750,0.13677797457320634,0.1364626973167375,0.31661016949152543,0.00042826552462526765,6218676224.0,1024,2848834,0.15047255572430637,19969081344
conversation_trace,lru,0.02,3714884076,58742117,4770907,8-15,22213,0.20598299316573782,0.20519045234429373,0.285643542069959,0.00031520882584712374,6381463552.0,1024,3906043,0.20631327517820866,73309093888
conversation_trace,lru,0.02,3714884076,58742117,4770907,16-31,26645,0.2470812971188531,0.24736669682921555,0.2662413210733721,0.00042289258528333803,6491392000.0,1536,4401175,0.23246565101368635,185348390912
conversation_trace,lru,0.02,3714884076,58742117,4770907,32-63,20351,0.18871651257893712,0.18915942540372171,0.2613139403469117,0.000752162467092892,6610518016.0,2048,3309336,0.1747958096787855,285648879616
conversation_trace,lru,0.02,3714884076,58742117,4770907,64+,14679,0.13611958567865057,0.13761520721637732,0.29988418829620545,0.0,11280199680.0,0,2649880,0.13996400490963146,544807583744
synthetic_trace,lfu,0.0025,109270871,32087376,754176,1,1620,0.026093679530958057,0.02392403868699964,0.6061728395061728,1.0,3530512384.0,637999,637999,0.02270812707345457,0
synthetic_trace,lfu,0.0025,109270871,32087376,754176,2-3,2816,0.04535790219702339,0.04567699456803233,0.6949573863636364,0.000510986203372509,3527393280.0,512,1267712,0.04512133277410034,3891265536
synthetic_trace,lfu,0.0025,109270871,32087376,754176,4-7,5412,0.08717221828490432,0.08731144169606864,0.6897634885439764,0.0018751674256630056,3543748608.0,2491,2418871,0.08609422591931043,22091399168
synthetic_trace,lfu,0.0025,109270871,32087376,754176,8-15,9072,0.1461246053733651,0.14614961446820024,0.6683201058201058,0.0021441530595414813,3756046336.0,4912,4004196,0.14252027290798025,85181071360
synthetic_trace,lfu,0.0025,109270871,32087376,754176,16-31,15216,0.2450873010759616,0.24697438465694532,0.660686119873817,0.000596836765144733,3780878336.0,3072,6722909,0.23928669461123198,304274735104
synthetic_trace,lfu,0.0025,109270871,32087376,754176,32-63,16649,0.2681689324141486,0.26809826365397,0.6727731395278995,0.00017855548611731096,3769434112.0,1536,7669387,0.27297443189017623,699943354368
synthetic_trace,lfu,0.0025,109270871,32087376,754176,64+,11299,0.18199536112363895,0.18186526226978383,0.7590052217010355,0.0008162313432835821,3949017088.0,1535,5374550,0.19129491482374622,1225995059200
synthetic_trace,lfu,0.01,437083484,32087376,2482701,1,1539,0.026214931779855895,0.023936884590710767,0.5912930474333983,1.0,3780878336.0,598050,598050,0.022681676129785836,0
synthetic_trace,lfu,0.01,437083484,32087376,2482701,2-3,2655,0.045224589912616894,0.045559507332082,0.6832391713747646,0.0005512679162072767,3772964864.0,512,1187328,0.04503066492070288,3644850176
synthetic_trace,lfu,0.01,437083484,32087376,2482701,4-7,5133,0.08743420716439267,0.08758410154499854,0.6789401909214884,0.004591104734576757,3780878336.0,5388,2277559,0.08637882385164936,20757610496
synthetic_trace,lfu,0.01,437083484,32087376,2482701,8-15,8619,0.14681383821350094,0.1468483977942953,0.6556445063232393,0.003893116262608388,3834097664.0,8618,3771236,0.1430280972510476,80009494528
synthetic_trace,lfu,0.01,437083484,32087376,2482701,16-31,14465,0.24639310474049092,0.24840623214809762,0.646802627030764,0.0008550662676357417,3834097664.0,3420,6335837,0.24029329127182328,286635589632
synthetic_trace,lfu,0.01,437083484,32087376,2482701,32-63,15769,0.2686051067164052,0.26853247026281785,0.6588242754772021,0.0010588122052170566,3962302464.0,3364,7207051,0.2733349998041119,657368023040
synthetic_trace,lfu,0.01,437083484,32087376,2482701,64+,10527,0.17931422147273748,0.17913240632699795,0.7468414553054051,0.0026710760620707198,3949017088.0,6442,4990038,0.18925244677087913,1161682747392
synthetic_trace,lfu,0.02,874166968,32087376,3986445,1,1461,0.026196880043033888,0.02379663829087023,0.5735797399041752,1.0,3958906880.0,557602,557602,0.02242665963623976,0
synthetic_trace,lfu,0.02,874166968,32087376,3986445,2-3,2498,0.04479110632956787,0.045136953406262795,0.6681345076060848,0.0,3958906880.0,0,1105920,0.04447991833764993,3396337664
synthetic_trace,lfu,0.02,874166968,32087376,3986445,4-7,4833,0.08665949435180205,0.08680491303067968,0.6639768259879991,0.005609224057338735,3985154048.0,5569,2121911,0.08534290726251546,19339935744
synthetic_trace,lfu,0.02,874166968,32087376,3986445,8-15,8138,0.14592074592074591,0.14594274840019608,0.6409437208159253,0.005751533742331288,4072888320.0,11236,3521380,0.14162931752372115,74702651392
synthetic_trace,lfu,0.02,874166968,32087376,3986445,16-31,13634,0.24446835216065985,0.24655815833090874,0.6315094616400176,0.0009291521486643438,4048099328.0,3608,5906269,0.2375491561778368,267869224960
synthetic_trace,lfu,0.02,874166968,32087376,3986445,32-63,15065,0.27012730858884704,0.27007533981776555,0.6450049784268171,0.0026757229597612433,4006008832.0,6990,6844555,0.2752868629354325,624071540736
synthetic_trace,lfu,0.02,874166968,32087376,3986445,64+,10141,0.18183611260534338,0.1816852487233169,0.7397692535252933,0.0033324446814182885,3985154048.0,7890,4805718,0.1932851781266044,1126619414528
synthetic_trace,lru,0.0025,109270871,32087376,392704,1,1640,0.026120472716847705,0.023990085627539057,0.6109756097560975,1.0,3513321472.0,649263,649263,0.022815504435167947,0
synthetic_trace,lru,0.0025,109270871,32087376,392704,2-3,2858,0.04551970184436021,0.0458346633446279,0.6994401679496152,0.0,3506493440.0,0,1290240,0.04533983369209564,3962568704
synthetic_trace,lru,0.0025,109270871,32087376,392704,4-7,5478,0.08724874972127544,0.08738392696823714,0.6936838262139466,0.0005263157894736842,3549564928.0,547,2455223,0.08627805873094008,22442672128
synthetic_trace,lru,0.0025,109270871,32087376,392704,8-15,9122,0.14528716592871022,0.1453038377870951,0.6701381276035957,0.000490757402257484,3651983360.0,1669,4033892,0.141753466341049,85906685952
synthetic_trace,lru,0.0025,109270871,32087376,392704,16-31,15275,0.24328671996941995,0.2451114926763691,0.6630441898527005,0.00039494470774091627,3734968320.0,2048,6769501,0.23788446298244909,307123716096
synthetic_trace,lru,0.0025,109270871,32087376,392704,32-63,16971,0.2702991112668429,0.27027430199214103,0.6789228684226033,0.00017358097552508245,3514357760.0,1024,7834251,0.27530043824570155,715081646080
synthetic_trace,lru,0.0025,109270871,32087376,392704,64+,11442,0.18223807855254356,0.18210169160399062,0.7608809648662821,0.00022972662531587412,3888113664.0,970,5424726,0.19062823557259673,1235011764224
synthetic_trace,lru,0.01,437083484,32087376,1979479,1,1579,0.026453785454606377,0.024147042423651417,0.5940468651044966,1.0,3647264768.0,612399,612399,0.02279090748487895,0
synthetic_trace,lru,0.01,437083484,32087376,1979479,2-3,2725,0.04565330295364305,0.04598853826320517,0.6862385321100918,0.0,3646879744.0,0,1216512,0.04527344500275974,3736076288
synthetic_trace,lru,0.01,437083484,32087376,1979479,4-7,5240,0.08778836971636315,0.08794569970308054,0.6814885496183206,0.0014001680201624195,3646879744.0,1439,2323692,0.08647801416291231,21236809728
synthetic_trace,lru,0.01,437083484,32087376,1979479,8-15,8753,0.1466434351388028,0.14672559574872024,0.6578316005940821,0.0010420284821118443,3750948864.0,3011,3824996,0.1423502160618029,81404100608
synthetic_trace,lru,0.01,437083484,32087376,1979479,16-31,14617,0.24488599239390843,0.24681514721022055,0.6486967229937743,0.0,3805227008.0,341,6406153,0.23840999145488437,290507980800
synthetic_trace,lru,0.01,437083484,32087376,1979479,32-63,15984,0.26778803464624973,0.26770971323471093,0.6615990990990991,0.0006619385342789598,3772174336.0,3152,7338123,0.27309398350693315,669530456064
synthetic_trace,lru,0.01,437083484,32087376,1979479,64+,10791,0.1807870796964265,0.18066826341641118,0.7572977481234362,0.0004894762604013706,3808817152.0,1636,5148446,0.19160344232582857,1183406096384
synthetic_trace,lru,0.02,874166968,32087376,4297568,1,1498,0.027152930087549168,0.02449586358372534,0.5660881174899867,1.0,3940892672.0,559663,559663,0.022794791121230853,0
synthetic_trace,lru,0.02,874166968,32087376,4297568,2-3,2541,0.046058474868132464,0.046384170304726184,0.6635182998819362,0.0,3932135424.0,0,1111040,0.0452520976504295,3412066304
synthetic_trace,lru,0.02,874166968,32087376,4297568,4-7,4882,0.0884917254255107,0.08871393225720996,0.6603850880786563,0.003101736972704715,3937744896.0,3147,2126230,0.08660027324603319,19411238912
synthetic_trace,lru,0.02,874166968,32087376,4297568,8-15,8208,0.1487792057133535,0.14893444756635102,0.6370614035087719,0.0017211703958691911,3959093248.0,3550,3524452,0.14354914860693724,74983669760
synthetic_trace,lru,0.02,874166968,32087376,4297568,16-31,13651,0.24743968533052982,0.24958073044841528,0.6261812321441652,0.0002339728591483388,4026761216.0,1026,5893641,0.24004501912494147,267642732544
synthetic_trace,lru,0.02,874166968,32087376,4297568,32-63,14573,0.2641519694031068,0.26403996142784897,0.637960612090853,0.0010756157900397977,4111321088.0,3403,6664843,0.27145568679865845,608441466880
synthetic_trace,lru,0.02,874166968,32087376,4297568,64+,9816,0.1779260091718175,0.17785089441172325,0.7376731866340668,0.0011048197762739953,3720325120.0,3486,4672363,0.19030298345176927,1103391358976
toolagent_trace,lfu,0.0025,446163482,83026370,30853632,1,1,9.305008886283487e-06,9.813699940450776e-06,1.0,1.0,1259483136.0,1024,1024,5.595459022715924e-05,0
toolagent_trace,lfu,0.0025,446163482,83026370,30853632,2-3,8774,0.08164214796825131,0.08303718449242202,0.3618645999544108,0.5351181102362205,6967414784.0,1006252,1886279,0.10307223486239815,1808793600
toolagent_trace,lfu,0.0025,446163482,83026370,30853632,4-7,16410,0.152695195823912,0.1491283901062264,0.2979890310786106,0.0028629856850715747,7204368384.0,20356,2921054,0.15961560507949651,20283654144
toolagent_trace,lfu,0.0025,446163482,83026370,30853632,8-15,27275,0.2537941173733821,0.2396401063222385,0.24652612282309808,0.02126710291493159,7307847680.0,65900,3980659,0.21751576482329443,72526856192
toolagent_trace,lfu,0.0025,446163482,83026370,30853632,16-31,24994,0.23256939210376945,0.2386870848872011,0.2933904136992878,0.0047729442247374885,7431983104.0,18432,4393300,0.24006377074704952,179099926528
toolagent_trace,lfu,0.0025,446163482,83026370,30853632,32-63,17922,0.16676436925997265,0.17223181400646523,0.28278093962727374,0.0023677979479084454,7591458816.0,6656,3010054,0.1644788458316617,252998320128
toolagent_trace,lfu,0.0025,446163482,83026370,30853632,64+,12093,0.1125254724618262,0.11726560648550628,0.28983709584056894,0.0002853067047075606,7731533824.0,512,2108184,0.11519782406587255,402897502208
toolagent_trace,lfu,0.01,1784653926,83026370,33195655,1,0,0.0,0.0,nan,nan,nan,0,0,0.0,0
toolagent_trace,lfu,0.01,1784653926,83026370,33195655,2-3,8396,0.08160408992389709,0.083060911467526,0.3384945212005717,0.5439831104855736,7026325504.0,917940,1693519,0.10611998059219861,1592786944
toolagent_trace,lfu,0.01,1784653926,83026370,33195655,4-7,15900,0.15453847424844733,0.1509023545766131,0.27905660377358493,0.012846517917511832,7061950464.0,44200,2654594,0.16634325552897067,17961058304
toolagent_trace,lfu,0.01,1784653926,83026370,33195655,8-15,26450,0.2570781537026058,0.2424909076204606,0.2266162570888469,0.02769436102769436,7198185472.0,81189,3558080,0.2229578649814322,63137906688
toolagent_trace,lfu,0.01,1784653926,83026370,33195655,16-31,23806,0.23138005773324133,0.23770527465377916,0.26216079979837015,0.010735459061047909,7321925632.0,36864,3771732,0.23634581403513893,149729312768
toolagent_trace,lfu,0.01,1784653926,83026370,33195655,32-63,17073,0.16593933149960635,0.17160247633011233,0.2530311017395888,0.007407407407407408,7087337472.0,18432,2582022,0.16179571916738453,210771116032
toolagent_trace,lfu,0.01,1784653926,83026370,33195655,64+,11262,0.10945989289220212,0.11423807535150879,0.2552832534185757,0.006608695652173913,7067969536.0,10752,1698584,0.10643736569487505,295923875840
toolagent_trace,lfu,0.02,3569307853,83026370,34243078,1,0,0.0,0.0,nan,nan,nan,0,0,0.0,0
toolagent_trace,lfu,0.02,3569307853,83026370,34243078,2-3,8151,0.08083582918460043,0.0822760067151068,0.3247454300085879,0.5474121647147714,6931800064.0,854584,1567187,0.10510198169042836,1463812096
toolagent_trace,lfu,0.02,3569307853,83026370,34243078,4-7,15521,0.15392625503302457,0.15016828252810507,0.2675729656594292,0.024078979051288224,7169955840.0,67898,2470420,0.16567648762251605,16458448896
toolagent_trace,lfu,0.02,3569307853,83026370,34243078,8-15,25989,0.2577404446912748,0.24290854443940962,0.21536034476124513,0.03180275147400393,7267383296.0,88636,3314100,0.22225712535916178,58126761984
toolagent_trace,lfu,0.02,3569307853,83026370,34243078,16-31,23229,0.23036872483487714,0.23677171824471233,0.24968789013732834,0.015689655172413792,7319146496.0,49664,3501003,0.2347916063648657,138501160960
toolagent_trace,lfu,0.02,3569307853,83026370,34243078,32-63,16756,0.1661741079397822,0.17196068798788583,0.24289806636428743,0.010319410319410319,7020679168.0,23040,2431494,0.16306595056517598,197089296384
toolagent_trace,lfu,0.02,3569307853,83026370,34243078,64+,11188,0.11095463831644088,0.11591476008478033,0.2461565963532356,0.00907770515613653,7067969536.0,13824,1626904,0.10910684839785212,283496153088
toolagent_trace,lru,0.0025,446163482,83026370,29393272,1,31,0.00028326023391812865,0.00029838734162389676,0.967741935483871,1.0,0.0,37376,37376,0.0018914104884014981,0
toolagent_trace,lru,0.0025,446163482,83026370,29393272,2-3,8984,0.0820906432748538,0.0834848941878293,0.37622439893143367,0.5254437869822485,6472687616.0,1063084,2057799,0.10413480874417044,1973420032
toolagent_trace,lru,0.0025,446163482,83026370,29393272,4-7,16763,0.15317068713450294,0.14969246195030306,0.31199665930919285,0.00248565965583174,6628728832.0,22916,3228736,0.16339001323521776,21551382528
toolagent_trace,lru,0.0025,446163482,83026370,29393272,8-15,27746,0.25352704678362575,0.23969399505814765,0.2594247819505514,0.01875520978049458,6787463168.0,102742,4451353,0.22526048137247093,77718355968
toolagent_trace,lru,0.0025,446163482,83026370,29393272,16-31,25337,0.23151498538011697,0.23745007412214536,0.30153530410072227,0.00013089005235602096,7132979200.0,512,4560212,0.2307692852668657,191333662720
toolagent_trace,lru,0.0025,446163482,83026370,29393272,32-63,18260,0.16684941520467836,0.17218929210178746,0.29271631982475355,0.0,7361615872.0,0,3194886,0.16167703578893164,276305018880
toolagent_trace,lru,0.0025,446163482,83026370,29393272,64+,12319,0.1125639619883041,0.11719089523816327,0.29880672132478286,0.0,7753512960.0,0,2230552,0.11287696510394206,442736050176
toolagent_trace,lru,0.01,1784653926,83026370,30578881,1,5,4.629200999907416e-05,4.8811500035169064e-05,0.8,1.0,7242815488.0,2560,2560,0.00013781738711692756,0
toolagent_trace,lru,0.01,1784653926,83026370,30578881,2-3,8819,0.081649847236367,0.08304350075163036,0.3661412858600748,0.5323629606689377,5850073088.0,998825,1880822,0.10125389596563825,1815085056
toolagent_trace,lru,0.01,1784653926,83026370,30578881,4-7,16546,0.15318951948893622,0.14961458839979067,0.30327571618518073,0.0023913909924272616,5970794496.0,18438,2939476,0.158246446020671,20460863488
toolagent_trace,lru,0.01,1784653926,83026370,30578881,8-15,27446,0.25410610128691785,0.2400214946016483,0.2509655323180063,0.01713124274099884,6137929728.0,53899,4024057,0.21663477396468053,74097623040
toolagent_trace,lru,0.01,1784653926,83026370,30578881,16-31,25086,0.23225627256735487,0.2384212400801828,0.295104839352627,0.00013508037282182898,6310596608.0,512,4376680,0.23561820384645096,183723098112
toolagent_trace,lru,0.01,1784653926,83026370,30578881,32-63,18122,0.16778076104064438,0.1732409751111496,0.2943383732479859,0.0,6708084736.0,0,3142662,0.1691849474342413,271477374976
toolagent_trace,lru,0.01,1784653926,83026370,30578881,64+,11986,0.11097120636978057,0.11560938955556309,0.3067745703320541,0.0002719608376393799,7630540800.0,512,2209048,0.118923915381201,438121267200
toolagent_trace,lru,0.02,3569307853,83026370,32176527,1,5,4.7703551052340335e-05,5.034490983069321e-05,0.8,1.0,5784485888.0,2560,2560,0.00015078639522680953,0
toolagent_trace,lru,0.02,3569307853,83026370,32176527,2-3,8333,0.0795027381838304,0.08085785838417382,0.3463338533541342,0.5308385308385308,5378033664.0,887736,1675144,0.0986675489241479,1621098496
toolagent_trace,lru,0.02,3569307853,83026370,32176527,4-7,15797,0.15071459919476407,0.1470607068362409,0.28581376210672915,0.0028792912513842745,5505814528.0,18950,2630203,0.1549214176112266,18290311168
toolagent_trace,lru,0.02,3569307853,83026370,32176527,8-15,26538,0.25319136756540156,0.23876130518549424,0.236151933077097,0.015637466092229137,5658052608.0,44780,3630485,0.2138389633105483,66983034880
toolagent_trace,lru,0.02,3569307853,83026370,32176527,16-31,24334,0.23216364226152994,0.23839028679921853,0.28018410454508097,0.0008800234672924611,5750560768.0,3072,3979123,0.23437406770862815,167007748096
toolagent_trace,lru,0.02,3569307853,83026370,32176527,32-63,17771,0.16954796115022802,0.17513666676420994,0.28186371053964326,0.000798562587342783,5817217024.0,2048,2904344,0.17106857900727068,250634829824
toolagent_trace,lru,0.02,3569307853,83026370,32176527,64+,12036,0.11483198809319366,0.11974283112083188,0.31414091060152877,0.0,6096422912.0,0,2155800,0.12697863704295156,426387701760
