trace,l1_policy,l1_fraction,l1_capacity_bytes,requested_tokens,l1_avoided_tokens,events_total,events_measured,distinct_states_measured,share_repeat_evictions,share_reused_before_end,share_censored,share_reused_with_l1_ancestors,mean_depth,mean_frequency,median_seconds_since_last_use,median_seconds_to_reuse,p90_seconds_to_reuse,median_requests_to_reuse,median_arriving_bytes_to_reuse,median_distinct_bytes_to_reuse,p90_distinct_bytes_to_reuse,median_distinct_bytes_to_reuse_over_l1,median_missing_ancestor_blocks,mean_missing_ancestor_blocks,rescue_tokens_self,rescue_tokens_with_ancestors,rescue_fraction_self,rescue_fraction_with_ancestors,missing_ancestor_bytes_total,share_reused_within_1xL1_distinct_bytes,rescue_fraction_with_ancestors_within_1xL1,share_reused_within_2xL1_distinct_bytes,rescue_fraction_with_ancestors_within_2xL1,share_reused_within_4xL1_distinct_bytes,rescue_fraction_with_ancestors_within_4xL1,share_reused_within_8xL1_distinct_bytes,rescue_fraction_with_ancestors_within_8xL1,share_reused_within_16xL1_distinct_bytes,rescue_fraction_with_ancestors_within_16xL1
conversation_trace,lfu,0.0025,464360509,58742117,3630080,270081,110093,78357,0.356380514655791,0.2894552787189013,0.7105447212810987,0.056798569052624974,31.71531341683849,1.9956491330057315,0.0,111.0,450.001,406.0,9202190336.0,8273696768.0,28895406080.0,17.81739964455074,14.0,26.639282015878496,1113094,20073409,0.01894882337999497,0.3417208984824296,1101587808256,0.0032949446135500673,0.0008928687401579347,0.010073116389995921,0.0028772711749561223,0.038252737942071735,0.010692089970131652,0.13211158879091223,0.037332447518021866,0.44685725044717106,0.12884133883019572
conversation_trace,lfu,0.01,1857442038,58742117,5959928,258128,105542,78189,0.3286274658429819,0.2640560156146368,0.7359439843853631,0.0644084825433277,31.518134960489665,1.6307820583274906,0.0,108.0,458.999,387.0,9034674176.0,8062707712.0,29061201920.0,4.340758713893176,13.0,25.037317449495855,1105678,17743561,0.018822576653136285,0.30205858941038843,914840616960,0.03918332197064839,0.009585149952971562,0.13782338799382826,0.03411622022406853,0.45799992823567404,0.11547961405612944,0.7187914887509419,0.18734159683077134,0.9049840324374754,0.24914228065699437
conversation_trace,lfu,0.02,3714884076,58742117,6979188,249052,103551,78415,0.31551602591959516,0.25414530038338595,0.745854699616614,0.06866284150929057,31.781064403047772,1.5374356597232282,0.0,108.0,459.001,386.0,9034674176.0,7999465472.0,29061201920.0,2.1533553425477066,13.0,25.179427746323668,1098089,16724301,0.018693384850259995,0.28470715483406905,871461027840,0.1386176235893149,0.032434020040510284,0.4616407645248319,0.11001464247534695,0.7181289660675609,0.1769281485037388,0.904700383782346,0.23416161525128554,0.998594064673025,0.2686434504905569
conversation_trace,lru,0.0025,464360509,58742117,2662942,275832,111974,78397,0.36811224034150786,0.3002839944987229,0.6997160055012771,0.05383059719248156,31.69478628967439,2.286200367942558,6.0,105.001,447.001,385.0,8784631808.0,7953346560.0,28452073472.0,17.127525717308576,15.0,27.449827504163693,1112070,21040547,0.018931391253740482,0.3581850310229711,1188754882560,0.006810611467999049,0.002088773886034785,0.020193909112538662,0.005998132481333623,0.052313823459433736,0.015400023802342705,0.16556626219367118,0.04892047046925462,0.4706459671663098,0.1425006184234048
conversation_trace,lru,0.01,1857442038,58742117,3218284,271289,110907,78586,0.3611313983788219,0.2978441396846006,0.7021558603153993,0.05373414464323555,31.411128242581622,2.267232906849883,23.999,96.001,435.001,341.0,8048558080.0,7252381696.0,27801331712.0,3.9044996008645305,15.0,27.73471982562892,1078531,20485205,0.01836043804822356,0.34873113272373213,1168721838080,0.1010807374443738,0.029202880107300183,0.2644022644022644,0.07662406855374314,0.5073108709472346,0.15208260199406842,0.7270305452123634,0.2247281792721226,0.9152968243877335,0.29456195799003976
conversation_trace,lru,0.02,3714884076,58742117,4770907,261582,107839,78105,0.34562635039271505,0.28565732249000825,0.7143426775099917,0.05180977114104853,31.820083643208857,2.2199668023627814,45.0,87.001,435.0,311.0,7099719680.0,6545567744.0,27319111680.0,1.7619843876926404,16.0,28.898230806687227,971026,18932582,0.016530320144914082,0.3222999606908958,1110831005696,0.3399123518909268,0.09237448830793756,0.5256289563382568,0.14840209112654212,0.7315046258724233,0.20967608300531626,0.922642428177244,0.273421436275441,0.9988313585456906,0.3062013920948746
synthetic_trace,lfu,0.0025,109270871,32087376,754176,120188,62084,19623,0.8851878100637846,0.6856033760711294,0.3143966239288706,0.023916363209209444,40.35437471812383,4.989771921912248,0.0,29.271,124.872,119.0,4745216000.0,3769434112.0,11239809024.0,34.496239276796835,28.0,41.598191001996945,652057,28095624,0.020321293956850818,0.87559743121407,2341376884736,0.022835663103488783,0.015503417917376604,0.05516269235287208,0.03745946692555976,0.09510160930341831,0.0645783874630322,0.1919887231293316,0.13033424733764457,0.310137436861271,0.21053899826523678
synthetic_trace,lfu,0.01,437083484,32087376,2482701,116003,58707,19649,0.8785834738617201,0.6722707683921849,0.3277292316078151,0.025058909975422504,40.45813957449708,4.520942988059345,0.0,30.721,129.105,125.0,4981864448.0,3949017088.0,11444135936.0,9.034926352879534,27.0,41.91182506904502,625794,26367099,0.01950281007708452,0.8217281151316331,2210098315264,0.09116477056781615,0.05739799352866996,0.1855220817391745,0.11677128101718258,0.2953860186991664,0.18591822528585697,0.45529176273849037,0.2897142789114323,0.7315732130640789,0.4698616365513964
synthetic_trace,lfu,0.02,874166968,32087376,3986445,112094,55770,19686,0.8721893491124261,0.6591536668459745,0.34084633315402546,0.02570659122439542,40.94572350726197,4.238174645866954,0.0,31.866,129.105,129.0,5142456320.0,4006008832.0,11400769536.0,4.58265866664502,28.0,42.67751149315851,592895,24863355,0.01847751589285456,0.7748640773866956,2115999105024,0.15959848752754277,0.09355467396274472,0.27123854084491716,0.15899972624748127,0.43554310274475666,0.2584556306505088,0.7237561546203858,0.4332097146242186,0.965697342292103,0.6201082943024073
synthetic_trace,lru,0.0025,109270871,32087376,392704,120847,62786,19619,0.8865352148568152,0.6891663746695124,0.3108336253304877,0.023457360758030968,40.35461727136623,5.1965884114293,0.55,28.619,123.779,116.0,4648202240.0,3651983360.0,11176738816.0,33.421380525098954,28.0,41.59341345042755,655521,28457096,0.020429249185100085,0.8868626714755361,2369529053184,0.036052692396579614,0.024885799324943243,0.05833140744164548,0.04026614703551951,0.11280332794083661,0.07787009445708493,0.1913797088051768,0.13207349831285675,0.31247977813727756,0.21563296419127573
synthetic_trace,lru,0.01,437083484,32087376,1979479,116993,59689,19731,0.8803799695086196,0.6762720099180753,0.32372799008192465,0.02378239112124065,40.40883579889092,5.021930338923419,2.72,29.496,126.9,120.0,4737073152.0,3773433856.0,11198232576.0,8.633210803270709,28.0,41.84479512460982,621978,26870321,0.019383884802546648,0.8374109805675602,2249821519872,0.10977059901897637,0.0706848699625672,0.1648169251350146,0.10607670131705378,0.3024575137491949,0.1947037987774382,0.46427686666996976,0.302583140484906,0.7385671109349452,0.48584131653520063
synthetic_trace,lru,0.02,874166968,32087376,4297568,111783,55169,19914,0.8674074208341641,0.6538635828091863,0.34613641719081367,0.0245890278047293,40.47367180844315,4.722017799851366,5.768,34.66,133.511,144.0,5339983872.0,3959093248.0,11496871936.0,4.528989761598954,27.0,42.36941756992765,574275,24552232,0.01789722537611053,0.7651679588882556,2077282533376,0.14221162642419538,0.08180749962228136,0.24954952457516702,0.14548303980979935,0.4454855432040584,0.25992676995463887,0.7236160008870901,0.428593070371351,0.9678984281872869,0.6123633169630325
toolagent_trace,lfu,0.0025,446163482,83026370,30853632,265088,107469,76905,0.3333519433511059,0.2856265527733579,0.7143734472266421,0.06206020328381548,28.575766034856564,1.9942588095171632,0.0,105.0,390.003,718.0,12241631232.0,7319146496.0,23038595072.0,16.404629225123358,14.0,24.713317696116757,1119132,18300554,0.013479235572987233,0.2204185730389032,929615052800,0.0024758926244461818,0.0004185055904527682,0.014073494917904612,0.002642702553417667,0.045478238206932496,0.008569325625099591,0.14624055251498566,0.027993262863352932,0.484460516028147,0.09500789929753643
toolagent_trace,lfu,0.01,1784653926,83026370,33195655,253155,102887,76708,0.3036632421977509,0.2595954785347031,0.7404045214652969,0.07065034258115242,28.23868904720713,1.6099215644347682,0.0,102.0,393.0,698.0,11930927104.0,7169955840.0,23462854656.0,4.0175609038499935,12.0,22.700962222471826,1109377,15958531,0.013361742781239262,0.1922103905060525,739116056576,0.0473997528922835,0.007772518538387262,0.1539555954921562,0.025679202884577514,0.4995694335242802,0.08502885288131952,0.7625519487813097,0.1343453170360212,0.9436893930884721,0.1752381321741514
toolagent_trace,lfu,0.02,3569307853,83026370,34243078,243927,100834,76893,0.2892774262649503,0.2481405081619295,0.7518594918380704,0.07533671715758762,28.46138207350695,1.5099470416724519,0.0,102.0,399.0,694.0,11838248960.0,7087337472.0,24346771456.0,1.9856335636734441,12.0,22.748970864473844,1097646,14911108,0.013220450321988063,0.17959484438498274,695135633408,0.15103313216897807,0.0236504378066872,0.5041365253187323,0.08056399430686902,0.7626393829183485,0.12611254713412137,0.9446864633707686,0.16411517208327908,0.9985212421565884,0.17785219322487542
toolagent_trace,lru,0.0025,446163482,83026370,29393272,271080,109440,77000,0.3466191520467836,0.2970029239766082,0.7029970760233918,0.06014644351464435,28.552275219298245,12.072587719298246,6.0,99.0,387.0,677.0,11534778368.0,6999635968.0,22923051008.0,15.688500404880738,14.0,25.318914595126753,1226630,19760914,0.01477398084488097,0.23800768358293878,1011617890304,0.018859217327098204,0.008987337396540401,0.03144228402658134,0.011599134106429078,0.06497661826236771,0.018286154145965915,0.1893613093773074,0.04344812377079716,0.5087989170563623,0.11023830139749576
toolagent_trace,lru,0.01,1784653926,83026370,30578881,265705,108010,76972,0.3382279418572354,0.2921303583001574,0.7078696416998426,0.05878997242734447,28.384408851032312,2.257337283584853,23.999,89.999,375.0,610.0,10255255552.0,6228334592.0,22713298944.0,3.4899397027410006,14.0,25.760529902069536,1074746,18575305,0.012944634337259356,0.22372777468170654,989695311872,0.10737489303711216,0.020913957818461774,0.28723100814502583,0.05611193166701134,0.5440370170823694,0.10959356647773473,0.7831584952302475,0.16295367363405144,0.9494501315247361,0.20535285355724933
toolagent_trace,lru,0.02,3569307853,83026370,32176527,255969,104814,76466,0.32129295704772265,0.279351994962505,0.720648005037495,0.05659153005464481,28.845135191863683,2.20913236781346,45.001,81.0,359.999,556.0,9310617600.0,5752741888.0,22161754112.0,1.611724772679618,15.0,26.937943989071037,959146,16977659,0.011552305610855924,0.2044851412870393,930924724224,0.3635245901639344,0.0660730921995024,0.5655396174863389,0.10689435175836304,0.7806352459016394,0.14984599471228238,0.9594262295081967,0.1897115819949734,0.9987704918032787,0.20234165362161444
