trace,l1_fraction,l2_multiplier,cell,target,iteration,seeds,avoided_prefill_tokens_mean,avoided_prefill_tokens_std,avoided_prefill_tokens_ci95_half,avoided_prefill_tokens_min,avoided_prefill_tokens_max,avoided_prefill_tokens_all_positive,avoided_prefill_tokens_n,l2_avoided_tokens_mean,l2_avoided_tokens_std,l2_avoided_tokens_ci95_half,l2_avoided_tokens_min,l2_avoided_tokens_max,l2_avoided_tokens_all_positive,l2_avoided_tokens_n,input_token_points_vs_pi0_mean,input_token_points_vs_pi0_std,input_token_points_vs_pi0_ci95_half,input_token_points_vs_pi0_min,input_token_points_vs_pi0_max,input_token_points_vs_pi0_all_positive,input_token_points_vs_pi0_n,label_window_avoided_prefill_tokens_mean,label_window_avoided_prefill_tokens_std,label_window_avoided_prefill_tokens_ci95_half,label_window_avoided_prefill_tokens_min,label_window_avoided_prefill_tokens_max,label_window_avoided_prefill_tokens_all_positive,label_window_avoided_prefill_tokens_n
conversation_trace,0.0025,1.0,"l1=0.0025,l2x1",binary,0,5,3260753.2,11912.117662279868,14788.47645207245,3243550.0,3273758.0,True,5,597811.2,11912.117662279868,14788.47645207245,580608.0,610816.0,True,5,0.0,0.0,0.0,0.0,0.0,False,5,1940684.8,7693.641218564848,9551.38584231079,1929216.0,1949184.0,True,5
conversation_trace,0.0025,1.0,"l1=0.0025,l2x1",binary,1,5,2963076.4,28404.235402488834,35262.862431165246,2943518.0,3008030.0,True,5,300134.4,28404.235402488834,35262.862431165246,280576.0,345088.0,True,5,-0.5067519102180127,0.05026909595766634,0.062407320252630766,-0.5595712527691162,-0.4262154869222708,False,5,1695129.6,25792.301735207737,32020.238354736422,1675776.0,1734656.0,True,5
conversation_trace,0.0025,1.0,"l1=0.0025,l2x1",binary,2,5,2700625.2,10552.666544527976,13100.765550233551,2692126.0,2713630.0,True,5,37683.2,10552.666544527976,13100.765550233551,29184.0,50688.0,True,5,-0.9535373061205812,0.021911842932279702,0.027202784795487805,-0.9866583460041115,-0.9317471483024693,False,5,1549516.8,6582.7352369664695,8172.235013289364,1542144.0,1558528.0,True,5
conversation_trace,0.0025,1.0,"l1=0.0025,l2x1",binary,3,5,2716906.8,9206.039061398773,11428.974741196298,2707998.0,2728990.0,True,5,53964.8,9206.039061398773,11428.974741196298,45056.0,66048.0,True,5,-0.9258202253759429,0.03377629098097056,0.04193208109353334,-0.9631249755605505,-0.8759643442881025,False,5,1530470.4,2272.495720568028,2821.2237659029033,1528320.0,1533952.0,True,5
conversation_trace,0.0025,1.0,"l1=0.0025,l2x1",next_use,0,5,3556894.0,22299.936502151748,27684.58935635335,3525662.0,3575838.0,True,5,893952.0,22299.936502151748,27684.58935635335,862720.0,912896.0,True,5,0.0,0.0,0.0,0.0,0.0,False,5,2140160.0,10373.529389749663,12878.37305292646,2128384.0,2154496.0,True,5
conversation_trace,0.0025,1.0,"l1=0.0025,l2x1",next_use,1,5,3247096.8,23324.67313168611,28956.76395578932,3218407.0,3273310.0,True,5,584154.8,23324.67313168611,28956.76395578932,555465.0,610368.0,True,5,-0.5273851468444694,0.0635758704399797,0.0789272142516518,-0.5971439538006436,-0.46642854223316466,False,5,1898057.8,13726.94821145618,17041.524952926407,1885565.0,1916285.0,True,5
conversation_trace,0.0025,1.0,"l1=0.0025,l2x1",next_use,2,5,3152008.0,15436.301629600272,19163.627293515223,3128426.0,3166945.0,True,5,489066.0,15436.301629600272,19163.627293515223,465484.0,504003.0,True,5,-0.6892601436206325,0.051267177997459834,0.06364640411338383,-0.7564249003828037,-0.6359406488533602,False,5,1838975.4,15671.393613843027,19455.48574988809,1812480.0,1852285.0,True,5
conversation_trace,0.0025,1.0,"l1=0.0025,l2x1",next_use,3,5,3085289.4,30967.370727912952,38444.90507699444,3065450.0,3139690.0,True,5,422347.4,30967.370727912952,38444.90507699444,402508.0,476748.0,True,5,-0.80283895794903,0.07325993264579764,0.09094963796768266,-0.8627608705351902,-0.6832099701139474,False,5,1788594.6,16440.95574472482,20410.87015538211,1777152.0,1817088.0,True,5
conversation_trace,0.0025,4.0,"l1=0.0025,l2x4",binary,0,5,5743850.8,38532.20973679033,47836.387491641006,5685790.0,5789726.0,True,5,3080908.8,38532.20973679033,47836.387491641006,3022848.0,3126784.0,True,5,0.0,0.0,0.0,0.0,0.0,False,5,3397529.6,38725.27831791529,48076.075366337085,3357696.0,3443712.0,True,5
conversation_trace,0.0025,4.0,"l1=0.0025,l2x4",binary,1,5,4826393.2,64740.31821979253,80372.83534604035,4759318.0,4924826.0,True,5,2163451.2,64740.31821979253,80372.83534604035,2096376.0,2261884.0,True,5,-1.5618395230801778,0.08982010369180962,0.11150850974005638,-1.6179260274191345,-1.4035108744889122,False,5,2761523.2,41913.071793892654,52033.60920625542,2701312.0,2807296.0,True,5
conversation_trace,0.0025,4.0,"l1=0.0025,l2x4",binary,2,5,4755690.8,48161.486222914675,59790.796657398896,4677150.0,4799518.0,True,5,2092748.8,48161.486222914675,59790.796657398896,2014208.0,2136576.0,True,5,-1.6822001835582465,0.053881204907487164,0.06689162687729533,-1.7310101370708175,-1.6168297101039106,False,5,2821427.2,54190.55020204168,67275.66821518146,2725888.0,2859520.0,True,5
conversation_trace,0.0025,4.0,"l1=0.0025,l2x4",binary,3,5,4603934.0,41617.1287813083,51666.2063315661,4564510.0,4665886.0,True,5,1940992.0,41617.1287813083,51666.2063315661,1901568.0,2002944.0,True,5,-1.9405442946497824,0.08316558504210395,0.10324715813649822,-2.0613489295933953,-1.8652375092303874,False,5,2644889.6,24699.423410274176,30663.4682294347,2610176.0,2676736.0,True,5
conversation_trace,0.0025,4.0,"l1=0.0025,l2x4",next_use,0,5,5803242.8,25934.70792586645,32197.03064783594,5767710.0,5832222.0,True,5,3140300.8,25934.70792586645,32197.03064783594,3104768.0,3169280.0,True,5,0.0,0.0,0.0,0.0,0.0,False,5,3350220.8,24443.911700053246,30346.259399152896,3316224.0,3382784.0,True,5
conversation_trace,0.0025,4.0,"l1=0.0025,l2x4",next_use,1,5,5547878.6,97405.49379167482,120925.50561366584,5392333.0,5634509.0,True,5,2884936.6,97405.49379167482,120925.50561366584,2729391.0,2971567.0,True,5,-0.4347207983668685,0.14000423124987238,0.17381034470347725,-0.6390253180694867,-0.2633629972852357,False,5,3290095.0,77772.61461465726,96551.97442239156,3192303.0,3381231.0,True,5
conversation_trace,0.0025,4.0,"l1=0.0025,l2x4",next_use,2,5,5415105.4,39707.877226061835,49295.93746197191,5360222.0,5450319.0,True,5,2752163.4,39707.877226061835,49295.93746197191,2697280.0,2787377.0,True,5,-0.6607480625868489,0.09693183529356006,0.12033747519419856,-0.8035120695428801,-0.5751512156090663,False,5,3138019.4,56526.052160043866,70175.11201592999,3085181.0,3209597.0,True,5
conversation_trace,0.0025,4.0,"l1=0.0025,l2x4",next_use,3,5,5449269.6,73865.5821496047,91701.5305932585,5369816.0,5567448.0,True,5,2786327.6,73865.5821496047,91701.5305932585,2706874.0,2904506.0,True,5,-0.6025884290142284,0.10897210274757037,0.13528504511991463,-0.713964735046917,-0.45073962860412403,False,5,3135015.8,44092.39355262992,54739.160765121305,3099119.0,3190653.0,True,5
conversation_trace,0.01,1.0,"l1=0.01,l2x1",binary,0,5,6526008.8,16679.731029006434,20707.3012996208,6500716.0,6541164.0,True,5,3307724.8,16679.731029006434,20707.3012996208,3282432.0,3322880.0,True,5,0.0,0.0,0.0,0.0,0.0,False,5,3908180.8,8307.979008158361,10314.06467008885,3902856.0,3922824.0,True,5
conversation_trace,0.01,1.0,"l1=0.01,l2x1",binary,1,5,5719849.2,81157.13402529688,100753.73661319977,5652332.0,5829484.0,True,5,2501565.2,81157.13402529688,100753.73661319977,2434048.0,2611200.0,True,5,-1.3723706961395348,0.12220063089547142,0.15170779903799259,-1.4974196452606567,-1.2063031368106805,False,5,3366382.4,69362.67916394233,86111.33440334865,3277704.0,3465096.0,True,5
conversation_trace,0.01,1.0,"l1=0.01,l2x1",binary,2,5,5362949.6,170017.6930463415,211071.0052850745,5103980.0,5500268.0,True,5,2144665.6,170017.6930463415,211071.0052850745,1885696.0,2281984.0,True,5,-1.979940899984929,0.26670626212634463,0.33110647400378607,-2.3777420211123816,-1.7667459958925211,False,5,3186363.2,132696.73016016633,164738.33829349958,2968456.0,3302280.0,True,5
conversation_trace,0.01,1.0,"l1=0.01,l2x1",binary,3,5,5441695.2,41658.99570560961,51718.18265027819,5377388.0,5475692.0,True,5,2223411.2,41658.99570560961,51718.18265027819,2159104.0,2257408.0,True,5,-1.845887849087904,0.07670977398237583,0.09523249503942922,-1.9759315109463964,-1.7745904527070415,False,5,3142638.4,52837.06044813621,65595.35813755909,3089800.0,3218824.0,True,5
conversation_trace,0.01,1.0,"l1=0.01,l2x1",next_use,0,5,6680960.8,31798.682483713063,39476.949476951115,6638444.0,6716253.0,True,5,3462676.8,31798.682483713063,39476.949476951115,3420160.0,3497969.0,True,5,0.0,0.0,0.0,0.0,0.0,False,5,3910126.4,35297.192364266026,43820.22683977714,3868552.0,3961736.0,True,5
conversation_trace,0.01,1.0,"l1=0.01,l2x1",next_use,1,5,6269394.8,85476.10924229062,106115.59292661131,6170582.0,6392658.0,True,5,3051110.8,85476.10924229062,106115.59292661131,2952298.0,3174374.0,True,5,-0.7006318822319597,0.19116894810955642,0.23732954690648642,-0.8958308397363344,-0.4184152913658185,False,5,3768314.0,47993.00215656445,59581.6295958898,3717626.0,3834874.0,True,5
conversation_trace,0.01,1.0,"l1=0.01,l2x1",next_use,2,5,6245901.6,75632.28669556408,93894.832348363,6140387.0,6322246.0,True,5,3027617.6,75632.28669556408,93894.832348363,2922103.0,3103962.0,True,5,-0.7406256740798088,0.12213152317505875,0.15162200422594035,-0.8870671106388625,-0.6184438330678481,False,5,3743260.0,43751.37444698166,54315.797501211026,3672968.0,3784186.0,True,5
conversation_trace,0.01,1.0,"l1=0.01,l2x1",next_use,3,5,6281092.2,34789.27139507236,43189.66076366967,6230998.0,6325713.0,True,5,3062808.2,34789.27139507236,43189.66076366967,3012714.0,3107429.0,True,5,-0.6807187422271486,0.0420438297317581,0.05219594060188693,-0.7267426197799443,-0.6167261557835922,False,5,3795404.4,21821.01580586935,27090.026102347776,3757050.0,3807738.0,True,5
conversation_trace,0.01,4.0,"l1=0.01,l2x4",binary,0,5,12434498.4,72688.23172494982,90239.89131765098,12364908.0,12517973.0,True,5,9216214.4,72688.23172494982,90239.89131765098,9146624.0,9299689.0,True,5,0.0,0.0,0.0,0.0,0.0,False,5,7118126.8,34047.31695302876,42268.55033597328,7076232.0,7155881.0,True,5
conversation_trace,0.01,4.0,"l1=0.01,l2x4",binary,1,5,12176778.4,34191.577812379466,42447.64513523127,12124605.0,12211922.0,True,5,8958494.4,34191.577812379466,42447.64513523127,8906321.0,8993638.0,True,5,-0.4387312088190489,0.16213978778218202,0.20129086209025127,-0.6696524062964908,-0.279523463548309,False,5,6835754.6,30837.17555646107,38283.27233613539,6788278.0,6867515.0,True,5
conversation_trace,0.01,4.0,"l1=0.01,l2x4",binary,2,5,11908082.4,59563.28807075714,73945.73391695438,11846100.0,11992513.0,True,5,8689798.4,59563.28807075714,73945.73391695438,8627816.0,8774229.0,True,5,-0.8961474779671288,0.2100465398020155,0.2607654151652238,-1.1437670862287785,-0.7058070447137613,False,5,6659614.6,38014.472445372696,47193.63479564186,6598024.0,6688937.0,True,5
conversation_trace,0.01,4.0,"l1=0.01,l2x4",binary,3,5,12033019.4,52797.99723284966,65546.86252529387,11944276.0,12075418.0,True,5,8814735.4,52797.99723284966,65546.86252529387,8725992.0,8857134.0,True,5,-0.6834602164576398,0.08730056177463841,0.10838058678223658,-0.768777196095946,-0.5740957548397515,False,5,6741766.6,32415.02419866442,40242.11610780554,6706826.0,6772730.0,True,5
conversation_trace,0.01,4.0,"l1=0.01,l2x4",next_use,0,5,12490534.8,46263.1075447813,57434.02608354958,12430074.0,12547270.0,True,5,9272250.8,46263.1075447813,57434.02608354958,9211790.0,9328986.0,True,5,0.0,0.0,0.0,0.0,0.0,False,5,7044974.8,36540.56303206069,45363.827932646105,6989288.0,7081466.0,True,5
conversation_trace,0.01,4.0,"l1=0.01,l2x4",next_use,1,5,12693811.0,48036.48766302549,59635.61532760749,12612302.0,12729682.0,True,5,9475527.0,48036.48766302549,59635.61532760749,9394018.0,9511398.0,True,5,0.346048474895789,0.07112799187022412,0.08830290823828978,0.27891402007183363,0.43401398012264353,True,5,7131206.2,30620.73715964395,38014.57165457735,7084538.0,7156730.0,True,5
conversation_trace,0.01,4.0,"l1=0.01,l2x4",next_use,2,5,12796216.8,97398.93722315454,120917.36586371396,12647299.0,12918565.0,True,5,9577932.8,97398.93722315454,120917.36586371396,9429015.0,9700281.0,True,5,0.5203796111059463,0.1885231025932993,0.23404482245846572,0.2937687792218997,0.7545352851345143,True,5,7219556.0,70814.15153413899,87913.28646393458,7119409.0,7291122.0,True,5
conversation_trace,0.01,4.0,"l1=0.01,l2x4",next_use,3,5,12639282.4,47856.20754196889,59411.80387773704,12560284.0,12672849.0,True,5,9420998.4,47856.20754196889,59411.80387773704,9342000.0,9454565.0,True,5,0.2532213811769841,0.07108663757330015,0.0882515683284945,0.17367436723467083,0.32949442390712613,True,5,7117236.8,62185.837299983345,77201.53684136822,7016656.0,7173801.0,True,5
conversation_trace,0.02,1.0,"l1=0.02,l2x1",binary,0,5,10816705.4,31800.517429752617,39479.22749812804,10772059.0,10859099.0,True,5,6045798.4,31800.517429752617,39479.22749812804,6001152.0,6088192.0,True,5,0.0,0.0,0.0,0.0,0.0,False,5,6219026.0,9251.487231791438,11485.397051376289,6207250.0,6230290.0,True,5
conversation_trace,0.02,1.0,"l1=0.02,l2x1",binary,1,5,10030634.4,70286.639482906,87258.39874631692,9958247.0,10103275.0,True,5,5259727.4,70286.639482906,87258.39874631692,5187340.0,5332368.0,True,5,-1.3381727458000874,0.15628227164830463,0.1940189611680687,-1.5294647961019179,-1.1385085082990796,False,5,5816865.4,53424.16453066908,66324.22727280494,5730578.0,5868306.0,True,5
conversation_trace,0.02,1.0,"l1=0.02,l2x1",binary,2,5,10050993.4,121557.45813729407,150909.32260763974,9981019.0,10265067.0,True,5,5280086.4,121557.45813729407,150909.32260763974,5210112.0,5494160.0,True,5,-1.3035144783767325,0.2470855146107089,0.3067480038447947,-1.4459948728099126,-0.8630809134781438,False,5,5798162.0,47331.62393157454,58760.551716752656,5729554.0,5841682.0,True,5
conversation_trace,0.02,1.0,"l1=0.02,l2x1",binary,3,5,9886078.4,60902.04142555486,75607.74927172632,9815019.0,9970155.0,True,5,5115171.4,60902.04142555486,75607.74927172632,5044112.0,5199248.0,True,5,-1.5842585312340718,0.0840486426581923,0.10434344320785022,-1.6963365484427468,-1.4644892692580351,False,5,5738763.8,35084.59901723262,43556.29965272239,5697810.0,5790994.0,True,5
conversation_trace,0.02,1.0,"l1=0.02,l2x1",next_use,0,5,10628791.8,52574.9463071528,65269.952620959564,10548715.0,10691563.0,True,5,5857884.8,52574.9463071528,65269.952620959564,5777808.0,5920656.0,True,5,0.0,0.0,0.0,0.0,0.0,False,5,6057643.6,10439.025854934933,12959.684618220464,6042898.0,6071058.0,True,5
conversation_trace,0.02,1.0,"l1=0.02,l2x1",next_use,1,5,10922243.8,67350.20928846473,83612.92360790746,10842603.0,11010027.0,True,5,6151336.8,67350.20928846473,83612.92360790746,6071696.0,6239120.0,True,5,0.4995597962531722,0.1576194138707016,0.1956789763584496,0.25712386225372164,0.6711368607978497,True,5,6182674.0,30510.217042820263,37877.36480425359,6146322.0,6217490.0,True,5
conversation_trace,0.02,1.0,"l1=0.02,l2x1",next_use,2,5,10987294.2,86174.02626777979,106982.0324455584,10884587.0,11108843.0,True,5,6216387.2,86174.02626777979,106982.0324455584,6113680.0,6337936.0,True,5,0.610298740169681,0.07722304041620494,0.09586969732247554,0.5316798507619329,0.7103591448704513,True,5,6208376.4,31997.747120695858,39724.08124477962,6164754.0,6241042.0,True,5
conversation_trace,0.02,1.0,"l1=0.02,l2x1",next_use,3,5,10968348.6,79678.95910966709,98918.63427862027,10903019.0,11085795.0,True,5,6197441.6,79678.95910966709,98918.63427862027,6132112.0,6314888.0,True,5,0.5780465828291479,0.21352786777669192,0.26508736179428266,0.3774055334096999,0.9143014031993433,True,5,6201003.6,30684.566231250523,38093.81320920037,6168850.0,6250770.0,True,5
conversation_trace,0.02,4.0,"l1=0.02,l2x4",binary,0,5,17759087.0,38701.127877621344,48046.09344139983,17696034.0,17790238.0,True,5,12988180.0,38701.127877621344,48046.09344139983,12925127.0,13019331.0,True,5,0.0,0.0,0.0,0.0,0.0,False,5,9812645.0,18837.884660969765,23386.57337122792,9791976.0,9835569.0,True,5
conversation_trace,0.02,4.0,"l1=0.02,l2x4",binary,1,5,17736254.0,21942.588874150653,27240.954804401932,17699235.0,17751844.0,True,5,12965347.0,21942.588874150653,27240.954804401932,12928328.0,12980937.0,True,5,-0.038869896364136826,0.07122929706091519,0.08842867508088499,-0.12564749751868834,0.06423840666144191,False,5,9937137.0,21960.16519746607,27262.7751935916,9900960.0,9956641.0,True,5
conversation_trace,0.02,4.0,"l1=0.02,l2x4",binary,2,5,17705912.0,59377.75409612594,73715.39999206536,17617345.0,17779329.0,True,5,12935005.0,59377.75409612594,73715.39999206536,12846438.0,13008422.0,True,5,-0.09052278452953952,0.15367393720808786,0.19078080540585532,-0.2881731347884517,0.14179774964528433,False,5,9902626.2,3804.9672403320374,4723.733430936238,9898247.0,9907132.0,True,5
conversation_trace,0.02,4.0,"l1=0.02,l2x4",binary,3,5,17731410.2,20500.008419510465,25450.041745238665,17706705.0,17756735.0,True,5,12960503.2,20500.008419510465,25450.041745238665,12935798.0,12985828.0,True,5,-0.047115768742212676,0.09778319750328211,0.12139441152975262,-0.14220291039221483,0.10333471638415756,False,5,9930859.6,25573.478504106555,31748.57698502436,9903822.0,9971060.0,True,5
conversation_trace,0.02,4.0,"l1=0.02,l2x4",next_use,0,5,17581775.6,50252.218317204664,62386.36725370897,17506193.0,17642327.0,True,5,12810868.6,50252.218317204664,62386.36725370897,12735286.0,12871420.0,True,5,0.0,0.0,0.0,0.0,0.0,False,5,9891805.6,55606.043266896806,69032.95322958045,9831288.0,9956497.0,True,5
conversation_trace,0.02,4.0,"l1=0.02,l2x4",next_use,1,5,17834221.2,50393.972081986154,62562.34958295525,17758549.0,17893770.0,True,5,13063314.2,50393.972081986154,62562.34958295525,12987642.0,13122863.0,True,5,0.4297523019131231,0.09130558486364274,0.11335268253556305,0.29899841709824654,0.5478879829952332,True,5,9885648.8,48233.35856748937,59880.0236534236,9816426.0,9928983.0,True,5
conversation_trace,0.02,4.0,"l1=0.02,l2x4",next_use,2,5,17891672.8,28707.357135410428,35639.17743547528,17856789.0,17930590.0,True,5,13120765.8,28707.357135410428,35639.17743547528,13085882.0,13159683.0,True,5,0.5275553824524233,0.06747612928721848,0.0837692488717446,0.45303951166758255,0.6286630766133267,True,5,9923927.2,28544.09516344843,35436.49342106831,9895800.0,9967466.0,True,5
conversation_trace,0.02,4.0,"l1=0.02,l2x4",next_use,3,5,17897610.0,59738.82992242148,74163.66297149283,17817202.0,17956335.0,True,5,13126703.0,59738.82992242148,74163.66297149283,13046295.0,13185428.0,True,5,0.5376626109678682,0.136081538444037,0.1689404591102965,0.2976995194095575,0.6333054016422323,True,5,9938990.6,24293.868656514962,30159.986220942996,9902479.0,9967383.0,True,5
toolagent_trace,0.0025,1.0,"l1=0.0025,l2x1",binary,0,5,30527799.6,22348.316005909706,27744.650814137054,30512123.0,30566526.0,True,5,1134527.6,22348.316005909706,27744.650814137054,1118851.0,1173254.0,True,5,0.0,0.0,0.0,0.0,0.0,False,5,17472119.2,20136.641706103826,24998.93470977873,17455940.0,17505604.0,True,5
toolagent_trace,0.0025,1.0,"l1=0.0025,l2x1",binary,1,5,30215075.8,16548.86342622961,20544.833758846544,30195593.0,30240137.0,True,5,821803.8,16548.86342622961,20544.833758846544,802321.0,846865.0,True,5,-0.37665599495678304,0.03766309445259403,0.04675741133653029,-0.43384409073888214,-0.3342155028577065,False,5,17211032.8,14232.10073039114,17668.654095096495,17193392.0,17229656.0,True,5
toolagent_trace,0.0025,1.0,"l1=0.0025,l2x1",binary,2,5,29977052.6,4269.700434456731,5300.683398411129,29971940.0,29980644.0,True,5,583780.6,4269.700434456731,5300.683398411129,578668.0,587372.0,True,5,-0.6633398521457701,0.02998026675506397,0.03721945010147412,-0.7161411488904067,-0.644348295607769,False,5,17092522.4,4320.260732872496,5363.452236306253,17087812.0,17096004.0,True,5
toolagent_trace,0.0025,1.0,"l1=0.0025,l2x1",binary,3,5,30007640.2,14980.310968067386,18597.530873749554,29984744.0,30022652.0,True,5,614368.2,14980.310968067386,18597.530873749554,591472.0,629380.0,True,5,-0.6264990267549937,0.03442704486993081,0.04273996923196711,-0.6796720126388761,-0.5949290568767489,False,5,17086292.0,3605.801991235792,4476.47675669623,17083716.0,17092440.0,True,5
toolagent_trace,0.0025,1.0,"l1=0.0025,l2x1",next_use,0,5,30810169.8,13699.249311549886,17007.13773978549,30791021.0,30825706.0,True,5,1416897.8,13699.249311549886,17007.13773978549,1397749.0,1432434.0,True,5,0.0,0.0,0.0,0.0,0.0,False,5,17630224.8,14420.777898573988,17902.890184583015,17616196.0,17646404.0,True,5
toolagent_trace,0.0025,1.0,"l1=0.0025,l2x1",next_use,1,5,30524134.6,38509.84495294677,47808.62239658377,30478941.0,30569403.0,True,5,1130862.6,38509.84495294677,47808.62239658377,1085669.0,1176131.0,True,5,-0.34451126792608183,0.048598479519315806,0.06033330851438006,-0.40609748444981997,-0.27987493611969305,False,5,17413178.6,31041.036295523383,38536.358296549595,17366849.0,17439715.0,True,5
toolagent_trace,0.0025,1.0,"l1=0.0025,l2x1",next_use,2,5,30394575.4,35195.387997577185,43693.840287681254,30350354.0,30433099.0,True,5,1001303.4,35195.387997577185,43693.840287681254,957082.0,1039827.0,True,5,-0.5005571121560536,0.05367213221287746,0.06663207045679444,-0.56097237540314,-0.44404446442738615,False,5,17352521.6,30171.964947613207,37457.436686797744,17314736.0,17380272.0,True,5
toolagent_trace,0.0025,1.0,"l1=0.0025,l2x1",next_use,3,5,30429727.6,32721.30511302995,40622.3531251208,30376632.0,30466645.0,True,5,1036455.6,32721.30511302995,40622.3531251208,983360.0,1073373.0,True,5,-0.45821851539456676,0.04876430292667834,0.0605391724610357,-0.5408811682360677,-0.42106501825865683,False,5,17357358.2,16365.720353837163,20317.46805526454,17342896.0,17379117.0,True,5
toolagent_trace,0.0025,4.0,"l1=0.0025,l2x4",binary,0,5,32943207.2,7621.584002030024,9461.929334228987,32932074.0,32953066.0,True,5,3549935.2,7621.584002030024,9461.929334228987,3538802.0,3559794.0,True,5,0.0,0.0,0.0,0.0,0.0,False,5,18871948.8,14855.545604251633,18442.639048707726,18855236.0,18889540.0,True,5
toolagent_trace,0.0025,4.0,"l1=0.0025,l2x4",binary,1,5,32012149.4,46756.60644550672,58046.68766727546,31941540.0,32068425.0,True,5,2618877.4,46756.60644550672,58046.68766727546,2548268.0,2675153.0,True,5,-1.121400104569187,0.06109972067212862,0.07585316112593227,-1.2183189509549797,-1.057018390663111,False,5,18256587.8,6675.44179811344,8287.326958764004,18248163.0,18264075.0,True,5
toolagent_trace,0.0025,4.0,"l1=0.0025,l2x4",binary,2,5,31915194.8,109332.32088088134,135732.2433035715,31799962.0,32062702.0,True,5,2521922.8,109332.32088088134,135732.2433035715,2406690.0,2669430.0,True,5,-1.2381757747568634,0.13517612153259534,0.16781641575765552,-1.380365057511246,-1.0608003216327535,False,5,18264490.4,61706.51528647522,76606.47536609665,18194244.0,18348868.0,True,5
toolagent_trace,0.0025,4.0,"l1=0.0025,l2x4",binary,3,5,31944767.4,49670.52059622488,61664.20992679022,31898183.0,32026664.0,True,5,2551495.4,49670.52059622488,61664.20992679022,2504911.0,2633392.0,True,5,-1.2025574525298408,0.06244222633483867,0.07751983483942558,-1.2620640887949215,-1.101766824202961,False,5,18205170.8,33704.001048836915,41842.33567719435,18171807.0,18251136.0,True,5
toolagent_trace,0.0025,4.0,"l1=0.0025,l2x4",next_use,0,5,33057783.2,65304.73786181214,81073.54254368035,32982052.0,33136740.0,True,5,3664511.2,65304.73786181214,81073.54254368035,3588780.0,3743468.0,True,5,0.0,0.0,0.0,0.0,0.0,False,5,18861500.0,14913.102695281086,18514.094159332944,18844100.0,18879428.0,True,5
toolagent_trace,0.0025,4.0,"l1=0.0025,l2x4",next_use,1,5,32677010.0,103120.61291274408,128020.62563672864,32581008.0,32829661.0,True,5,3283738.0,103120.61291274408,128020.62563672864,3187736.0,3436389.0,True,5,-0.4586171839139782,0.15211815785038754,0.18884935987717105,-0.6190840331812651,-0.20643923129482838,False,5,18709386.6,91889.19442894252,114077.21335017795,18598258.0,18812294.0,True,5
toolagent_trace,0.0025,4.0,"l1=0.0025,l2x4",next_use,2,5,32538836.4,85643.95232180729,106323.96422543883,32472150.0,32668170.0,True,5,3145564.4,85643.95232180729,106323.96422543883,3078878.0,3274898.0,True,5,-0.6250385269162075,0.09108428102560173,0.11307794157930252,-0.7321553381172753,-0.48359816284874313,False,5,18589071.6,60547.79081271256,75167.95955551663,18521409.0,18678212.0,True,5
toolagent_trace,0.0025,4.0,"l1=0.0025,l2x4",next_use,3,5,32550598.0,88472.0633053169,109834.96486102814,32485227.0,32686523.0,True,5,3157326.0,88472.0633053169,109834.96486102814,3091955.0,3293251.0,True,5,-0.6108724252306827,0.14544808088634809,0.18056869317182475,-0.7760835503226264,-0.4614931376621669,False,5,18559918.6,48157.87365322518,59786.31177878207,18525011.0,18638657.0,True,5
toolagent_trace,0.01,1.0,"l1=0.01,l2x1",binary,0,5,33767105.0,21827.65951722722,27098.274037077415,33739457.0,33794241.0,True,5,3188224.0,21827.65951722722,27098.274037077415,3160576.0,3215360.0,True,5,0.0,0.0,0.0,0.0,0.0,False,5,19419031.6,24496.939498639418,30412.091552001762,19387390.0,19443710.0,True,5
toolagent_trace,0.01,1.0,"l1=0.01,l2x1",binary,1,5,32890523.4,80388.59442296525,99799.62164105206,32795602.0,32981132.0,True,5,2311642.4,80388.59442296525,99799.62164105206,2216721.0,2402251.0,True,5,-1.0557869746684097,0.1088801138703226,0.13517084415383965,-1.1836805583575436,-0.9316871254277406,False,5,18828360.0,56344.05745950499,69949.17197574355,18781745.0,18896453.0,True,5
toolagent_trace,0.01,1.0,"l1=0.01,l2x1",binary,2,5,32532090.4,55592.26402836999,69015.84678803424,32467788.0,32604865.0,True,5,1953209.4,55592.26402836999,69015.84678803424,1888907.0,2025984.0,True,5,-1.487496803726334,0.07815235845020624,0.09702341308082746,-1.5785117427149953,-1.3665441473594473,False,5,18632706.0,68307.33430606117,84801.1607615107,18564094.0,18723838.0,True,5
toolagent_trace,0.01,1.0,"l1=0.01,l2x1",binary,3,5,32772589.8,57055.9712361467,70832.98797053593,32710385.0,32855778.0,True,5,2193708.8,57055.9712361467,70832.98797053593,2131504.0,2276897.0,True,5,-1.1978305205924333,0.06974431270368713,0.08658511906329272,-1.2863190333384442,-1.1303191985871477,False,5,18692027.0,55219.63850841474,68553.2452688477,18640934.0,18774566.0,True,5
toolagent_trace,0.01,1.0,"l1=0.01,l2x1",next_use,0,5,34029777.4,43517.659844021946,54025.649015411596,33961181.0,34072285.0,True,5,3450896.4,43517.659844021946,54025.649015411596,3382300.0,3493404.0,True,5,0.0,0.0,0.0,0.0,0.0,False,5,19463902.8,36030.760902317896,44730.92646166831,19413522.0,19493906.0,True,5
toolagent_trace,0.01,1.0,"l1=0.01,l2x1",next_use,1,5,33522245.8,19029.51542210153,23624.476242810826,33491128.0,33543240.0,True,5,2943364.8,19029.51542210153,23624.476242810826,2912247.0,2964359.0,True,5,-0.611289642073958,0.042044199285830045,0.05219639939031109,-0.6606346875095226,-0.5661490439724151,False,5,19213654.2,32952.860804488584,40909.82139798069,19171478.0,19248278.0,True,5
toolagent_trace,0.01,1.0,"l1=0.01,l2x1",next_use,2,5,33322061.4,76796.59209756642,95340.27668569142,33205682.0,33403566.0,True,5,2743180.4,76796.59209756642,95340.27668569142,2626801.0,2824685.0,True,5,-0.8523990630928463,0.11177009216187923,0.13875865088337005,-0.9752660510148764,-0.7038318066898505,False,5,19057685.6,87508.77039931483,108639.07049020866,18915876.0,19143698.0,True,5
toolagent_trace,0.01,1.0,"l1=0.01,l2x1",next_use,3,5,33306361.0,77395.0997415211,96083.30294264623,33202237.0,33409597.0,True,5,2727480.0,77395.0997415211,96083.30294264623,2623356.0,2830716.0,True,5,-0.8713091997157048,0.09856730496318229,0.12236785345127986,-0.9794153351519523,-0.7401744770968549,False,5,19083095.2,84376.4504776066,104750.4051230741,18970148.0,19201060.0,True,5
toolagent_trace,0.01,4.0,"l1=0.01,l2x4",binary,0,5,39743818.0,19088.222848133348,23697.359454012014,39717361.0,39767380.0,True,5,9164937.0,19088.222848133348,23697.359454012014,9138480.0,9188499.0,True,5,0.0,0.0,0.0,0.0,0.0,False,5,22627475.8,28484.37129725703,35362.34833504427,22587940.0,22665746.0,True,5
toolagent_trace,0.01,4.0,"l1=0.01,l2x4",binary,1,5,39523423.4,62432.313807034254,77507.52878367866,39461690.0,39607171.0,True,5,8944542.4,62432.313807034254,77507.52878367866,8882809.0,9028290.0,True,5,-0.2654513258859806,0.07080456027323592,0.08790137924978239,-0.3378059284056379,-0.1911994948111064,False,5,22366248.0,19627.887876692184,24367.334666909795,22347183.0,22396006.0,True,5
toolagent_trace,0.01,4.0,"l1=0.01,l2x4",binary,2,5,39357181.2,77225.35706100684,95872.5733557781,39287268.0,39477129.0,True,5,8778300.2,77225.35706100684,95872.5733557781,8708387.0,8898248.0,True,5,-0.46567951844697053,0.10235754971154981,0.1270733094245964,-0.5782644718780311,-0.31921063151381907,False,5,22155956.6,34452.58648926086,42771.67825690448,22101542.0,22188714.0,True,5
toolagent_trace,0.01,4.0,"l1=0.01,l2x4",binary,3,5,39629179.2,82547.14825298327,102479.39054451358,39505114.0,39711004.0,True,5,9050298.2,82547.14825298327,102479.39054451358,8926233.0,9132123.0,True,5,-0.1380751681664512,0.078032639247668,0.09687478588809884,-0.25563805812538837,-0.0679013185810725,False,5,22351375.0,30563.66625586662,37943.72012838045,22302146.0,22385320.0,True,5
toolagent_trace,0.01,4.0,"l1=0.01,l2x4",next_use,0,5,39768058.0,56792.22080091604,70505.55105199512,39686468.0,39846542.0,True,5,9189177.0,56792.22080091604,70505.55105199512,9107587.0,9267661.0,True,5,0.0,0.0,0.0,0.0,0.0,False,5,22552060.0,40650.68977889551,50466.40619235134,22485272.0,22587017.0,True,5
toolagent_trace,0.01,4.0,"l1=0.01,l2x4",next_use,1,5,39735539.2,62041.15790102567,77021.92243986171,39655029.0,39801704.0,True,5,9156658.2,62041.15790102567,77021.92243986171,9076148.0,9222823.0,True,5,-0.03916683338076806,0.046803066920043046,0.05810436671755955,-0.07441852510232592,0.04106887968244306,False,5,22450977.0,31815.008730157533,39497.21793953181,22424860.0,22494715.0,True,5
toolagent_trace,0.01,4.0,"l1=0.01,l2x4",next_use,2,5,39958320.4,120477.54279864774,149568.64557534567,39747983.0,40042153.0,True,5,9379439.4,120477.54279864774,149568.64557534567,9169102.0,9463272.0,True,5,0.22915900092946373,0.1698674261614112,0.21088445421562405,-0.02363465968703678,0.42840003724118014,False,5,22593264.2,60601.57765850655,75234.73403886263,22497271.0,22659403.0,True,5
toolagent_trace,0.01,4.0,"l1=0.01,l2x4",next_use,3,5,39868789.8,133979.8010194074,166331.2257822045,39633852.0,39968206.0,True,5,9289908.8,133979.8010194074,166331.2257822045,9054971.0,9389325.0,True,5,0.12132506816810129,0.19165993860206368,0.23793909438935149,-0.1713178596149633,0.3393355629060984,False,5,22513230.6,82622.18638053583,102572.54774911645,22374171.0,22595242.0,True,5
toolagent_trace,0.02,1.0,"l1=0.02,l2x1",binary,0,5,38107647.4,77022.78163504614,95621.0830665179,37982637.0,38186895.0,True,5,5931120.4,77022.78163504614,95621.0830665179,5806110.0,6010368.0,True,5,0.0,0.0,0.0,0.0,0.0,False,5,21759667.4,44142.822143582984,54801.76609281901,21681859.0,21791401.0,True,5
toolagent_trace,0.02,1.0,"l1=0.02,l2x1",binary,1,5,37492596.2,81802.92044114317,101555.45780791665,37418232.0,37589664.0,True,5,5316069.2,81802.92044114317,101555.45780791665,5241705.0,5413137.0,True,5,-0.7407901850942056,0.16385120690408006,0.2034155289296293,-0.921685483780635,-0.4973359668741389,False,5,21422142.0,72744.46801647531,90309.7067019978,21323054.0,21499725.0,True,5
toolagent_trace,0.02,1.0,"l1=0.02,l2x1",binary,2,5,37666135.0,73858.68722093562,91692.97078104441,37555495.0,37738473.0,True,5,5489608.0,73858.68722093562,91692.97078104441,5378968.0,5561946.0,True,5,-0.5317737003315934,0.05448012454709932,0.0676351646124148,-0.6186203250846689,-0.47127918515527056,False,5,21413247.0,35497.41060978956,44068.790772164735,21357737.0,21453481.0,True,5
toolagent_trace,0.02,1.0,"l1=0.02,l2x1",binary,3,5,37550001.2,103385.7472633438,128349.7806376816,37465253.0,37720539.0,True,5,5373474.2,103385.7472633438,128349.7806376816,5288726.0,5544012.0,True,5,-0.6716495012367758,0.20247406389844366,0.2513644518135551,-0.8096704697555729,-0.3156804277966145,False,5,21408971.4,58207.979210757694,72263.16548289219,21353262.0,21504814.0,True,5
toolagent_trace,0.02,1.0,"l1=0.02,l2x1",next_use,0,5,37946576.6,25355.225039427278,31477.622960349705,37913427.0,37974463.0,True,5,5770049.6,25355.225039427278,31477.622960349705,5736900.0,5797936.0,True,5,0.0,0.0,0.0,0.0,0.0,False,5,21597577.8,22465.65919798482,27890.328273175997,21569213.0,21632189.0,True,5
toolagent_trace,0.02,1.0,"l1=0.02,l2x1",next_use,1,5,38060208.2,115319.32140235651,143164.89455337755,37895042.0,38206451.0,True,5,5883681.2,115319.32140235651,143164.89455337755,5718515.0,6029924.0,True,5,0.13686205960829073,0.16435237622013305,0.2040377130650681,-0.09565756036305093,0.35292883453774987,False,5,21602795.2,42817.24625311628,53156.11009802674,21545149.0,21645102.0,True,5
toolagent_trace,0.02,1.0,"l1=0.02,l2x1",next_use,2,5,38201447.8,70578.21092022664,87620.37446357892,38086131.0,38258733.0,True,5,6024920.8,70578.21092022664,87620.37446357892,5909604.0,6082206.0,True,5,0.3069762052706869,0.06812174259532006,0.08457075515926538,0.20801102107679764,0.3948263666109936,True,5,21649415.2,34887.413986995365,43311.50135077154,21604654.0,21687598.0,True,5
toolagent_trace,0.02,1.0,"l1=0.02,l2x1",next_use,3,5,38136570.6,116380.39612537844,144482.18162190504,37999490.0,38296450.0,True,5,5960043.6,116380.39612537844,144482.18162190504,5822963.0,6119923.0,True,5,0.2288357301421223,0.12262347002406031,0.1522327389918643,0.06408445894960842,0.3878129322045514,True,5,21629287.2,44010.99488423319,54638.1071720539,21574333.0,21683502.0,True,5
toolagent_trace,0.02,4.0,"l1=0.02,l2x4",binary,0,5,45076546.2,57245.28641905812,71068.01613293988,45009680.0,45138940.0,True,5,12900019.2,57245.28641905812,71068.01613293988,12833153.0,12962413.0,True,5,0.0,0.0,0.0,0.0,0.0,False,5,25316219.2,36889.51226568332,45797.03617241507,25259437.0,25358691.0,True,5
toolagent_trace,0.02,4.0,"l1=0.02,l2x4",binary,1,5,45228709.8,41332.73939264128,51313.146875912884,45155009.0,45251801.0,True,5,13052182.8,41332.73939264128,51313.146875912884,12978482.0,13075274.0,True,5,0.18327141123958568,0.10746366942669851,0.13341237803605327,0.019354091958976406,0.291619397548032,True,5,25566996.2,39073.03672227179,48507.805233321305,25507229.0,25611042.0,True,5
toolagent_trace,0.02,4.0,"l1=0.02,l2x4",binary,2,5,45070768.0,51822.36645503561,64335.65111917192,44989923.0,45128081.0,True,5,12894241.0,51822.36645503561,64335.65111917192,12813396.0,12951554.0,True,5,-0.006959475646110988,0.06517786408757924,0.08091603320102417,-0.07801376839671541,0.09566117367289453,False,5,25482843.8,40451.77937619061,50219.465900971554,25425103.0,25533219.0,True,5
toolagent_trace,0.02,4.0,"l1=0.02,l2x4",binary,3,5,45196158.8,21349.89354071818,26505.14432718727,45177933.0,45230869.0,True,5,13019631.8,21349.89354071818,26505.14432718727,13001406.0,13054342.0,True,5,0.14406579499982958,0.06414395277357193,0.07963246855246932,0.04696459691059599,0.21175802338461863,True,5,25524511.6,15313.428349001408,19011.08442345282,25505702.0,25544999.0,True,5
toolagent_trace,0.02,4.0,"l1=0.02,l2x4",next_use,0,5,45028687.0,23290.75333689316,28914.653719744303,44991467.0,45050826.0,True,5,12852160.0,23290.75333689316,28914.653719744303,12814940.0,12874299.0,True,5,0.0,0.0,0.0,0.0,0.0,False,5,25509685.0,35761.09834023558,44396.14984491378,25454418.0,25552861.0,True,5
toolagent_trace,0.02,4.0,"l1=0.02,l2x4",next_use,1,5,45397883.6,54011.76406395184,67053.71149278685,45340104.0,45461895.0,True,5,13221356.6,54011.76406395184,67053.71149278685,13163577.0,13285368.0,True,5,0.44467390300214255,0.06284797617473681,0.07802355904051927,0.3808175643473272,0.511924103149397,True,5,25608889.6,48946.608200160306,60765.49806664265,25569515.0,25683828.0,True,5
toolagent_trace,0.02,4.0,"l1=0.02,l2x4",next_use,2,5,45405986.2,67061.63221395673,83254.66528709831,45346325.0,45479680.0,True,5,13229459.2,67061.63221395673,83254.66528709831,13169798.0,13303153.0,True,5,0.4544329711150807,0.06800791691093361,0.08442944456270199,0.372543084805466,0.5270156939295311,True,5,25593370.4,49011.98183403727,60846.657141173724,25543247.0,25652228.0,True,5
toolagent_trace,0.02,4.0,"l1=0.02,l2x4",next_use,3,5,45430028.2,44643.46357754963,55423.29488115457,45361418.0,45484676.0,True,5,13253501.2,44643.46357754963,55423.29488115457,13184891.0,13308149.0,True,5,0.48339003620175136,0.03490303003593359,0.04333088812804697,0.44558252998414843,0.539178094863114,True,5,25603335.2,11537.071127456917,14322.86932780576,25590359.0,25617160.0,True,5
