trace,l1_fraction,l2_multiplier,policy,seed,window,selector,arrival_rejection,decisions,mean_regret_tokens,median_regret_tokens,p90_regret_tokens,max_regret_tokens,zero_regret_rate,regret_ge_512_rate,constant_q_decisions,mean_q_range_tokens,mean_spearman
conversation_trace,0.0025,1,pi0,0,600,count,True,8,17600.0,11008.0,41113.6,45056,0.0,1.0,0,58112.0,0.1420416927423496
conversation_trace,0.0025,1,pi0,0,600,learned,True,8,19648.0,15616.0,34969.6,38912,0.0,1.0,0,58112.0,0.03502438851415844
conversation_trace,0.0025,1,pi0,0,600,lfu,True,8,17920.0,15616.0,34969.6,38912,0.125,0.875,0,58112.0,0.19490237441125396
conversation_trace,0.0025,1,pi0,0,600,lru,True,8,20416.0,11776.0,41113.6,45056,0.0,1.0,0,58112.0,-0.10088705886086283
conversation_trace,0.0025,1,pi0,0,600,next_use,True,8,17600.0,11008.0,41113.6,45056,0.0,1.0,0,58112.0,0.09580802706814837
conversation_trace,0.0025,1,pi0,0,end,count,True,8,23232.0,19968.0,52736.0,67072,0.0,1.0,0,72320.0,-0.011758016113308865
conversation_trace,0.0025,1,pi0,0,end,learned,True,8,45824.0,46080.0,62515.2,65024,0.0,1.0,0,72320.0,0.012021869063250522
conversation_trace,0.0025,1,pi0,0,end,lfu,True,8,42560.0,42240.0,62515.2,65024,0.0,1.0,0,72320.0,0.04973697193793628
conversation_trace,0.0025,1,pi0,0,end,lru,True,8,26496.0,20992.0,53811.2,67072,0.0,1.0,0,72320.0,0.006933250587519962
conversation_trace,0.0025,1,pi0,0,end,next_use,True,8,23232.0,19968.0,52736.0,67072,0.0,1.0,0,72320.0,-0.009061872455958506
conversation_trace,0.0025,1,pi0,1,600,count,True,8,19392.0,20480.0,33945.6,37888,0.125,0.875,0,46144.0,0.2775865869891365
conversation_trace,0.0025,1,pi0,1,600,learned,True,8,10368.0,7680.0,23193.6,23552,0.25,0.75,0,46144.0,0.19836777898275842
conversation_trace,0.0025,1,pi0,1,600,lfu,True,8,14208.0,15616.0,26163.199999999997,32256,0.25,0.75,0,46144.0,0.2918796989345787
conversation_trace,0.0025,1,pi0,1,600,lru,True,8,11904.0,7424.0,26777.6,37888,0.25,0.75,0,46144.0,-0.10322121653589296
conversation_trace,0.0025,1,pi0,1,600,next_use,True,8,19392.0,20480.0,33945.6,37888,0.125,0.875,0,46144.0,0.2266058757855803
conversation_trace,0.0025,1,pi0,1,end,count,True,8,17920.0,12032.0,52172.8,53248,0.375,0.625,0,53696.0,0.30260630262549365
conversation_trace,0.0025,1,pi0,1,end,learned,True,8,4352.0,3328.0,9983.999999999998,15360,0.375,0.625,0,53696.0,0.1612679511640963
conversation_trace,0.0025,1,pi0,1,end,lfu,True,8,11008.0,4864.0,26726.399999999994,53248,0.25,0.75,0,53696.0,0.3035024290410654
conversation_trace,0.0025,1,pi0,1,end,lru,True,8,16512.0,14080.0,33075.2,51712,0.25,0.75,0,53696.0,-0.07161252929682159
conversation_trace,0.0025,1,pi0,1,end,next_use,True,8,17920.0,12032.0,52172.8,53248,0.375,0.625,0,53696.0,0.24610349953221058
conversation_trace,0.0025,1,pi0,2,600,count,True,8,22272.0,20992.0,34867.2,37376,0.0,1.0,0,52224.0,0.1628323178580543
conversation_trace,0.0025,1,pi0,2,600,learned,True,8,13312.0,17408.0,23244.8,26112,0.25,0.75,0,52224.0,-0.007488100385291425
conversation_trace,0.0025,1,pi0,2,600,lfu,True,8,13312.0,17408.0,23244.8,26112,0.25,0.75,0,52224.0,0.1833607671088966
conversation_trace,0.0025,1,pi0,2,600,lru,True,8,24704.0,28160.0,37683.2,38400,0.0,1.0,0,52224.0,-0.1539572810859404
conversation_trace,0.0025,1,pi0,2,600,next_use,True,8,22272.0,20992.0,34867.2,37376,0.0,1.0,0,52224.0,0.1928517308223966
conversation_trace,0.0025,1,pi0,2,end,count,True,8,39680.0,38912.0,62873.6,65024,0.0,1.0,0,70272.0,0.16503131029605533
conversation_trace,0.0025,1,pi0,2,end,learned,True,8,15488.0,19200.0,26368.0,31744,0.25,0.75,0,70272.0,0.030730190581677298
conversation_trace,0.0025,1,pi0,2,end,lfu,True,8,15488.0,19200.0,26368.0,31744,0.25,0.75,0,70272.0,0.2832737648688821
conversation_trace,0.0025,1,pi0,2,end,lru,True,8,44224.0,50432.0,66099.2,68608,0.0,1.0,0,70272.0,-0.25204703031363146
conversation_trace,0.0025,1,pi0,2,end,next_use,True,8,39680.0,38912.0,62873.6,65024,0.0,1.0,0,70272.0,0.17608901903588653
conversation_trace,0.0025,1,pi0,3,600,count,True,8,32576.0,33024.0,47923.2,55808,0.0,1.0,0,52736.0,0.25528618416684046
conversation_trace,0.0025,1,pi0,3,600,learned,True,8,12224.0,11776.0,24627.2,27136,0.375,0.625,0,52736.0,0.10029726414398354
conversation_trace,0.0025,1,pi0,3,600,lfu,True,8,13760.0,16384.0,24627.2,27136,0.25,0.75,0,52736.0,0.11008463063234968
conversation_trace,0.0025,1,pi0,3,600,lru,True,8,28736.0,27648.0,46489.6,55808,0.0,1.0,0,52736.0,-0.04638281508365339
conversation_trace,0.0025,1,pi0,3,600,next_use,True,8,32576.0,33024.0,47923.2,55808,0.0,1.0,0,52736.0,0.22351242632606214
conversation_trace,0.0025,1,pi0,3,end,count,True,8,43264.0,46336.0,57856.0,57856,0.0,1.0,0,73664.0,0.2226160077742773
conversation_trace,0.0025,1,pi0,3,end,learned,True,8,5952.0,0.0,17254.399999999998,24064,0.625,0.375,0,73664.0,0.06383125582868376
conversation_trace,0.0025,1,pi0,3,end,lfu,True,8,13696.0,11776.0,28211.199999999997,37888,0.375,0.625,0,73664.0,0.15447866877961233
conversation_trace,0.0025,1,pi0,3,end,lru,True,8,40512.0,45056.0,51660.8,52736,0.0,1.0,0,73664.0,-0.2217379548816505
conversation_trace,0.0025,1,pi0,3,end,next_use,True,8,43264.0,46336.0,57856.0,57856,0.0,1.0,0,73664.0,0.2156366175840746
conversation_trace,0.0025,1,pi0,4,600,count,False,2,24832.0,24832.0,27904.0,28672,0.0,1.0,0,42752.0,-0.0031154351496438734
conversation_trace,0.0025,1,pi0,4,600,count,True,6,23637.333333333332,27648.0,36608.0,37376,0.16666666666666666,0.8333333333333334,0,47274.666666666664,0.04489907463443308
conversation_trace,0.0025,1,pi0,4,600,learned,False,2,6144.0,6144.0,6553.6,6656,0.0,1.0,0,42752.0,0.466938843973565
conversation_trace,0.0025,1,pi0,4,600,learned,True,6,13141.333333333334,7680.0,27648.0,28672,0.0,1.0,0,47274.666666666664,0.02791270596198972
conversation_trace,0.0025,1,pi0,4,600,lfu,False,2,6144.0,6144.0,6553.6,6656,0.0,1.0,0,42752.0,0.39780327922161907
conversation_trace,0.0025,1,pi0,4,600,lfu,True,6,13909.333333333334,7680.0,27648.0,28672,0.0,1.0,0,47274.666666666664,-0.02813149317849815
conversation_trace,0.0025,1,pi0,4,600,lru,False,2,24832.0,24832.0,27904.0,28672,0.0,1.0,0,42752.0,-0.49760958486727513
conversation_trace,0.0025,1,pi0,4,600,lru,True,6,25088.0,27648.0,39168.0,40960,0.16666666666666666,0.8333333333333334,0,47274.666666666664,-0.06469535192429501
conversation_trace,0.0025,1,pi0,4,600,next_use,False,2,24832.0,24832.0,27904.0,28672,0.0,1.0,0,42752.0,-0.21872005436587438
conversation_trace,0.0025,1,pi0,4,600,next_use,True,6,23637.333333333332,27648.0,36608.0,37376,0.16666666666666666,0.8333333333333334,0,47274.666666666664,0.06553291077240057
conversation_trace,0.0025,1,pi0,4,end,count,False,2,28416.0,28416.0,30259.2,30720,0.0,1.0,0,51456.0,-0.022400257817400904
conversation_trace,0.0025,1,pi0,4,end,count,True,6,27050.666666666668,29696.0,48128.0,51712,0.16666666666666666,0.8333333333333334,0,52821.333333333336,-0.021485752562219414
conversation_trace,0.0025,1,pi0,4,end,learned,False,2,16896.0,16896.0,19353.6,19968,0.0,1.0,0,51456.0,0.3203591674752878
conversation_trace,0.0025,1,pi0,4,end,learned,True,6,13397.333333333334,13568.0,17920.0,20480,0.0,1.0,0,52821.333333333336,-0.007149216774965873
conversation_trace,0.0025,1,pi0,4,end,lfu,False,2,16896.0,16896.0,19353.6,19968,0.0,1.0,0,51456.0,0.26602045327702284
conversation_trace,0.0025,1,pi0,4,end,lfu,True,6,15786.666666666666,14592.0,21760.0,23040,0.0,1.0,0,52821.333333333336,-0.07433559861040484
conversation_trace,0.0025,1,pi0,4,end,lru,False,2,28416.0,28416.0,30259.2,30720,0.0,1.0,0,51456.0,-0.360478939565938
conversation_trace,0.0025,1,pi0,4,end,lru,True,6,28586.666666666668,25600.0,48128.0,51712,0.16666666666666666,0.8333333333333334,0,52821.333333333336,-0.036342879665479624
conversation_trace,0.0025,1,pi0,4,end,next_use,False,2,28416.0,28416.0,30259.2,30720,0.0,1.0,0,51456.0,-0.2492132228458383
conversation_trace,0.0025,1,pi0,4,end,next_use,True,6,27050.666666666668,29696.0,48128.0,51712,0.16666666666666666,0.8333333333333334,0,52821.333333333336,0.03375093234438572
conversation_trace,0.0025,1,pi3,0,600,count,True,8,10752.0,10240.0,18688.0,20480,0.125,0.875,0,29615.625,0.15822499158267053
conversation_trace,0.0025,1,pi3,0,600,learned,True,8,24559.625,24832.0,31385.6,31744,0.0,1.0,0,29615.625,-0.18502799880701282
conversation_trace,0.0025,1,pi3,0,600,lfu,True,8,21088.75,20932.5,28723.2,31232,0.0,1.0,0,29615.625,-0.08142844981514882
conversation_trace,0.0025,1,pi3,0,600,lru,True,8,10752.0,10240.0,18688.0,20480,0.125,0.875,0,29615.625,0.325313250835581
conversation_trace,0.0025,1,pi3,0,600,next_use,True,8,10752.0,10240.0,18688.0,20480,0.125,0.875,0,29615.625,0.22163867925725203
conversation_trace,0.0025,1,pi3,0,end,count,True,8,11648.0,12800.0,17920.0,17920,0.125,0.875,0,31023.625,0.21255715808356884
conversation_trace,0.0025,1,pi3,0,end,learned,True,8,26543.625,27136.0,34099.2,34816,0.0,1.0,0,31023.625,-0.10891644752846662
conversation_trace,0.0025,1,pi3,0,end,lfu,True,8,22496.75,21694.5,29491.199999999997,33792,0.0,1.0,0,31023.625,-0.034522119276666215
conversation_trace,0.0025,1,pi3,0,end,lru,True,8,11648.0,12800.0,17920.0,17920,0.125,0.875,0,31023.625,0.2326428220073098
conversation_trace,0.0025,1,pi3,0,end,next_use,True,8,11648.0,12800.0,17920.0,17920,0.125,0.875,0,31023.625,0.2616686350324176
conversation_trace,0.0025,1,pi3,1,600,count,False,1,0.0,0,0.0,0,1.0,0.0,0,49664.0,0.34812320947747466
conversation_trace,0.0025,1,pi3,1,600,count,True,7,19090.285714285714,24195,30284.2,31363,0.0,1.0,0,33480.71428571428,0.00023104220512977367
conversation_trace,0.0025,1,pi3,1,600,learned,False,1,17920.0,17920,17920.0,17920,0.0,1.0,0,49664.0,-0.0541878495981259
conversation_trace,0.0025,1,pi3,1,600,learned,True,7,28415.14285714286,33280,37273.6,37888,0.0,1.0,0,33480.71428571428,-0.16720326467747992
conversation_trace,0.0025,1,pi3,1,600,lfu,False,1,12288.0,12288,12288.0,12288,0.0,1.0,0,49664.0,0.5568728896578694
conversation_trace,0.0025,1,pi3,1,600,lfu,True,7,28122.571428571428,33280,36273.4,37888,0.0,1.0,0,33480.71428571428,-0.04366913571348641
conversation_trace,0.0025,1,pi3,1,600,lru,False,1,25600.0,25600,25600.0,25600,0.0,1.0,0,49664.0,-0.7008427534711901
conversation_trace,0.0025,1,pi3,1,600,lru,True,7,19456.0,26493,31308.2,33923,0.0,1.0,0,33480.71428571428,0.019682337777378538
conversation_trace,0.0025,1,pi3,1,600,next_use,False,1,0.0,0,0.0,0,1.0,0.0,0,49664.0,0.09951169175599997
conversation_trace,0.0025,1,pi3,1,600,next_use,True,7,19090.285714285714,24195,30284.2,31363,0.0,1.0,0,33480.71428571428,0.07586343994933678
conversation_trace,0.0025,1,pi3,1,end,count,False,1,22397.0,22397,22397.0,22397,0.0,1.0,0,66048.0,0.14873628518910134
conversation_trace,0.0025,1,pi3,1,end,count,True,7,24722.285714285714,28029,34639.8,41091,0.0,1.0,0,39259.0,0.004571978372469942
conversation_trace,0.0025,1,pi3,1,end,learned,False,1,41341.0,41341,41341.0,41341,0.0,1.0,0,66048.0,0.1954526746389018
conversation_trace,0.0025,1,pi3,1,end,learned,True,7,32803.71428571428,30720,53350.40000000001,65024,0.0,1.0,0,39259.0,-0.14746985062454085
conversation_trace,0.0025,1,pi3,1,end,lfu,False,1,13693.0,13693,13693.0,13693,0.0,1.0,0,66048.0,0.5335090249416174
conversation_trace,0.0025,1,pi3,1,end,lfu,True,7,31194.571428571428,30720,48844.8,53760,0.0,1.0,0,39259.0,-0.0678269693290969
conversation_trace,0.0025,1,pi3,1,end,lru,False,1,46080.0,46080,46080.0,46080,0.0,1.0,0,66048.0,-0.6322093850259801
conversation_trace,0.0025,1,pi3,1,end,lru,True,7,23771.428571428572,27779,33970.600000000006,42115,0.0,1.0,0,39259.0,0.08688106818961722
conversation_trace,0.0025,1,pi3,1,end,next_use,False,1,22397.0,22397,22397.0,22397,0.0,1.0,0,66048.0,-0.1873391476512282
conversation_trace,0.0025,1,pi3,1,end,next_use,True,7,24722.285714285714,28029,34639.8,41091,0.0,1.0,0,39259.0,0.10021683840966247
conversation_trace,0.0025,1,pi3,2,600,count,False,1,7680.0,7680,7680.0,7680,0.0,1.0,0,15360.0,0.056127667255134975
conversation_trace,0.0025,1,pi3,2,600,count,True,7,14829.285714285714,11264,32382.20000000001,48128,0.14285714285714285,0.8571428571428571,0,38765.71428571428,-0.08310598518485844
conversation_trace,0.0025,1,pi3,2,600,learned,False,1,13824.0,13824,13824.0,13824,0.0,1.0,0,15360.0,-0.24015069708260342
conversation_trace,0.0025,1,pi3,2,600,learned,True,7,25581.285714285714,24064,37399.8,38400,0.0,1.0,0,38765.71428571428,-0.09032313963977866
conversation_trace,0.0025,1,pi3,2,600,lfu,False,1,7168.0,7168,7168.0,7168,0.0,1.0,0,15360.0,0.1667729950753198
conversation_trace,0.0025,1,pi3,2,600,lfu,True,7,24996.14285714286,24064,41291.0,48128,0.0,1.0,0,38765.71428571428,-0.39499326245267274
conversation_trace,0.0025,1,pi3,2,600,lru,False,1,7680.0,7680,7680.0,7680,0.0,1.0,0,15360.0,-0.48886138613861385
conversation_trace,0.0025,1,pi3,2,600,lru,True,7,14390.42857142857,13824,27648.0,30720,0.14285714285714285,0.8571428571428571,0,38765.71428571428,0.33683145768958955
conversation_trace,0.0025,1,pi3,2,600,next_use,False,1,7680.0,7680,7680.0,7680,0.0,1.0,0,15360.0,-0.059425739572147945
conversation_trace,0.0025,1,pi3,2,600,next_use,True,7,14829.285714285714,11264,32382.20000000001,48128,0.14285714285714285,0.8571428571428571,0,38765.71428571428,-0.094318393054851
conversation_trace,0.0025,1,pi3,2,end,count,False,1,7168.0,7168,7168.0,7168,0.0,1.0,0,16896.0,0.1989964781448672
conversation_trace,0.0025,1,pi3,2,end,count,True,7,19658.428571428572,14217,38371.40000000001,60797,0.14285714285714285,0.8571428571428571,0,47451.0,0.0838332349684965
conversation_trace,0.0025,1,pi3,2,end,learned,False,1,14848.0,14848,14848.0,14848,0.0,1.0,0,16896.0,-0.42338854364684153
conversation_trace,0.0025,1,pi3,2,end,learned,True,7,38124.42857142857,33280,51762.00000000001,60285,0.0,1.0,0,47451.0,-0.110378001541707
conversation_trace,0.0025,1,pi3,2,end,lfu,False,1,6144.0,6144,6144.0,6144,0.0,1.0,0,16896.0,0.3868234006263145
conversation_trace,0.0025,1,pi3,2,end,lfu,True,7,33809.0,33280,51966.8,60797,0.14285714285714285,0.8571428571428571,0,47451.0,-0.23551096060802662
conversation_trace,0.0025,1,pi3,2,end,lru,False,1,7168.0,7168,7168.0,7168,0.0,1.0,0,16896.0,-0.43351894499096955
conversation_trace,0.0025,1,pi3,2,end,lru,True,7,19309.714285714286,21504,31613.000000000007,40829,0.14285714285714285,0.8571428571428571,0,47451.0,0.314779354150198
conversation_trace,0.0025,1,pi3,2,end,next_use,False,1,7168.0,7168,7168.0,7168,0.0,1.0,0,16896.0,0.26558227108037724
conversation_trace,0.0025,1,pi3,2,end,next_use,True,7,19658.428571428572,14217,38371.40000000001,60797,0.14285714285714285,0.8571428571428571,0,47451.0,0.048729368767965096
conversation_trace,0.0025,1,pi3,3,600,count,True,8,13743.625,11520.0,32152.399999999998,36995,0.0,1.0,0,40175.625,0.2873122197807435
conversation_trace,0.0025,1,pi3,3,600,learned,True,8,35072.0,35393.5,43161.6,43520,0.0,1.0,0,40175.625,-0.2288971725061372
conversation_trace,0.0025,1,pi3,3,600,lfu,True,8,31407.625,35393.5,43161.6,43520,0.125,0.875,0,40175.625,-0.07093858129717098
conversation_trace,0.0025,1,pi3,3,600,lru,True,8,13679.625,11520.0,32152.399999999998,36995,0.125,0.875,0,40175.625,0.09924539179995315
conversation_trace,0.0025,1,pi3,3,600,next_use,True,8,13743.625,11520.0,32152.399999999998,36995,0.0,1.0,0,40175.625,0.3008881075918388
conversation_trace,0.0025,1,pi3,3,end,count,True,8,13848.75,4707.0,44235.6,49795,0.375,0.625,0,49592.0,0.3093994318990416
conversation_trace,0.0025,1,pi3,3,end,learned,True,8,44360.375,47235.0,59731.2,62912,0.0,1.0,0,49592.0,-0.18857512742411928
conversation_trace,0.0025,1,pi3,3,end,lfu,True,8,40632.0,47235.0,59731.2,62912,0.125,0.875,0,49592.0,-0.03297313624341815
conversation_trace,0.0025,1,pi3,3,end,lru,True,8,13184.0,2048.0,44235.6,49795,0.5,0.5,0,49592.0,0.10707707902001505
conversation_trace,0.0025,1,pi3,3,end,next_use,True,8,13848.75,4707.0,44235.6,49795,0.375,0.625,0,49592.0,0.26293239338174323
conversation_trace,0.0025,1,pi3,4,600,count,False,1,6656.0,6656,6656.0,6656,0.0,1.0,0,19456.0,0.27026907466280725
conversation_trace,0.0025,1,pi3,4,600,count,True,7,10496.857142857143,9347,18124.800000000003,24576,0.0,1.0,0,31835.85714285714,0.24521524301137254
conversation_trace,0.0025,1,pi3,4,600,learned,False,1,0.0,0,0.0,0,1.0,0.0,0,19456.0,-0.0012315420363210434
conversation_trace,0.0025,1,pi3,4,600,learned,True,7,2687.5714285714284,0,7499.000000000004,12800,0.5714285714285714,0.42857142857142855,0,31835.85714285714,0.041836331427988246
conversation_trace,0.0025,1,pi3,4,600,lfu,False,1,0.0,0,0.0,0,1.0,0.0,0,19456.0,0.013918654604035859
conversation_trace,0.0025,1,pi3,4,600,lfu,True,7,4534.857142857143,2048,12852.4,12931,0.42857142857142855,0.5714285714285714,0,31835.85714285714,0.12865085413071237
conversation_trace,0.0025,1,pi3,4,600,lru,False,1,6656.0,6656,6656.0,6656,0.0,1.0,0,19456.0,0.0686881188118812
conversation_trace,0.0025,1,pi3,4,600,lru,True,7,10496.857142857143,9347,18124.800000000003,24576,0.0,1.0,0,31835.85714285714,-0.15831852241122069
conversation_trace,0.0025,1,pi3,4,600,next_use,False,1,6656.0,6656,6656.0,6656,0.0,1.0,0,19456.0,0.3798123783127409
conversation_trace,0.0025,1,pi3,4,600,next_use,True,7,10496.857142857143,9347,18124.800000000003,24576,0.0,1.0,0,31835.85714285714,0.20434968029562545
conversation_trace,0.0025,1,pi3,4,end,count,False,1,6656.0,6656,6656.0,6656,0.0,1.0,0,18944.0,0.2735331939220199
conversation_trace,0.0025,1,pi3,4,end,count,True,7,17865.571428571428,17920,28519.600000000006,35971,0.0,1.0,0,38107.42857142857,0.21892569596581152
conversation_trace,0.0025,1,pi3,4,end,learned,False,1,0.0,0,0.0,0,1.0,0.0,0,18944.0,0.0036946261089631292
conversation_trace,0.0025,1,pi3,4,end,learned,True,7,6746.142857142857,4477,15229.0,16765,0.42857142857142855,0.5714285714285714,0,38107.42857142857,0.10124736784603547
conversation_trace,0.0025,1,pi3,4,end,lfu,False,1,0.0,0,0.0,0,1.0,0.0,0,18944.0,0.07085860525690982
conversation_trace,0.0025,1,pi3,4,end,lfu,True,7,4351.142857142857,0,12747.6,14205,0.5714285714285714,0.42857142857142855,0,38107.42857142857,0.15201336716654745
conversation_trace,0.0025,1,pi3,4,end,lru,False,1,6656.0,6656,6656.0,6656,0.0,1.0,0,18944.0,0.017945544554455448
conversation_trace,0.0025,1,pi3,4,end,lru,True,7,17865.571428571428,17920,28519.600000000006,35971,0.0,1.0,0,38107.42857142857,-0.22420800839574553
conversation_trace,0.0025,1,pi3,4,end,next_use,False,1,6656.0,6656,6656.0,6656,0.0,1.0,0,18944.0,0.3667827941510688
conversation_trace,0.0025,1,pi3,4,end,next_use,True,7,17865.571428571428,17920,28519.600000000006,35971,0.0,1.0,0,38107.42857142857,0.227343902510796
conversation_trace,0.02,4,pi0,0,600,count,False,8,51810.875,41411.5,91505.5,98334,0.0,1.0,0,115728.5,0.20111217597202063
conversation_trace,0.02,4,pi0,0,600,learned,False,8,84070.5,86170.5,111749.59999999999,126976,0.0,1.0,0,115728.5,-0.09252450980392157
conversation_trace,0.02,4,pi0,0,600,lfu,False,8,58488.5,62369.5,96189.5,100743,0.0,1.0,0,115728.5,-0.027446303187606744
conversation_trace,0.02,4,pi0,0,600,lru,False,8,51810.875,41411.5,91505.5,98334,0.0,1.0,0,115728.5,0.045930933590841154
conversation_trace,0.02,4,pi0,0,600,next_use,False,8,51810.875,41411.5,91505.5,98334,0.0,1.0,0,115728.5,0.1972491025285354
conversation_trace,0.02,4,pi0,0,end,count,False,8,67554.375,81527.0,112189.0,116935,0.0,1.0,0,148982.875,0.17690902424212437
conversation_trace,0.02,4,pi0,0,end,learned,False,8,117505.25,114154.0,166284.8,171826,0.0,1.0,0,148982.875,-0.13511029411764708
conversation_trace,0.02,4,pi0,0,end,lfu,False,8,82934.5,73656.0,136477.4,171826,0.0,1.0,0,148982.875,-0.016081807952906896
conversation_trace,0.02,4,pi0,0,end,lru,False,8,67554.375,81527.0,112189.0,116935,0.0,1.0,0,148982.875,-0.11157925752730129
conversation_trace,0.02,4,pi0,0,end,next_use,False,8,67554.375,81527.0,112189.0,116935,0.0,1.0,0,148982.875,0.182826029948033
conversation_trace,0.02,4,pi0,1,600,count,False,8,46145.25,41928.0,76887.09999999999,86489,0.125,0.875,0,137475.25,0.13754085771293675
conversation_trace,0.02,4,pi0,1,600,learned,False,8,69437.0,75869.5,92956.5,107520,0.0,1.0,0,137475.25,0.11768990025115482
conversation_trace,0.02,4,pi0,1,600,lfu,False,8,68562.625,66554.0,106464.9,110086,0.0,1.0,0,137475.25,0.10424609161143732
conversation_trace,0.02,4,pi0,1,600,lru,False,8,46145.25,41928.0,76887.09999999999,86489,0.125,0.875,0,137475.25,0.07160775667717925
conversation_trace,0.02,4,pi0,1,600,next_use,False,8,46145.25,41928.0,76887.09999999999,86489,0.125,0.875,0,137475.25,0.1520956258705
conversation_trace,0.02,4,pi0,1,end,count,False,8,75948.0,45704.5,150766.69999999995,278544,0.125,0.875,0,196641.875,0.11383586254654557
conversation_trace,0.02,4,pi0,1,end,learned,False,8,93155.625,89468.0,159050.8,159104,0.0,1.0,0,196641.875,0.0968533726008494
conversation_trace,0.02,4,pi0,1,end,lfu,False,8,103509.0,108770.0,160685.3,164375,0.0,1.0,0,196641.875,0.017765207009610255
conversation_trace,0.02,4,pi0,1,end,lru,False,8,75948.0,45704.5,150766.69999999995,278544,0.125,0.875,0,196641.875,0.21262084888191193
conversation_trace,0.02,4,pi0,1,end,next_use,False,8,75948.0,45704.5,150766.69999999995,278544,0.125,0.875,0,196641.875,0.12013370361551975
conversation_trace,0.02,4,pi0,2,600,count,False,8,51943.25,42838.0,114858.7,136145,0.125,0.875,0,143960.0,-0.040822278783299505
conversation_trace,0.02,4,pi0,2,600,learned,False,8,26569.625,26316.0,56248.7,61470,0.25,0.75,0,143960.0,0.09317276819065026
conversation_trace,0.02,4,pi0,2,600,lfu,False,8,51972.625,46258.5,99320.5,112687,0.125,0.875,0,143960.0,-0.03344874048418606
conversation_trace,0.02,4,pi0,2,600,lru,False,8,51943.25,42838.0,114858.7,136145,0.125,0.875,0,143960.0,0.062270394827818105
conversation_trace,0.02,4,pi0,2,600,next_use,False,8,51943.25,42838.0,114858.7,136145,0.125,0.875,0,143960.0,-0.016025321161766012
conversation_trace,0.02,4,pi0,2,end,count,False,8,75548.0,84377.0,144948.4,183174,0.25,0.75,0,201699.875,0.07651656357264983
conversation_trace,0.02,4,pi0,2,end,learned,False,8,20493.875,14205.5,44824.1,55357,0.375,0.625,0,201699.875,0.07138480392156864
conversation_trace,0.02,4,pi0,2,end,lfu,False,8,63794.0,47615.0,159330.3,189844,0.25,0.75,0,201699.875,-0.03193029543886449
conversation_trace,0.02,4,pi0,2,end,lru,False,8,75548.0,84377.0,144948.4,183174,0.25,0.75,0,201699.875,0.0549884835864897
conversation_trace,0.02,4,pi0,2,end,next_use,False,8,75548.0,84377.0,144948.4,183174,0.25,0.75,0,201699.875,0.08873188840795958
conversation_trace,0.02,4,pi0,3,600,count,False,8,46785.75,53776.5,77351.3,83764,0.0,1.0,0,113296.625,0.09689794589724751
conversation_trace,0.02,4,pi0,3,600,learned,False,8,55843.875,60241.0,86113.6,91596,0.0,1.0,0,113296.625,-0.03029966205687563
conversation_trace,0.02,4,pi0,3,600,lfu,False,8,37989.5,39317.5,50758.6,56367,0.0,1.0,0,113296.625,0.15882561219983954
conversation_trace,0.02,4,pi0,3,600,lru,False,8,46785.75,53776.5,77351.3,83764,0.0,1.0,0,113296.625,-0.23277431898972745
conversation_trace,0.02,4,pi0,3,600,next_use,False,8,46785.75,53776.5,77351.3,83764,0.0,1.0,0,113296.625,0.08768135885133288
conversation_trace,0.02,4,pi0,3,end,count,False,8,79993.25,82179.5,134403.8,142941,0.0,1.0,0,159016.375,0.13076968873403094
conversation_trace,0.02,4,pi0,3,end,learned,False,8,82601.625,71997.0,107613.5,130745,0.0,1.0,0,159016.375,-0.04794194874311547
conversation_trace,0.02,4,pi0,3,end,lfu,False,8,57037.5,50956.0,81229.7,97700,0.0,1.0,0,159016.375,0.22920868949153006
conversation_trace,0.02,4,pi0,3,end,lru,False,8,79993.25,82179.5,134403.8,142941,0.0,1.0,0,159016.375,-0.2591949973771424
conversation_trace,0.02,4,pi0,3,end,next_use,False,8,79993.25,82179.5,134403.8,142941,0.0,1.0,0,159016.375,0.12031815975441096
conversation_trace,0.02,4,pi0,4,600,count,False,8,60172.375,57709.0,128465.0,133351,0.0,1.0,0,135170.875,-0.15092847609606314
conversation_trace,0.02,4,pi0,4,600,learned,False,8,44957.75,38420.5,64225.69999999999,99295,0.0,1.0,0,135170.875,-0.011738101647003792
conversation_trace,0.02,4,pi0,4,600,lfu,False,8,50015.125,44462.5,87830.59999999999,126899,0.125,0.875,0,135170.875,0.15352812520371723
conversation_trace,0.02,4,pi0,4,600,lru,False,8,49410.75,48001.5,89324.19999999998,126371,0.0,1.0,0,135170.875,-0.17381461817920446
conversation_trace,0.02,4,pi0,4,600,next_use,False,8,60172.375,57709.0,128465.0,133351,0.0,1.0,0,135170.875,-0.14629940890365517
conversation_trace,0.02,4,pi0,4,end,count,False,8,110484.5,68596.5,209633.69999999998,276154,0.0,1.0,0,209218.5,-0.04916236854884368
conversation_trace,0.02,4,pi0,4,end,learned,False,8,57460.375,45695.5,88641.7,113505,0.0,1.0,0,209218.5,0.06054394007420458
conversation_trace,0.02,4,pi0,4,end,lfu,False,8,75951.75,75515.5,126471.59999999999,156727,0.125,0.875,0,209218.5,0.128354004836201
conversation_trace,0.02,4,pi0,4,end,lru,False,8,83170.5,61576.0,160694.8,181125,0.0,1.0,0,209218.5,-0.10928105074936255
conversation_trace,0.02,4,pi0,4,end,next_use,False,8,110484.5,68596.5,209633.69999999998,276154,0.0,1.0,0,209218.5,-0.03902048857355462
conversation_trace,0.02,4,pi3,0,600,count,False,8,56398.75,49926.0,85133.3,89047,0.0,1.0,0,137414.25,0.17028176221848476
conversation_trace,0.02,4,pi3,0,600,learned,False,8,73786.625,104455.5,133796.7,141265,0.375,0.625,0,137414.25,-0.07021734748175547
conversation_trace,0.02,4,pi3,0,600,lfu,False,8,64004.625,76976.0,104136.6,109521,0.25,0.75,0,137414.25,0.08397926442696924
conversation_trace,0.02,4,pi3,0,600,lru,False,8,56398.75,49926.0,85133.3,89047,0.0,1.0,0,137414.25,-0.15504821823972784
conversation_trace,0.02,4,pi3,0,600,next_use,False,8,56398.75,49926.0,85133.3,89047,0.0,1.0,0,137414.25,0.15018566193276026
conversation_trace,0.02,4,pi3,0,end,count,False,8,99905.875,85653.0,175099.8,177554,0.0,1.0,0,186217.125,0.1230614050734542
conversation_trace,0.02,4,pi3,0,end,learned,False,8,138508.75,133528.5,158505.3,172408,0.0,1.0,0,186217.125,-0.19406585215726688
conversation_trace,0.02,4,pi3,0,end,lfu,False,8,127190.375,123877.0,180756.59999999998,280949,0.0,1.0,0,186217.125,-0.003972990867156648
conversation_trace,0.02,4,pi3,0,end,lru,False,8,99905.875,85653.0,175099.8,177554,0.0,1.0,0,186217.125,-0.19163588999492387
conversation_trace,0.02,4,pi3,0,end,next_use,False,8,99905.875,85653.0,175099.8,177554,0.0,1.0,0,186217.125,0.10210285038066721
conversation_trace,0.02,4,pi3,1,600,count,False,8,39442.75,31241.0,80323.2,82944,0.0,1.0,0,102809.5,0.07486304485079154
conversation_trace,0.02,4,pi3,1,600,learned,False,8,11090.875,0.0,36644.299999999996,49273,0.625,0.375,0,102809.5,0.21541259673449845
conversation_trace,0.02,4,pi3,1,600,lfu,False,8,33941.5,22506.0,74438.29999999999,109698,0.25,0.75,0,102809.5,0.1728919871052104
conversation_trace,0.02,4,pi3,1,600,lru,False,8,40392.375,35039.5,80323.2,82944,0.0,1.0,0,102809.5,-0.021365163307089374
conversation_trace,0.02,4,pi3,1,600,next_use,False,8,39442.75,31241.0,80323.2,82944,0.0,1.0,0,102809.5,0.0814824425364229
conversation_trace,0.02,4,pi3,1,end,count,False,8,61014.375,70223.0,85557.5,93072,0.125,0.875,0,137789.375,0.10776711105817716
conversation_trace,0.02,4,pi3,1,end,learned,False,8,10258.625,3304.5,28775.399999999994,44636,0.5,0.5,0,137789.375,0.17401960784313728
conversation_trace,0.02,4,pi3,1,end,lfu,False,8,45178.625,33307.0,104665.9,124289,0.125,0.875,0,137789.375,0.24266338918006378
conversation_trace,0.02,4,pi3,1,end,lru,False,8,57398.875,60716.5,85557.5,93072,0.125,0.875,0,137789.375,-0.0973182987135877
conversation_trace,0.02,4,pi3,1,end,next_use,False,8,61014.375,70223.0,85557.5,93072,0.125,0.875,0,137789.375,0.11753083496046059
conversation_trace,0.02,4,pi3,2,600,count,False,8,45344.125,50205.5,64622.399999999994,83885,0.0,1.0,0,111641.75,0.14162323139721972
conversation_trace,0.02,4,pi3,2,600,learned,False,8,30922.5,34653.0,56693.7,57456,0.125,0.875,0,111641.75,0.1302348273741017
conversation_trace,0.02,4,pi3,2,600,lfu,False,8,50642.125,43943.0,73191.4,89171,0.0,1.0,0,111641.75,-0.002941728860605064
conversation_trace,0.02,4,pi3,2,600,lru,False,8,64502.75,55764.5,90931.2,98816,0.0,1.0,0,111641.75,0.09646748004631617
conversation_trace,0.02,4,pi3,2,600,next_use,False,8,45344.125,50205.5,64622.399999999994,83885,0.0,1.0,0,111641.75,0.15996439877361102
conversation_trace,0.02,4,pi3,2,end,count,False,8,53255.875,49191.0,82397.59999999999,95391,0.0,1.0,0,127470.25,0.19600581024558345
conversation_trace,0.02,4,pi3,2,end,learned,False,8,60569.25,55822.5,79230.09999999999,95391,0.0,1.0,0,127470.25,0.06067736048874599
conversation_trace,0.02,4,pi3,2,end,lfu,False,8,63556.875,61993.5,94445.7,102362,0.0,1.0,0,127470.25,-0.009179754135912441
conversation_trace,0.02,4,pi3,2,end,lru,False,8,68638.5,64741.5,101946.3,117242,0.0,1.0,0,127470.25,0.07740466554053774
conversation_trace,0.02,4,pi3,2,end,next_use,False,8,53255.875,49191.0,82397.59999999999,95391,0.0,1.0,0,127470.25,0.21106987927062876
conversation_trace,0.02,4,pi3,3,600,count,False,8,43172.5,34151.5,71388.2,73414,0.0,1.0,0,98673.125,0.2230928332497067
conversation_trace,0.02,4,pi3,3,600,learned,False,8,19992.875,23888.0,31143.199999999997,35535,0.125,0.875,0,98673.125,0.3123579938348925
conversation_trace,0.02,4,pi3,3,600,lfu,False,8,37292.875,28435.5,75604.9,89369,0.125,0.875,0,98673.125,0.24543523282492394
conversation_trace,0.02,4,pi3,3,600,lru,False,8,45599.0,36580.0,71388.2,73414,0.0,1.0,0,98673.125,0.11211182487928949
conversation_trace,0.02,4,pi3,3,600,next_use,False,8,43172.5,34151.5,71388.2,73414,0.0,1.0,0,98673.125,0.20478587396422884
conversation_trace,0.02,4,pi3,3,end,count,False,8,50909.375,46808.0,82392.29999999999,116413,0.125,0.875,0,135573.0,0.1354110827485646
conversation_trace,0.02,4,pi3,3,end,learned,False,8,19154.5,17670.5,31442.5,32888,0.125,0.875,0,135573.0,0.33076082798488987
conversation_trace,0.02,4,pi3,3,end,lfu,False,8,40305.75,31098.5,77402.29999999999,107307,0.125,0.875,0,135573.0,0.24156459507074746
conversation_trace,0.02,4,pi3,3,end,lru,False,8,63964.25,62824.0,108031.2,116413,0.0,1.0,0,135573.0,0.14387580599822467
conversation_trace,0.02,4,pi3,3,end,next_use,False,8,50909.375,46808.0,82392.29999999999,116413,0.125,0.875,0,135573.0,0.10712467417235248
conversation_trace,0.02,4,pi3,4,600,count,False,8,55867.5,63106.5,89980.9,99216,0.0,1.0,0,105408.5,0.047066002447998086
conversation_trace,0.02,4,pi3,4,600,learned,False,8,78121.125,72597.0,114186.4,129844,0.0,1.0,0,105408.5,-0.037645012581081265
conversation_trace,0.02,4,pi3,4,600,lfu,False,8,64938.0,56835.5,100602.9,129844,0.0,1.0,0,105408.5,0.08168467595954142
conversation_trace,0.02,4,pi3,4,600,lru,False,8,61309.125,71320.5,89980.9,99216,0.0,1.0,0,105408.5,-0.13592987595930847
conversation_trace,0.02,4,pi3,4,600,next_use,False,8,55867.5,63106.5,89980.9,99216,0.0,1.0,0,105408.5,0.0406500747627998
conversation_trace,0.02,4,pi3,4,end,count,False,8,85505.0,50044.0,157400.0,208969,0.0,1.0,0,163508.625,0.11796567562592719
conversation_trace,0.02,4,pi3,4,end,learned,False,8,144221.125,149491.5,159879.8,162845,0.0,1.0,0,163508.625,-0.019362745098039213
conversation_trace,0.02,4,pi3,4,end,lfu,False,8,124437.375,141836.5,153203.6,158609,0.0,1.0,0,163508.625,0.0976827549694847
conversation_trace,0.02,4,pi3,4,end,lru,False,8,87791.5,61560.5,157400.0,208969,0.0,1.0,0,163508.625,-0.1737428825307295
conversation_trace,0.02,4,pi3,4,end,next_use,False,8,85505.0,50044.0,157400.0,208969,0.0,1.0,0,163508.625,0.10416899868111139
toolagent_trace,0.0025,1,pi0,0,600,count,False,1,31959.0,31959,31959.0,31959,0.0,1.0,0,37507.0,-0.46370594961828754
toolagent_trace,0.0025,1,pi0,0,600,count,True,7,21046.428571428572,19837,38195.200000000004,50176,0.14285714285714285,0.8571428571428571,0,49551.857142857145,0.3091102510224818
toolagent_trace,0.0025,1,pi0,0,600,learned,False,1,27136.0,27136,27136.0,27136,0.0,1.0,0,37507.0,0.11200103916239122
toolagent_trace,0.0025,1,pi0,0,600,learned,True,7,10218.0,7680,21220.600000000002,24064,0.14285714285714285,0.8571428571428571,0,49551.857142857145,0.1878704843313066
toolagent_trace,0.0025,1,pi0,0,600,lfu,False,1,27136.0,27136,27136.0,27136,0.0,1.0,0,37507.0,-0.061338478334930335
toolagent_trace,0.0025,1,pi0,0,600,lfu,True,7,10218.0,7680,21220.600000000002,24064,0.14285714285714285,0.8571428571428571,0,49551.857142857145,0.049048598291360566
toolagent_trace,0.0025,1,pi0,0,600,lru,False,1,31959.0,31959,31959.0,31959,0.0,1.0,0,37507.0,-0.5671836411078749
toolagent_trace,0.0025,1,pi0,0,600,lru,True,7,19306.428571428572,19837,38195.200000000004,50176,0.14285714285714285,0.8571428571428571,0,49551.857142857145,-0.050055618335901414
toolagent_trace,0.0025,1,pi0,0,600,next_use,False,1,31959.0,31959,31959.0,31959,0.0,1.0,0,37507.0,-0.47539470476466184
toolagent_trace,0.0025,1,pi0,0,600,next_use,True,7,21046.428571428572,19837,38195.200000000004,50176,0.14285714285714285,0.8571428571428571,0,49551.857142857145,0.28266144966631435
toolagent_trace,0.0025,1,pi0,0,end,count,False,1,32983.0,32983,32983.0,32983,0.0,1.0,0,32983.0,-0.5520308924027232
toolagent_trace,0.0025,1,pi0,0,end,count,True,7,33053.857142857145,34412,58751.40000000001,71811,0.0,1.0,0,62319.42857142857,0.10030573268760519
toolagent_trace,0.0025,1,pi0,0,end,learned,False,1,29184.0,29184,29184.0,29184,0.0,1.0,0,32983.0,0.23261754287573563
toolagent_trace,0.0025,1,pi0,0,end,learned,True,7,29636.571428571428,32125,38321.4,39936,0.0,1.0,0,62319.42857142857,-0.051535928709900494
toolagent_trace,0.0025,1,pi0,0,end,lfu,False,1,29184.0,29184,29184.0,29184,0.0,1.0,0,32983.0,0.09727415251095013
toolagent_trace,0.0025,1,pi0,0,end,lfu,True,7,29636.571428571428,32125,38321.4,39936,0.0,1.0,0,62319.42857142857,-0.10715376175110485
toolagent_trace,0.0025,1,pi0,0,end,lru,False,1,32983.0,32983,32983.0,32983,0.0,1.0,0,32983.0,-0.512694383010175
toolagent_trace,0.0025,1,pi0,0,end,lru,True,7,32684.85714285714,34412,58751.40000000001,71811,0.14285714285714285,0.8571428571428571,0,62319.42857142857,-0.03986942599812008
toolagent_trace,0.0025,1,pi0,0,end,next_use,False,1,32983.0,32983,32983.0,32983,0.0,1.0,0,32983.0,-0.5553161333917643
toolagent_trace,0.0025,1,pi0,0,end,next_use,True,7,33053.857142857145,34412,58751.40000000001,71811,0.0,1.0,0,62319.42857142857,0.006774125420876531
toolagent_trace,0.0025,1,pi0,1,600,count,False,2,32161.5,32161.5,44201.9,47212,0.0,1.0,0,59136.0,-0.19585951533714102
toolagent_trace,0.0025,1,pi0,1,600,count,True,6,14546.5,19777.5,23862.0,25708,0.3333333333333333,0.6666666666666666,0,51456.0,0.18777737431887967
toolagent_trace,0.0025,1,pi0,1,600,learned,False,2,25975.5,25975.5,42145.5,46188,0.0,1.0,0,59136.0,0.18977494494170816
toolagent_trace,0.0025,1,pi0,1,600,learned,True,6,23528.333333333332,22838.0,28481.5,32768,0.0,1.0,0,51456.0,-0.03547538736371318
toolagent_trace,0.0025,1,pi0,1,600,lfu,False,2,27190.0,27190.0,42388.4,46188,0.0,1.0,0,59136.0,0.16381253909904403
toolagent_trace,0.0025,1,pi0,1,600,lfu,True,6,19944.333333333332,22070.0,28160.0,32768,0.0,1.0,0,51456.0,0.06278804480085123
toolagent_trace,0.0025,1,pi0,1,600,lru,False,2,32161.5,32161.5,44201.9,47212,0.0,1.0,0,59136.0,-0.08232431336630887
toolagent_trace,0.0025,1,pi0,1,600,lru,True,6,19495.833333333332,21825.5,27702.0,29696,0.16666666666666666,0.8333333333333334,0,51456.0,0.15661161550113803
toolagent_trace,0.0025,1,pi0,1,600,next_use,False,2,32161.5,32161.5,44201.9,47212,0.0,1.0,0,59136.0,-0.09025291742283134
toolagent_trace,0.0025,1,pi0,1,600,next_use,True,6,14546.5,19777.5,23862.0,25708,0.3333333333333333,0.6666666666666666,0,51456.0,0.272764616378869
toolagent_trace,0.0025,1,pi0,1,end,count,False,2,26273.5,26273.5,36061.100000000006,38508,0.0,1.0,0,69174.0,-0.12343114277195136
toolagent_trace,0.0025,1,pi0,1,end,count,True,6,17584.666666666668,19331.0,33423.0,33542,0.3333333333333333,0.6666666666666666,0,60918.0,-0.005507169545770893
toolagent_trace,0.0025,1,pi0,1,end,learned,False,2,23225.0,23225.0,37194.600000000006,40687,0.0,1.0,0,69174.0,0.28835933192441365
toolagent_trace,0.0025,1,pi0,1,end,learned,True,6,18596.666666666668,16741.0,28100.5,33542,0.0,1.0,0,60918.0,-0.00559841439037444
toolagent_trace,0.0025,1,pi0,1,end,lfu,False,2,24183.5,24183.5,37386.3,40687,0.0,1.0,0,69174.0,0.18247885163712796
toolagent_trace,0.0025,1,pi0,1,end,lfu,True,6,16634.0,16015.0,28100.5,33542,0.0,1.0,0,60918.0,-0.032297576871356336
toolagent_trace,0.0025,1,pi0,1,end,lru,False,2,26273.5,26273.5,36061.100000000006,38508,0.0,1.0,0,69174.0,-0.04582055615356579
toolagent_trace,0.0025,1,pi0,1,end,lru,True,6,20827.333333333332,19521.5,33423.0,33542,0.16666666666666666,0.8333333333333334,0,60918.0,0.08501946259645539
toolagent_trace,0.0025,1,pi0,1,end,next_use,False,2,26273.5,26273.5,36061.100000000006,38508,0.0,1.0,0,69174.0,-0.010990204164283118
toolagent_trace,0.0025,1,pi0,1,end,next_use,True,6,17584.666666666668,19331.0,33423.0,33542,0.3333333333333333,0.6666666666666666,0,60918.0,0.10802444991732849
toolagent_trace,0.0025,1,pi0,2,600,count,False,1,0.0,0,0.0,0,1.0,0.0,0,45187.0,0.6174985585947292
toolagent_trace,0.0025,1,pi0,2,600,count,True,7,23552.0,34816,37618.4,38912,0.14285714285714285,0.8571428571428571,0,53590.142857142855,0.28971748488554927
toolagent_trace,0.0025,1,pi0,2,600,learned,False,1,15872.0,15872,15872.0,15872,0.0,1.0,0,45187.0,-0.3413484399276179
toolagent_trace,0.0025,1,pi0,2,600,learned,True,7,20383.285714285714,14336,37279.20000000001,50796,0.14285714285714285,0.8571428571428571,0,53590.142857142855,0.12661042743047565
toolagent_trace,0.0025,1,pi0,2,600,lfu,False,1,25600.0,25600,25600.0,25600,0.0,1.0,0,45187.0,-0.08798017348203223
toolagent_trace,0.0025,1,pi0,2,600,lfu,True,7,20383.285714285714,14336,37279.20000000001,50796,0.14285714285714285,0.8571428571428571,0,53590.142857142855,0.1931093385899815
toolagent_trace,0.0025,1,pi0,2,600,lru,False,1,0.0,0,0.0,0,1.0,0.0,0,45187.0,0.3542104962554453
toolagent_trace,0.0025,1,pi0,2,600,lru,True,7,29665.14285714286,27540,60518.40000000001,69120,0.14285714285714285,0.8571428571428571,0,53590.142857142855,-0.06211411818096933
toolagent_trace,0.0025,1,pi0,2,600,next_use,False,1,0.0,0,0.0,0,1.0,0.0,0,45187.0,0.6486645271778683
toolagent_trace,0.0025,1,pi0,2,600,next_use,True,7,23552.0,34816,37618.4,38912,0.14285714285714285,0.8571428571428571,0,53590.142857142855,0.3103811012829057
toolagent_trace,0.0025,1,pi0,2,end,count,False,1,0.0,0,0.0,0,1.0,0.0,0,45187.0,0.719097412428869
toolagent_trace,0.0025,1,pi0,2,end,count,True,7,29149.85714285714,33280,48318.00000000001,58749,0.14285714285714285,0.8571428571428571,0,59592.71428571428,0.2523028028496221
toolagent_trace,0.0025,1,pi0,2,end,learned,False,1,9728.0,9728,9728.0,9728,0.0,1.0,0,45187.0,-0.25123457540949284
toolagent_trace,0.0025,1,pi0,2,end,learned,True,7,22361.428571428572,18432,41676.80000000002,65024,0.14285714285714285,0.8571428571428571,0,59592.71428571428,0.25342432453119423
toolagent_trace,0.0025,1,pi0,2,end,lfu,False,1,24576.0,24576,24576.0,24576,0.0,1.0,0,45187.0,-0.047058832550649785
toolagent_trace,0.0025,1,pi0,2,end,lfu,True,7,22361.428571428572,18432,41676.80000000002,65024,0.14285714285714285,0.8571428571428571,0,59592.71428571428,0.17214363586473805
toolagent_trace,0.0025,1,pi0,2,end,lru,False,1,0.0,0,0.0,0,1.0,0.0,0,45187.0,0.39276766417540626
toolagent_trace,0.0025,1,pi0,2,end,lru,True,7,38792.57142857143,25361,82569.80000000002,98708,0.14285714285714285,0.8571428571428571,0,59592.71428571428,0.018763761340503757
toolagent_trace,0.0025,1,pi0,2,end,next_use,False,1,0.0,0,0.0,0,1.0,0.0,0,45187.0,0.7069639820474976
toolagent_trace,0.0025,1,pi0,2,end,next_use,True,7,29149.85714285714,33280,48318.00000000001,58749,0.14285714285714285,0.8571428571428571,0,59592.71428571428,0.27720426105580137
toolagent_trace,0.0025,1,pi0,3,600,count,False,1,5120.0,5120,5120.0,5120,0.0,1.0,0,54784.0,0.602982145726621
toolagent_trace,0.0025,1,pi0,3,600,count,True,7,30920.714285714286,27136,51507.200000000004,63488,0.0,1.0,0,56886.42857142857,0.07815509640234507
toolagent_trace,0.0025,1,pi0,3,600,learned,False,1,17408.0,17408,17408.0,17408,0.0,1.0,0,54784.0,-0.535817169396972
toolagent_trace,0.0025,1,pi0,3,600,learned,True,7,48932.57142857143,52736,64000.0,65536,0.0,1.0,0,56886.42857142857,-0.09392960360198978
toolagent_trace,0.0025,1,pi0,3,600,lfu,False,1,33280.0,33280,33280.0,33280,0.0,1.0,0,54784.0,-0.27531427133052006
toolagent_trace,0.0025,1,pi0,3,600,lfu,True,7,43520.0,52736,64000.0,65536,0.14285714285714285,0.8571428571428571,0,56886.42857142857,0.02632178274886401
toolagent_trace,0.0025,1,pi0,3,600,lru,False,1,5120.0,5120,5120.0,5120,0.0,1.0,0,54784.0,0.42205133937689815
toolagent_trace,0.0025,1,pi0,3,600,lru,True,7,20973.285714285714,17408,43339.00000000001,56320,0.14285714285714285,0.8571428571428571,0,56886.42857142857,0.08169304456962537
toolagent_trace,0.0025,1,pi0,3,600,next_use,False,1,5120.0,5120,5120.0,5120,0.0,1.0,0,54784.0,0.6029059192550031
toolagent_trace,0.0025,1,pi0,3,600,next_use,True,7,30920.714285714286,27136,51507.200000000004,63488,0.0,1.0,0,56886.42857142857,0.2420986831395838
toolagent_trace,0.0025,1,pi0,3,end,count,False,1,13097.0,13097,13097.0,13097,0.0,1.0,0,49711.0,0.6377695772108491
toolagent_trace,0.0025,1,pi0,3,end,count,True,7,39859.57142857143,40448,57472.60000000001,75133,0.0,1.0,0,65150.0,0.021411060088411957
toolagent_trace,0.0025,1,pi0,3,end,learned,False,1,38828.0,38828,38828.0,38828,0.0,1.0,0,49711.0,-0.7037230104983272
toolagent_trace,0.0025,1,pi0,3,end,learned,True,7,61060.71428571428,66048,72313.2,77871,0.0,1.0,0,65150.0,-0.10865401990942716
toolagent_trace,0.0025,1,pi0,3,end,lfu,False,1,43948.0,43948,43948.0,43948,0.0,1.0,0,49711.0,-0.2765714141219836
toolagent_trace,0.0025,1,pi0,3,end,lfu,True,7,54386.0,66048,72313.2,77871,0.0,1.0,0,65150.0,0.02213312560617706
toolagent_trace,0.0025,1,pi0,3,end,lru,False,1,13097.0,13097,13097.0,13097,0.0,1.0,0,49711.0,0.523493946170752
toolagent_trace,0.0025,1,pi0,3,end,lru,True,7,25761.714285714286,28029,48716.200000000004,55939,0.0,0.8571428571428571,0,65150.0,0.08630320733938646
toolagent_trace,0.0025,1,pi0,3,end,next_use,False,1,13097.0,13097,13097.0,13097,0.0,1.0,0,49711.0,0.6115808245680249
toolagent_trace,0.0025,1,pi0,3,end,next_use,True,7,39859.57142857143,40448,57472.60000000001,75133,0.0,1.0,0,65150.0,0.17224804958302264
toolagent_trace,0.0025,1,pi0,4,600,count,False,2,15223.5,15223.5,16238.3,16492,0.0,1.0,0,49593.0,0.09621070716176491
toolagent_trace,0.0025,1,pi0,4,600,count,True,6,29350.833333333332,32822.0,39668.5,42092,0.0,1.0,0,51025.5,-0.12399274278712967
toolagent_trace,0.0025,1,pi0,4,600,learned,False,2,22903.5,22903.5,30080.7,31875,0.0,1.0,0,49593.0,0.049903509167327935
toolagent_trace,0.0025,1,pi0,4,600,learned,True,6,18809.333333333332,16748.0,30208.0,34816,0.0,1.0,0,51025.5,0.032948427456283375
toolagent_trace,0.0025,1,pi0,4,600,lfu,False,2,22903.5,22903.5,30080.7,31875,0.0,1.0,0,49593.0,-0.45245966816737104
toolagent_trace,0.0025,1,pi0,4,600,lfu,True,6,18809.333333333332,16748.0,30208.0,34816,0.0,1.0,0,51025.5,0.2303336376772246
toolagent_trace,0.0025,1,pi0,4,600,lru,False,2,15223.5,15223.5,16238.3,16492,0.0,1.0,0,49593.0,0.3560757333884291
toolagent_trace,0.0025,1,pi0,4,600,lru,True,6,31928.833333333332,32822.0,39668.5,42092,0.0,1.0,0,51025.5,-0.12030220395998559
toolagent_trace,0.0025,1,pi0,4,600,next_use,False,2,15223.5,15223.5,16238.3,16492,0.0,1.0,0,49593.0,0.10998153118319526
toolagent_trace,0.0025,1,pi0,4,600,next_use,True,6,29350.833333333332,32822.0,39668.5,42092,0.0,1.0,0,51025.5,0.0792667897738842
toolagent_trace,0.0025,1,pi0,4,end,count,False,2,24035.0,24035.0,28412.6,29507,0.0,1.0,0,51396.5,0.05826603295127439
toolagent_trace,0.0025,1,pi0,4,end,count,True,6,37289.166666666664,31732.5,59232.0,78659,0.0,1.0,0,59451.666666666664,-0.2543454910484446
toolagent_trace,0.0025,1,pi0,4,end,learned,False,2,34233.0,34233.0,36852.2,37507,0.0,1.0,0,51396.5,0.04617097838048512
toolagent_trace,0.0025,1,pi0,4,end,learned,True,6,33078.0,33078.0,47277.5,53999,0.0,1.0,0,59451.666666666664,-0.07696611279930904
toolagent_trace,0.0025,1,pi0,4,end,lfu,False,2,34233.0,34233.0,36852.2,37507,0.0,1.0,0,51396.5,-0.4133897423334375
toolagent_trace,0.0025,1,pi0,4,end,lfu,True,6,33078.0,33078.0,47277.5,53999,0.0,1.0,0,59451.666666666664,0.21428306109820178
toolagent_trace,0.0025,1,pi0,4,end,lru,False,2,24035.0,24035.0,28412.6,29507,0.0,1.0,0,51396.5,0.3726364777072774
toolagent_trace,0.0025,1,pi0,4,end,lru,True,6,44524.666666666664,36019.0,68758.0,78659,0.0,1.0,0,59451.666666666664,-0.23044380100768158
toolagent_trace,0.0025,1,pi0,4,end,next_use,False,2,24035.0,24035.0,28412.6,29507,0.0,1.0,0,51396.5,0.09298276932181981
toolagent_trace,0.0025,1,pi0,4,end,next_use,True,6,37289.166666666664,31732.5,59232.0,78659,0.0,1.0,0,59451.666666666664,0.03960343501128635
toolagent_trace,0.0025,1,pi3,0,600,count,False,1,0.0,0,0.0,0,1.0,0.0,0,48128.0,0.20330832201931492
toolagent_trace,0.0025,1,pi3,0,600,count,True,7,15338.42857142857,11395,28497.4,33772,0.0,1.0,0,29304.14285714286,0.259032286742406
toolagent_trace,0.0025,1,pi3,0,600,learned,False,1,4227.0,4227,4227.0,4227,0.0,1.0,0,48128.0,0.7174087282343288
toolagent_trace,0.0025,1,pi3,0,600,learned,True,7,2001.0,0,4906.0,5632,0.5714285714285714,0.42857142857142855,0,29304.14285714286,-0.0021284989230998847
toolagent_trace,0.0025,1,pi3,0,600,lfu,False,1,38400.0,38400,38400.0,38400,0.0,1.0,0,48128.0,0.29492943548543704
toolagent_trace,0.0025,1,pi3,0,600,lfu,True,7,2147.285714285714,0,5315.6,6656,0.5714285714285714,0.42857142857142855,0,29304.14285714286,0.26319797158173114
toolagent_trace,0.0025,1,pi3,0,600,lru,False,1,0.0,0,0.0,0,1.0,0.0,0,48128.0,0.6808246175045741
toolagent_trace,0.0025,1,pi3,0,600,lru,True,7,15338.42857142857,11395,28497.4,33772,0.0,1.0,0,29304.14285714286,-0.06740158861920817
toolagent_trace,0.0025,1,pi3,0,600,next_use,False,1,0.0,0,0.0,0,1.0,0.0,0,48128.0,0.043695380774032455
toolagent_trace,0.0025,1,pi3,0,600,next_use,True,7,15338.42857142857,11395,28497.4,33772,0.0,1.0,0,29304.14285714286,0.24315804484632914
toolagent_trace,0.0025,1,pi3,0,end,count,False,1,3342.0,3342,3342.0,3342,0.0,1.0,0,49105.0,-0.007720569190606894
toolagent_trace,0.0025,1,pi3,0,end,count,True,7,17015.428571428572,14490,28683.800000000003,33470,0.0,1.0,0,32485.0,0.25485308534680357
toolagent_trace,0.0025,1,pi3,0,end,learned,False,1,0.0,0,0.0,0,1.0,0.0,0,49105.0,0.7520422530456411
toolagent_trace,0.0025,1,pi3,0,end,learned,True,7,802.1428571428571,0,2800.0,2845,0.7142857142857143,0.2857142857142857,0,32485.0,-0.035739466892391616
toolagent_trace,0.0025,1,pi3,0,end,lfu,False,1,41885.0,41885,41885.0,41885,0.0,1.0,0,49105.0,0.04445857732370707
toolagent_trace,0.0025,1,pi3,0,end,lfu,True,7,3421.1428571428573,0,9040.200000000004,18333,0.5714285714285714,0.42857142857142855,0,32485.0,0.22066079110363657
toolagent_trace,0.0025,1,pi3,0,end,lru,False,1,3342.0,3342,3342.0,3342,0.0,1.0,0,49105.0,0.5171768654071444
toolagent_trace,0.0025,1,pi3,0,end,lru,True,7,17015.428571428572,14490,28683.800000000003,33470,0.0,1.0,0,32485.0,-0.07049038395877072
toolagent_trace,0.0025,1,pi3,0,end,next_use,False,1,3342.0,3342,3342.0,3342,0.0,1.0,0,49105.0,-0.11235955056179775
toolagent_trace,0.0025,1,pi3,0,end,next_use,True,7,17015.428571428572,14490,28683.800000000003,33470,0.0,1.0,0,32485.0,0.24077683696477914
toolagent_trace,0.0025,1,pi3,1,600,count,False,1,36221.0,36221,36221.0,36221,0.0,1.0,0,36221.0,-0.2803055778411039
toolagent_trace,0.0025,1,pi3,1,600,count,True,7,18123.571428571428,21632,28312.4,28541,0.14285714285714285,0.8571428571428571,0,28160.0,0.06830048004167763
toolagent_trace,0.0025,1,pi3,1,600,learned,False,1,26493.0,26493,26493.0,26493,0.0,1.0,0,36221.0,0.41219042937791506
toolagent_trace,0.0025,1,pi3,1,600,learned,True,7,17858.85714285714,17277,25882.800000000003,29379,0.14285714285714285,0.8571428571428571,0,28160.0,-0.13341659959436541
toolagent_trace,0.0025,1,pi3,1,600,lfu,False,1,29696.0,29696,29696.0,29696,0.0,1.0,0,36221.0,-0.5184519232673754
toolagent_trace,0.0025,1,pi3,1,600,lfu,True,7,16176.57142857143,17047,25882.800000000003,29379,0.14285714285714285,0.8571428571428571,0,28160.0,-0.1294402993811852
toolagent_trace,0.0025,1,pi3,1,600,lru,False,1,36221.0,36221,36221.0,36221,0.0,1.0,0,36221.0,-0.17461340206185572
toolagent_trace,0.0025,1,pi3,1,600,lru,True,7,18123.571428571428,21632,28312.4,28541,0.14285714285714285,0.8571428571428571,0,28160.0,0.01632358320811903
toolagent_trace,0.0025,1,pi3,1,600,next_use,False,1,36221.0,36221,36221.0,36221,0.0,1.0,0,36221.0,-0.2803055778411039
toolagent_trace,0.0025,1,pi3,1,600,next_use,True,7,18123.571428571428,21632,28312.4,28541,0.14285714285714285,0.8571428571428571,0,28160.0,0.1489989823547635
toolagent_trace,0.0025,1,pi3,1,end,count,False,1,46545.0,46545,46545.0,46545,0.0,1.0,0,56733.0,-0.16317969492099615
toolagent_trace,0.0025,1,pi3,1,end,count,True,7,17340.571428571428,21632,24179.8,24925,0.14285714285714285,0.8571428571428571,0,41206.142857142855,-0.006331856008473039
toolagent_trace,0.0025,1,pi3,1,end,learned,False,1,52637.0,52637,52637.0,52637,0.0,1.0,0,56733.0,0.2926175247179748
toolagent_trace,0.0025,1,pi3,1,end,learned,True,7,38041.28571428572,36384,44046.6,46080,0.0,1.0,0,41206.142857142855,-0.20135304950753138
toolagent_trace,0.0025,1,pi3,1,end,lfu,False,1,44544.0,44544,44544.0,44544,0.0,1.0,0,56733.0,-0.5148839957550854
toolagent_trace,0.0025,1,pi3,1,end,lfu,True,7,35196.142857142855,34816,40821.4,42691,0.0,1.0,0,41206.142857142855,-0.1759565544490943
toolagent_trace,0.0025,1,pi3,1,end,lru,False,1,46545.0,46545,46545.0,46545,0.0,1.0,0,56733.0,0.03863490820270432
toolagent_trace,0.0025,1,pi3,1,end,lru,True,7,17340.571428571428,21632,24179.8,24925,0.14285714285714285,0.8571428571428571,0,41206.142857142855,0.09493718901589351
toolagent_trace,0.0025,1,pi3,1,end,next_use,False,1,46545.0,46545,46545.0,46545,0.0,1.0,0,56733.0,-0.16317969492099615
toolagent_trace,0.0025,1,pi3,1,end,next_use,True,7,17340.571428571428,21632,24179.8,24925,0.14285714285714285,0.8571428571428571,0,41206.142857142855,0.011196738191832629
toolagent_trace,0.0025,1,pi3,2,600,count,False,4,14405.25,9354.5,28431.300000000007,36483,0.0,1.0,0,33115.0,0.02246096608635749
toolagent_trace,0.0025,1,pi3,2,600,count,True,4,11677.25,11567.0,16233.800000000001,17027,0.0,1.0,0,25880.25,0.23953538790874615
toolagent_trace,0.0025,1,pi3,2,600,learned,False,4,17557.0,17128.5,34856.5,35971,0.25,0.75,0,33115.0,-0.092651955700582
toolagent_trace,0.0025,1,pi3,2,600,learned,True,4,3717.0,1786.0,8978.800000000001,11296,0.5,0.5,0,25880.25,0.030557235816442034
toolagent_trace,0.0025,1,pi3,2,600,lfu,False,4,21602.25,23082.0,35174.4,35328,0.0,1.0,0,33115.0,-0.10664180035628688
toolagent_trace,0.0025,1,pi3,2,600,lfu,True,4,9461.0,7434.0,19472.0,22976,0.25,0.75,0,25880.25,0.3622746443174481
toolagent_trace,0.0025,1,pi3,2,600,lru,False,4,14405.25,9354.5,28431.300000000007,36483,0.0,1.0,0,33115.0,0.14392575675650315
toolagent_trace,0.0025,1,pi3,2,600,lru,True,4,11677.25,11567.0,16233.800000000001,17027,0.0,1.0,0,25880.25,-0.19921919356302592
toolagent_trace,0.0025,1,pi3,2,600,next_use,False,4,14405.25,9354.5,28431.300000000007,36483,0.0,1.0,0,33115.0,0.022000098802171773
toolagent_trace,0.0025,1,pi3,2,600,next_use,True,4,11677.25,11567.0,16233.800000000001,17027,0.0,1.0,0,25880.25,0.23307047380495788
toolagent_trace,0.0025,1,pi3,2,end,count,False,4,18753.0,16034.0,35012.8,40408,0.0,1.0,0,38944.25,0.10643090677959059
toolagent_trace,0.0025,1,pi3,2,end,count,True,4,13490.25,12079.0,19313.4,21207,0.0,1.0,0,26896.25,0.17397732300475477
toolagent_trace,0.0025,1,pi3,2,end,learned,False,4,14239.0,14126.0,28568.4,28704,0.5,0.5,0,38944.25,0.17954326795770015
toolagent_trace,0.0025,1,pi3,2,end,learned,True,4,3354.0,1786.0,7962.4000000000015,9844,0.5,0.5,0,26896.25,-0.01249305084514183
toolagent_trace,0.0025,1,pi3,2,end,lfu,False,4,22230.0,22236.0,36468.4,37483,0.0,1.0,0,38944.25,-0.012937047023653222
toolagent_trace,0.0025,1,pi3,2,end,lfu,True,4,9098.0,6708.0,19036.4,22976,0.25,0.75,0,26896.25,0.37389329635990287
toolagent_trace,0.0025,1,pi3,2,end,lru,False,4,18753.0,16034.0,35012.8,40408,0.0,1.0,0,38944.25,-0.016448259825345746
toolagent_trace,0.0025,1,pi3,2,end,lru,True,4,13490.25,12079.0,19313.4,21207,0.0,1.0,0,26896.25,-0.15549206788494674
toolagent_trace,0.0025,1,pi3,2,end,next_use,False,4,18753.0,16034.0,35012.8,40408,0.0,1.0,0,38944.25,0.11679639300493842
toolagent_trace,0.0025,1,pi3,2,end,next_use,True,4,13490.25,12079.0,19313.4,21207,0.0,1.0,0,26896.25,0.17284409450735183
toolagent_trace,0.0025,1,pi3,3,600,count,False,2,2462.5,2462.5,4432.5,4925,0.5,0.5,0,33405.0,0.3773796100289758
toolagent_trace,0.0025,1,pi3,3,600,count,True,6,21859.833333333332,22206.5,39358.5,51069,0.16666666666666666,0.8333333333333334,0,38884.833333333336,-0.13220027702522832
toolagent_trace,0.0025,1,pi3,3,600,learned,False,2,15485.0,15485.0,27158.600000000002,30077,0.0,1.0,0,33405.0,0.02427381972948431
toolagent_trace,0.0025,1,pi3,3,600,learned,True,6,19555.833333333332,23230.5,30398.5,32256,0.0,1.0,0,38884.833333333336,0.02276910454183371
toolagent_trace,0.0025,1,pi3,3,600,lfu,False,2,19069.0,19069.0,33609.8,37245,0.0,1.0,0,33405.0,0.10738648925924756
toolagent_trace,0.0025,1,pi3,3,600,lfu,True,6,15289.166666666666,15469.0,26558.5,28541,0.0,1.0,0,38884.833333333336,-0.14896300205441024
toolagent_trace,0.0025,1,pi3,3,600,lru,False,2,2462.5,2462.5,4432.5,4925,0.5,0.5,0,33405.0,0.005604442861910225
toolagent_trace,0.0025,1,pi3,3,600,lru,True,6,18980.333333333332,15616.0,37310.5,46973,0.16666666666666666,0.8333333333333334,0,38884.833333333336,0.0191037317650843
toolagent_trace,0.0025,1,pi3,3,600,next_use,False,2,2462.5,2462.5,4432.5,4925,0.5,0.5,0,33405.0,0.3544941848215003
toolagent_trace,0.0025,1,pi3,3,600,next_use,True,6,21859.833333333332,22206.5,39358.5,51069,0.16666666666666666,0.8333333333333334,0,38884.833333333336,-0.12235071629205416
toolagent_trace,0.0025,1,pi3,3,end,count,False,2,5088.0,5088.0,9158.4,10176,0.5,0.5,0,38787.0,0.2588933200382261
toolagent_trace,0.0025,1,pi3,3,end,count,True,6,26543.0,24321.5,50328.5,56788,0.0,1.0,0,47640.166666666664,-0.22814340658280394
toolagent_trace,0.0025,1,pi3,3,end,learned,False,2,16378.0,16378.0,29480.4,32756,0.5,0.5,0,38787.0,0.17271603186144935
toolagent_trace,0.0025,1,pi3,3,end,learned,True,6,16749.5,16536.5,27649.5,28640,0.16666666666666666,0.8333333333333334,0,47640.166666666664,0.10130984500528581
toolagent_trace,0.0025,1,pi3,3,end,lfu,False,2,20686.5,20686.5,33234.9,36372,0.0,1.0,0,38787.0,0.10993865163481362
toolagent_trace,0.0025,1,pi3,3,end,lfu,True,6,16375.666666666666,16536.5,26528.0,28640,0.16666666666666666,0.8333333333333334,0,47640.166666666664,-0.12048344355116908
toolagent_trace,0.0025,1,pi3,3,end,lru,False,2,5088.0,5088.0,9158.4,10176,0.5,0.5,0,38787.0,-0.0881758028729269
toolagent_trace,0.0025,1,pi3,3,end,lru,True,6,18779.666666666668,15421.0,35939.0,43750,0.0,1.0,0,47640.166666666664,0.00597312437559764
toolagent_trace,0.0025,1,pi3,3,end,next_use,False,2,5088.0,5088.0,9158.4,10176,0.5,0.5,0,38787.0,0.24631236179680838
toolagent_trace,0.0025,1,pi3,3,end,next_use,True,6,26543.0,24321.5,50328.5,56788,0.0,1.0,0,47640.166666666664,-0.21123298302423976
toolagent_trace,0.0025,1,pi3,4,600,count,False,1,24969.0,24969,24969.0,24969,0.0,1.0,0,25481.0,-0.4112057249896135
toolagent_trace,0.0025,1,pi3,4,600,count,True,7,8092.285714285715,4989,15969.800000000005,23552,0.0,1.0,0,31272.85714285714,0.15252113089521616
toolagent_trace,0.0025,1,pi3,4,600,learned,False,1,14979.0,14979,14979.0,14979,0.0,1.0,0,25481.0,0.20605039508533246
toolagent_trace,0.0025,1,pi3,4,600,learned,True,7,5308.285714285715,4227,12895.400000000005,20099,0.2857142857142857,0.5714285714285714,0,31272.85714285714,0.05475819096874986
toolagent_trace,0.0025,1,pi3,4,600,lfu,False,1,14979.0,14979,14979.0,14979,0.0,1.0,0,25481.0,0.18171125183151093
toolagent_trace,0.0025,1,pi3,4,600,lfu,True,7,5308.285714285715,4227,12895.400000000005,20099,0.2857142857142857,0.5714285714285714,0,31272.85714285714,0.07216001392608651
toolagent_trace,0.0025,1,pi3,4,600,lru,False,1,24969.0,24969,24969.0,24969,0.0,1.0,0,25481.0,-0.4828131757390316
toolagent_trace,0.0025,1,pi3,4,600,lru,True,7,12426.42857142857,8192,27390.800000000003,33149,0.0,1.0,0,31272.85714285714,-0.10921767076582274
toolagent_trace,0.0025,1,pi3,4,600,next_use,False,1,24969.0,24969,24969.0,24969,0.0,1.0,0,25481.0,-0.25569678021609904
toolagent_trace,0.0025,1,pi3,4,600,next_use,True,7,8092.285714285715,4989,15969.800000000005,23552,0.0,1.0,0,31272.85714285714,0.23921299859100598
toolagent_trace,0.0025,1,pi3,4,end,count,False,1,38796.0,38796,38796.0,38796,0.0,1.0,0,38796.0,-0.42657790162473924
toolagent_trace,0.0025,1,pi3,4,end,count,True,7,13105.857142857143,11264,21823.000000000004,25993,0.14285714285714285,0.8571428571428571,0,42567.0,0.2447671987565624
toolagent_trace,0.0025,1,pi3,4,end,learned,False,1,16006.0,16006,16006.0,16006,0.0,1.0,0,38796.0,0.23566242791196704
toolagent_trace,0.0025,1,pi3,4,end,learned,True,7,7770.142857142857,6906,15628.2,18138,0.14285714285714285,0.8571428571428571,0,42567.0,0.12975774300333795
toolagent_trace,0.0025,1,pi3,4,end,lfu,False,1,16006.0,16006,16006.0,16006,0.0,1.0,0,38796.0,0.22306622638626858
toolagent_trace,0.0025,1,pi3,4,end,lfu,True,7,7770.142857142857,6906,15628.2,18138,0.14285714285714285,0.8571428571428571,0,42567.0,0.06366331484387695
toolagent_trace,0.0025,1,pi3,4,end,lru,False,1,38796.0,38796,38796.0,38796,0.0,1.0,0,38796.0,-0.5078294024612612
toolagent_trace,0.0025,1,pi3,4,end,lru,True,7,19054.85714285714,18301,37442.80000000001,51712,0.14285714285714285,0.8571428571428571,0,42567.0,-0.14853239221185371
toolagent_trace,0.0025,1,pi3,4,end,next_use,False,1,38796.0,38796,38796.0,38796,0.0,1.0,0,38796.0,-0.265924651424743
toolagent_trace,0.0025,1,pi3,4,end,next_use,True,7,13105.857142857143,11264,21823.000000000004,25993,0.14285714285714285,0.8571428571428571,0,42567.0,0.2980711670123007
toolagent_trace,0.02,4,pi0,0,600,count,False,8,43059.0,34363.5,91477.4,103222,0.25,0.75,0,158767.0,0.06609102725813999
toolagent_trace,0.02,4,pi0,0,600,learned,False,8,60249.0,59834.0,77854.7,80003,0.0,1.0,0,158767.0,0.08600016498295208
toolagent_trace,0.02,4,pi0,0,600,lfu,False,8,51507.375,47459.5,70345.6,76934,0.0,1.0,0,158767.0,0.003474992898185029
toolagent_trace,0.02,4,pi0,0,600,lru,False,8,38458.875,34363.5,91477.4,103222,0.25,0.75,0,158767.0,0.12661165432235477
toolagent_trace,0.02,4,pi0,0,600,next_use,False,8,43059.0,34363.5,91477.4,103222,0.25,0.75,0,158767.0,0.06819782535202382
toolagent_trace,0.02,4,pi0,0,end,count,False,8,64469.75,48417.0,133889.19999999998,204039,0.25,0.75,0,171097.25,0.010894412900343322
toolagent_trace,0.02,4,pi0,0,end,learned,False,8,72703.375,69818.0,87698.29999999999,105654,0.0,1.0,0,171097.25,0.08478012391582598
toolagent_trace,0.02,4,pi0,0,end,lfu,False,8,64089.75,63842.5,84883.59999999999,105654,0.0,1.0,0,171097.25,0.013039924497717698
toolagent_trace,0.02,4,pi0,0,end,lru,False,8,57685.75,36385.5,133889.19999999998,204039,0.25,0.75,0,171097.25,0.10910921695040904
toolagent_trace,0.02,4,pi0,0,end,next_use,False,8,64469.75,48417.0,133889.19999999998,204039,0.25,0.75,0,171097.25,0.016625147567677693
toolagent_trace,0.02,4,pi0,1,600,count,False,8,39555.0,38343.0,75338.3,78321,0.0,1.0,0,120464.375,0.04047542995754945
toolagent_trace,0.02,4,pi0,1,600,learned,False,8,52325.375,48098.5,82046.4,123387,0.0,1.0,0,120464.375,0.1318014705882353
toolagent_trace,0.02,4,pi0,1,600,lfu,False,8,61165.875,51620.0,119978.0,123387,0.0,1.0,0,120464.375,0.14076207141464261
toolagent_trace,0.02,4,pi0,1,600,lru,False,8,39555.0,38343.0,75338.3,78321,0.0,1.0,0,120464.375,-0.11216135848892188
toolagent_trace,0.02,4,pi0,1,600,next_use,False,8,39555.0,38343.0,75338.3,78321,0.0,1.0,0,120464.375,0.007772913546236333
toolagent_trace,0.02,4,pi0,1,end,count,False,8,58446.375,70114.0,97076.5,99026,0.25,0.75,0,195805.625,0.06187629976364819
toolagent_trace,0.02,4,pi0,1,end,learned,False,8,100095.25,100917.0,122539.09999999999,135823,0.0,1.0,0,195805.625,0.062132352941176486
toolagent_trace,0.02,4,pi0,1,end,lfu,False,8,106127.75,101952.0,140332.3,150854,0.0,1.0,0,195805.625,0.09960281151449107
toolagent_trace,0.02,4,pi0,1,end,lru,False,8,58446.375,70114.0,97076.5,99026,0.25,0.75,0,195805.625,-0.10591617439404147
toolagent_trace,0.02,4,pi0,1,end,next_use,False,8,58446.375,70114.0,97076.5,99026,0.25,0.75,0,195805.625,0.00447161755739443
toolagent_trace,0.02,4,pi0,2,600,count,False,8,41791.75,38563.5,70564.5,101683,0.0,1.0,0,140858.875,0.0071464512625702276
toolagent_trace,0.02,4,pi0,2,600,learned,False,8,31535.625,40406.0,54255.0,55410,0.25,0.75,0,140858.875,0.1849264705882353
toolagent_trace,0.02,4,pi0,2,600,lfu,False,8,29418.25,32084.0,54048.5,55410,0.25,0.75,0,140858.875,-0.03331220393164451
toolagent_trace,0.02,4,pi0,2,600,lru,False,8,60092.25,55735.0,109105.29999999999,126424,0.0,1.0,0,140858.875,0.1638950433976178
toolagent_trace,0.02,4,pi0,2,600,next_use,False,8,41791.75,38563.5,70564.5,101683,0.0,1.0,0,140858.875,0.025674192747000064
toolagent_trace,0.02,4,pi0,2,end,count,False,8,28127.0,17679.0,67627.29999999999,101683,0.25,0.75,0,161244.0,0.06642557962512351
toolagent_trace,0.02,4,pi0,2,end,learned,False,8,35829.375,32621.0,59298.399999999994,73661,0.0,1.0,0,161244.0,0.14301470588235296
toolagent_trace,0.02,4,pi0,2,end,lfu,False,8,49957.875,43643.5,85211.0,112161,0.0,1.0,0,161244.0,-0.06569572902675183
toolagent_trace,0.02,4,pi0,2,end,lru,False,8,38674.75,31336.5,86599.4,101683,0.125,0.875,0,161244.0,0.1761459627138504
toolagent_trace,0.02,4,pi0,2,end,next_use,False,8,28127.0,17679.0,67627.29999999999,101683,0.25,0.75,0,161244.0,0.08788187570786538
toolagent_trace,0.02,4,pi0,3,600,count,False,8,44143.875,30254.0,88841.9,115850,0.125,0.875,0,137636.0,0.0452497089637483
toolagent_trace,0.02,4,pi0,3,600,learned,False,8,41053.0,37702.5,56120.299999999996,77289,0.0,1.0,0,137636.0,0.008884803921568624
toolagent_trace,0.02,4,pi0,3,600,lfu,False,8,52496.625,43260.5,86100.0,96971,0.0,1.0,0,137636.0,-0.05742702942672224
toolagent_trace,0.02,4,pi0,3,600,lru,False,8,50821.375,30254.0,114154.6,115850,0.125,0.875,0,137636.0,0.2059670962914355
toolagent_trace,0.02,4,pi0,3,600,next_use,False,8,44143.875,30254.0,88841.9,115850,0.125,0.875,0,137636.0,0.02056957156858974
toolagent_trace,0.02,4,pi0,3,end,count,False,8,51535.75,48593.5,91304.19999999998,131214,0.125,0.875,0,191960.875,0.1687639400511387
toolagent_trace,0.02,4,pi0,3,end,learned,False,8,20498.75,16715.0,41491.7,54231,0.125,0.875,0,191960.875,0.14583333333333334
toolagent_trace,0.02,4,pi0,3,end,lfu,False,8,65137.875,46939.5,136518.9,204309,0.0,1.0,0,191960.875,0.04090261199995637
toolagent_trace,0.02,4,pi0,3,end,lru,False,8,62388.5,49654.5,131877.3,133425,0.125,0.875,0,191960.875,0.1892789055682872
toolagent_trace,0.02,4,pi0,3,end,next_use,False,8,51535.75,48593.5,91304.19999999998,131214,0.125,0.875,0,191960.875,0.1532707463989437
toolagent_trace,0.02,4,pi0,4,600,count,False,8,33835.875,32870.5,58291.19999999999,89311,0.25,0.75,0,147111.75,0.11364385387320282
toolagent_trace,0.02,4,pi0,4,600,learned,False,8,44768.5,46040.5,70008.09999999999,90264,0.0,1.0,0,147111.75,-0.055966278913452176
toolagent_trace,0.02,4,pi0,4,600,lfu,False,8,46677.625,46040.5,70008.09999999999,90264,0.0,1.0,0,147111.75,-0.0351922740238151
toolagent_trace,0.02,4,pi0,4,600,lru,False,8,42615.875,29411.5,102661.0,133811,0.25,0.75,0,147111.75,0.14350716139413983
toolagent_trace,0.02,4,pi0,4,600,next_use,False,8,33835.875,32870.5,58291.19999999999,89311,0.25,0.75,0,147111.75,0.08109879780636606
toolagent_trace,0.02,4,pi0,4,end,count,False,8,69106.125,69156.5,105418.9,112351,0.125,0.875,0,183388.25,0.014566091378089998
toolagent_trace,0.02,4,pi0,4,end,learned,False,8,66115.5,68811.5,97044.4,119590,0.0,1.0,0,183388.25,-0.06415441176470589
toolagent_trace,0.02,4,pi0,4,end,lfu,False,8,65020.375,68811.5,97044.4,119590,0.0,1.0,0,183388.25,-0.06703727169606406
toolagent_trace,0.02,4,pi0,4,end,lru,False,8,84036.875,98752.5,122281.1,126101,0.125,0.875,0,183388.25,0.04028709979108323
toolagent_trace,0.02,4,pi0,4,end,next_use,False,8,69106.125,69156.5,105418.9,112351,0.125,0.875,0,183388.25,0.02707803991235462
toolagent_trace,0.02,4,pi3,0,600,count,False,8,44383.5,45215.0,67738.5,79852,0.0,1.0,0,121121.5,0.0320185379120247
toolagent_trace,0.02,4,pi3,0,600,learned,False,8,38000.625,49407.0,60075.0,62553,0.125,0.875,0,121121.5,-0.015257352941176477
toolagent_trace,0.02,4,pi3,0,600,lfu,False,8,46278.5,50098.5,70479.0,88973,0.0,1.0,0,121121.5,0.008708001078463234
toolagent_trace,0.02,4,pi3,0,600,lru,False,8,36565.125,29065.5,66246.8,79852,0.125,0.875,0,121121.5,0.034973501570989204
toolagent_trace,0.02,4,pi3,0,600,next_use,False,8,44383.5,45215.0,67738.5,79852,0.0,1.0,0,121121.5,0.024802685695507518
toolagent_trace,0.02,4,pi3,0,end,count,False,8,54165.0,35572.0,94083.99999999999,144351,0.0,1.0,0,147565.375,0.06253309525010105
toolagent_trace,0.02,4,pi3,0,end,learned,False,8,21040.25,21196.5,40208.2,62233,0.125,0.875,0,147565.375,0.10631127450980393
toolagent_trace,0.02,4,pi3,0,end,lfu,False,8,49489.0,28194.5,105913.99999999999,144351,0.125,0.875,0,147565.375,0.0325609386697648
toolagent_trace,0.02,4,pi3,0,end,lru,False,8,43366.0,35572.0,72321.9,72541,0.0,1.0,0,147565.375,0.12450677704045073
toolagent_trace,0.02,4,pi3,0,end,next_use,False,8,54165.0,35572.0,94083.99999999999,144351,0.0,1.0,0,147565.375,0.05053656291015719
toolagent_trace,0.02,4,pi3,1,600,count,False,8,37929.5,33348.0,66275.0,84524,0.0,1.0,0,114572.5,0.031171492736013568
toolagent_trace,0.02,4,pi3,1,600,learned,False,8,38546.875,33331.0,68919.4,77297,0.125,0.875,0,114572.5,0.02957970120876318
toolagent_trace,0.02,4,pi3,1,600,lfu,False,8,32996.625,28671.5,64566.0,65329,0.125,0.875,0,114572.5,0.007017830001140968
toolagent_trace,0.02,4,pi3,1,600,lru,False,8,38499.25,33348.0,66275.0,84524,0.0,1.0,0,114572.5,0.08766713385630547
toolagent_trace,0.02,4,pi3,1,600,next_use,False,8,37929.5,33348.0,66275.0,84524,0.0,1.0,0,114572.5,0.0414248930628507
toolagent_trace,0.02,4,pi3,1,end,count,False,8,63925.375,57545.5,104811.2,121775,0.0,1.0,0,131230.25,-0.011894140604176052
toolagent_trace,0.02,4,pi3,1,end,learned,False,8,42448.625,40359.0,68724.6,70931,0.0,1.0,0,131230.25,-0.018077859402140434
toolagent_trace,0.02,4,pi3,1,end,lfu,False,8,39332.625,33234.0,68724.6,70931,0.0,1.0,0,131230.25,0.01680357938386988
toolagent_trace,0.02,4,pi3,1,end,lru,False,8,51673.75,51150.5,94640.9,97541,0.0,1.0,0,131230.25,0.026611252786748876
toolagent_trace,0.02,4,pi3,1,end,next_use,False,8,63925.375,57545.5,104811.2,121775,0.0,1.0,0,131230.25,-0.005296746310228306
toolagent_trace,0.02,4,pi3,2,600,count,False,8,45438.125,47099.5,66520.29999999999,88347,0.0,1.0,0,117752.25,0.1842490012609094
toolagent_trace,0.02,4,pi3,2,600,learned,False,8,28564.375,23154.5,64991.1,77533,0.25,0.75,0,117752.25,0.21123720206357796
toolagent_trace,0.02,4,pi3,2,600,lfu,False,8,53237.0,54927.0,108668.09999999999,129764,0.125,0.875,0,117752.25,0.05464174190199095
toolagent_trace,0.02,4,pi3,2,600,lru,False,8,68999.0,53101.5,110327.69999999998,161616,0.0,1.0,0,117752.25,0.13490147394854
toolagent_trace,0.02,4,pi3,2,600,next_use,False,8,45438.125,47099.5,66520.29999999999,88347,0.0,1.0,0,117752.25,0.16440463573103037
toolagent_trace,0.02,4,pi3,2,end,count,False,8,48972.75,54565.0,80773.4,109500,0.0,1.0,0,136299.125,0.17686418497968556
toolagent_trace,0.02,4,pi3,2,end,learned,False,8,14131.75,13084.5,30985.5,37499,0.375,0.625,0,136299.125,0.22901845976861335
toolagent_trace,0.02,4,pi3,2,end,lfu,False,8,56782.5,45244.0,112071.59999999999,162683,0.125,0.875,0,136299.125,0.0580821619210118
toolagent_trace,0.02,4,pi3,2,end,lru,False,8,75287.875,63070.0,125103.29999999999,161511,0.0,1.0,0,136299.125,0.09994627260153838
toolagent_trace,0.02,4,pi3,2,end,next_use,False,8,48972.75,54565.0,80773.4,109500,0.0,1.0,0,136299.125,0.16217265811730364
toolagent_trace,0.02,4,pi3,3,600,count,False,8,44261.375,44288.5,65682.1,68291,0.0,1.0,0,103445.5,0.00636877988868676
toolagent_trace,0.02,4,pi3,3,600,learned,False,8,59473.625,58292.0,73321.9,83922,0.0,1.0,0,103445.5,-0.05073529411764706
toolagent_trace,0.02,4,pi3,3,600,lfu,False,8,59248.25,58292.0,73321.9,83922,0.0,1.0,0,103445.5,0.07542170002064821
toolagent_trace,0.02,4,pi3,3,600,lru,False,8,44261.375,44288.5,65682.1,68291,0.0,1.0,0,103445.5,-0.06975286894637635
toolagent_trace,0.02,4,pi3,3,600,next_use,False,8,44261.375,44288.5,65682.1,68291,0.0,1.0,0,103445.5,0.013728431883987353
toolagent_trace,0.02,4,pi3,3,end,count,False,8,64695.5,64554.0,95093.0,118319,0.0,1.0,0,138850.375,0.008829260060269076
toolagent_trace,0.02,4,pi3,3,end,learned,False,8,79512.75,75766.5,95953.59999999999,108275,0.0,1.0,0,138850.375,-0.03057598039215687
toolagent_trace,0.02,4,pi3,3,end,lfu,False,8,80505.75,75766.5,101050.3,108275,0.0,1.0,0,138850.375,0.034056768745484266
toolagent_trace,0.02,4,pi3,3,end,lru,False,8,64695.5,64554.0,95093.0,118319,0.0,1.0,0,138850.375,-0.06606724793460259
toolagent_trace,0.02,4,pi3,3,end,next_use,False,8,64695.5,64554.0,95093.0,118319,0.0,1.0,0,138850.375,0.012415661650147448
toolagent_trace,0.02,4,pi3,4,600,count,False,8,46992.625,45065.0,85553.7,90565,0.0,1.0,0,106617.625,0.042742189361879276
toolagent_trace,0.02,4,pi3,4,600,learned,False,8,59684.875,51864.0,87132.2,90565,0.0,1.0,0,106617.625,0.006379243600956644
toolagent_trace,0.02,4,pi3,4,600,lfu,False,8,56659.0,51864.0,87132.2,90565,0.0,1.0,0,106617.625,0.08434530870109161
toolagent_trace,0.02,4,pi3,4,600,lru,False,8,46992.625,45065.0,85553.7,90565,0.0,1.0,0,106617.625,0.02117931920617651
toolagent_trace,0.02,4,pi3,4,600,next_use,False,8,46992.625,45065.0,85553.7,90565,0.0,1.0,0,106617.625,0.05966546643730703
toolagent_trace,0.02,4,pi3,4,end,count,False,8,59068.625,58496.0,90178.0,112179,0.125,0.875,0,134586.375,-0.01610646792602744
toolagent_trace,0.02,4,pi3,4,end,learned,False,8,85504.0,87954.5,110237.9,112179,0.0,1.0,0,134586.375,-0.017139811370462128
toolagent_trace,0.02,4,pi3,4,end,lfu,False,8,81073.875,87954.5,110237.9,112179,0.0,1.0,0,134586.375,0.09428102344988114
toolagent_trace,0.02,4,pi3,4,end,lru,False,8,59068.625,58496.0,90178.0,112179,0.125,0.875,0,134586.375,-0.03560919191403134
toolagent_trace,0.02,4,pi3,4,end,next_use,False,8,59068.625,58496.0,90178.0,112179,0.125,0.875,0,134586.375,-0.00933466789400544
