trace,l1_fraction,l2_multiplier,policy,seed,lineage,selection_hash,hash_rank,group_index,ordinal,timestamp_ms,candidate_count,arrival_rejection,actual_index,arriving_index,secondary_horizon_seconds,population_sha256,model_sha256
conversation_trace,0.0025,1,pi0,0,"conversation_trace|l1=0.0025,l2x1|pi0|s=0",00004b3a279b457d1d2f9a20b47c22dd94264ccc4962ecc9fcd9f0957d44a2bb,1,710,301,2130000.0,17,True,0,0,1406.999,c4fe15d4e34556fa5beff6b677ccc779ac00ff2c9a517b631673c613043daf53,87c24bb2abdcdc62028405a19eaff0b24c3bffacfd8d50334fc76d76e0b2d60c
conversation_trace,0.0025,1,pi0,0,"conversation_trace|l1=0.0025,l2x1|pi0|s=0",000e462e4abb52ad6d188c5a63fa5e27d874d0323bd9fe9701fb5c8cb3020b8a,5,714,178,2142000.0,17,True,0,0,1394.999,c4fe15d4e34556fa5beff6b677ccc779ac00ff2c9a517b631673c613043daf53,87c24bb2abdcdc62028405a19eaff0b24c3bffacfd8d50334fc76d76e0b2d60c
conversation_trace,0.0025,1,pi0,0,"conversation_trace|l1=0.0025,l2x1|pi0|s=0",000348ff1233a8c987982a0ab61d6dc66ab784d7d91398899c08edf7caa6535d,3,734,66,2202000.0,17,True,0,0,1334.999,c4fe15d4e34556fa5beff6b677ccc779ac00ff2c9a517b631673c613043daf53,87c24bb2abdcdc62028405a19eaff0b24c3bffacfd8d50334fc76d76e0b2d60c
conversation_trace,0.0025,1,pi0,0,"conversation_trace|l1=0.0025,l2x1|pi0|s=0",0000d0d747db31339f60283dce7f66be666c61921289f3394bee7a4413c5640e,2,734,74,2202000.0,17,True,0,0,1334.999,c4fe15d4e34556fa5beff6b677ccc779ac00ff2c9a517b631673c613043daf53,87c24bb2abdcdc62028405a19eaff0b24c3bffacfd8d50334fc76d76e0b2d60c
conversation_trace,0.0025,1,pi0,0,"conversation_trace|l1=0.0025,l2x1|pi0|s=0",000aa9bc55e84bb6fda33ad22c33faed30d051f7139ed9ab3b5af8b406d6cdb2,4,813,25,2438999.0,17,True,0,0,1098.0,c4fe15d4e34556fa5beff6b677ccc779ac00ff2c9a517b631673c613043daf53,87c24bb2abdcdc62028405a19eaff0b24c3bffacfd8d50334fc76d76e0b2d60c
conversation_trace,0.0025,1,pi0,0,"conversation_trace|l1=0.0025,l2x1|pi0|s=0",0012b18d99846fc545c2c7127ac498110d3ff970adf49a307da6565cfe0a3070,6,821,171,2462999.0,17,True,0,0,1074.0,c4fe15d4e34556fa5beff6b677ccc779ac00ff2c9a517b631673c613043daf53,87c24bb2abdcdc62028405a19eaff0b24c3bffacfd8d50334fc76d76e0b2d60c
conversation_trace,0.0025,1,pi0,0,"conversation_trace|l1=0.0025,l2x1|pi0|s=0",0015575cf13378e6b737f241eba8fc9954b38faa4508896a22ed266fe4fbe07c,7,862,446,2585999.0,17,True,0,0,951.0,c4fe15d4e34556fa5beff6b677ccc779ac00ff2c9a517b631673c613043daf53,87c24bb2abdcdc62028405a19eaff0b24c3bffacfd8d50334fc76d76e0b2d60c
conversation_trace,0.0025,1,pi0,0,"conversation_trace|l1=0.0025,l2x1|pi0|s=0",000016b23b37858b6d85792f9adcf78bf9df6bc52c7e3dcfa3080cec36642f10,0,871,364,2612999.0,17,True,0,0,924.0,c4fe15d4e34556fa5beff6b677ccc779ac00ff2c9a517b631673c613043daf53,87c24bb2abdcdc62028405a19eaff0b24c3bffacfd8d50334fc76d76e0b2d60c
conversation_trace,0.0025,1,pi0,1,"conversation_trace|l1=0.0025,l2x1|pi0|s=1",000c819ca4a975e57063dc45404617b72cfa078e42336dcc5f3d2d68083059fc,7,711,465,2132999.0,17,True,0,0,1404.0,869f9e22c8c8d3ed62c5b0204fd6408c61a6ac1836e942b4146633caca5b81a2,87c24bb2abdcdc62028405a19eaff0b24c3bffacfd8d50334fc76d76e0b2d60c
conversation_trace,0.0025,1,pi0,1,"conversation_trace|l1=0.0025,l2x1|pi0|s=1",00025eca773d7a7057908fc334192816928430d2c81f41d7852011728c4036bb,1,719,316,2157000.0,17,True,0,0,1379.999,869f9e22c8c8d3ed62c5b0204fd6408c61a6ac1836e942b4146633caca5b81a2,87c24bb2abdcdc62028405a19eaff0b24c3bffacfd8d50334fc76d76e0b2d60c
conversation_trace,0.0025,1,pi0,1,"conversation_trace|l1=0.0025,l2x1|pi0|s=1",00016c11fc61c5f426efd64c3880030827d0d8f07668f7785565f8a4bf27921e,0,744,23,2232000.0,17,True,0,0,1304.999,869f9e22c8c8d3ed62c5b0204fd6408c61a6ac1836e942b4146633caca5b81a2,87c24bb2abdcdc62028405a19eaff0b24c3bffacfd8d50334fc76d76e0b2d60c
conversation_trace,0.0025,1,pi0,1,"conversation_trace|l1=0.0025,l2x1|pi0|s=1",0007aa88140b4583a2f9e51ca83ca332e182e823ae066a21a08e78c114fa1823,4,744,80,2232000.0,17,True,0,0,1304.999,869f9e22c8c8d3ed62c5b0204fd6408c61a6ac1836e942b4146633caca5b81a2,87c24bb2abdcdc62028405a19eaff0b24c3bffacfd8d50334fc76d76e0b2d60c
conversation_trace,0.0025,1,pi0,1,"conversation_trace|l1=0.0025,l2x1|pi0|s=1",0006ee5ea42e3d3f0bfac0e3e32200c5ae9e4b307863e813e2138b9d39e110f2,3,794,27,2381999.0,17,True,0,0,1155.0,869f9e22c8c8d3ed62c5b0204fd6408c61a6ac1836e942b4146633caca5b81a2,87c24bb2abdcdc62028405a19eaff0b24c3bffacfd8d50334fc76d76e0b2d60c
conversation_trace,0.0025,1,pi0,1,"conversation_trace|l1=0.0025,l2x1|pi0|s=1",0005f4074a624a23453e71c6be6fafdde62234841676d1bc1b40157948e3bec2,2,912,155,2736000.0,17,True,0,0,800.999,869f9e22c8c8d3ed62c5b0204fd6408c61a6ac1836e942b4146633caca5b81a2,87c24bb2abdcdc62028405a19eaff0b24c3bffacfd8d50334fc76d76e0b2d60c
conversation_trace,0.0025,1,pi0,1,"conversation_trace|l1=0.0025,l2x1|pi0|s=1",000c6010f595f11ae432e53d4f2b4c24b2bdfafe20221d7e80d54781a8f01791,6,941,340,2823000.0,17,True,0,0,713.999,869f9e22c8c8d3ed62c5b0204fd6408c61a6ac1836e942b4146633caca5b81a2,87c24bb2abdcdc62028405a19eaff0b24c3bffacfd8d50334fc76d76e0b2d60c
conversation_trace,0.0025,1,pi0,1,"conversation_trace|l1=0.0025,l2x1|pi0|s=1",000a87b7e22a09bd14f1c6a80a5291840509a40f21c9e2e48b0e224c9f8a11e1,5,975,24,2924999.0,17,True,0,0,612.0,869f9e22c8c8d3ed62c5b0204fd6408c61a6ac1836e942b4146633caca5b81a2,87c24bb2abdcdc62028405a19eaff0b24c3bffacfd8d50334fc76d76e0b2d60c
conversation_trace,0.0025,1,pi0,2,"conversation_trace|l1=0.0025,l2x1|pi0|s=2",0000b197c8362199b16c72307df7a75234c09875013c91795f20b6490d91673b,0,783,173,2348999.0,17,True,0,0,1188.0,0e5fde12fa2b7fa41f72e26bc66248cb162eb70d88cfc394d6d89a12cad91b13,87c24bb2abdcdc62028405a19eaff0b24c3bffacfd8d50334fc76d76e0b2d60c
conversation_trace,0.0025,1,pi0,2,"conversation_trace|l1=0.0025,l2x1|pi0|s=2",0006984d170b12550ffba1325476416ad57be9d94da43a6d13ed33382206c48e,5,819,252,2456999.0,17,True,0,0,1080.0,0e5fde12fa2b7fa41f72e26bc66248cb162eb70d88cfc394d6d89a12cad91b13,87c24bb2abdcdc62028405a19eaff0b24c3bffacfd8d50334fc76d76e0b2d60c
conversation_trace,0.0025,1,pi0,2,"conversation_trace|l1=0.0025,l2x1|pi0|s=2",000902740057edc294d77096977f29c50fd52251c104cd2930edc3638277b94e,7,851,194,2553000.0,17,True,0,0,983.999,0e5fde12fa2b7fa41f72e26bc66248cb162eb70d88cfc394d6d89a12cad91b13,87c24bb2abdcdc62028405a19eaff0b24c3bffacfd8d50334fc76d76e0b2d60c
conversation_trace,0.0025,1,pi0,2,"conversation_trace|l1=0.0025,l2x1|pi0|s=2",000361f6c00535a8a5ad726f5d568ad8c4f2ba5b51b4de3c454436be44231f2a,3,854,157,2562000.0,17,True,0,0,974.999,0e5fde12fa2b7fa41f72e26bc66248cb162eb70d88cfc394d6d89a12cad91b13,87c24bb2abdcdc62028405a19eaff0b24c3bffacfd8d50334fc76d76e0b2d60c
conversation_trace,0.0025,1,pi0,2,"conversation_trace|l1=0.0025,l2x1|pi0|s=2",00079cb1f7bdda7144c1a0f26f4c5786e4bcd94cbe1ed76d8c3c6249e8d79b1f,6,870,185,2610000.0,17,True,0,0,926.999,0e5fde12fa2b7fa41f72e26bc66248cb162eb70d88cfc394d6d89a12cad91b13,87c24bb2abdcdc62028405a19eaff0b24c3bffacfd8d50334fc76d76e0b2d60c
conversation_trace,0.0025,1,pi0,2,"conversation_trace|l1=0.0025,l2x1|pi0|s=2",000280c2de323a260b2315b93ee16fc35c39027786f52bc8fda7effadb562b5b,2,871,121,2612999.0,17,True,0,0,924.0,0e5fde12fa2b7fa41f72e26bc66248cb162eb70d88cfc394d6d89a12cad91b13,87c24bb2abdcdc62028405a19eaff0b24c3bffacfd8d50334fc76d76e0b2d60c
conversation_trace,0.0025,1,pi0,2,"conversation_trace|l1=0.0025,l2x1|pi0|s=2",00053c2856bda090d0a384c0e90cb3068a2a91c7f90a3e04659d5f19a128b74a,4,876,61,2627999.0,17,True,0,0,909.0,0e5fde12fa2b7fa41f72e26bc66248cb162eb70d88cfc394d6d89a12cad91b13,87c24bb2abdcdc62028405a19eaff0b24c3bffacfd8d50334fc76d76e0b2d60c
conversation_trace,0.0025,1,pi0,2,"conversation_trace|l1=0.0025,l2x1|pi0|s=2",0001c2c6c6a0ce9307c6ba8a2cc7ae8e64a06d437d5ee3e293009acbc2e457f8,1,944,142,2832000.0,17,True,0,0,704.999,0e5fde12fa2b7fa41f72e26bc66248cb162eb70d88cfc394d6d89a12cad91b13,87c24bb2abdcdc62028405a19eaff0b24c3bffacfd8d50334fc76d76e0b2d60c
conversation_trace,0.0025,1,pi0,3,"conversation_trace|l1=0.0025,l2x1|pi0|s=3",00001023cd410b3c297dbe0eb37820920f4f10ed040204605a08ef3a262d927b,0,710,10,2130000.0,17,True,0,0,1406.999,5a10941b94d3eaf0886ece52b61f7bac9af231d30e551e27c0fc46a03d582bf5,87c24bb2abdcdc62028405a19eaff0b24c3bffacfd8d50334fc76d76e0b2d60c
conversation_trace,0.0025,1,pi0,3,"conversation_trace|l1=0.0025,l2x1|pi0|s=3",000086c30dd8aa425008c90eb3e7aab95ee6bc7ee0a67665e92e20157c49d9f2,1,711,187,2132999.0,17,True,0,0,1404.0,5a10941b94d3eaf0886ece52b61f7bac9af231d30e551e27c0fc46a03d582bf5,87c24bb2abdcdc62028405a19eaff0b24c3bffacfd8d50334fc76d76e0b2d60c
conversation_trace,0.0025,1,pi0,3,"conversation_trace|l1=0.0025,l2x1|pi0|s=3",00075d45c5b6354548626588cba3a9d2a36564113b8759ed3cc6f52364b10e11,5,729,45,2187000.0,17,True,0,0,1349.999,5a10941b94d3eaf0886ece52b61f7bac9af231d30e551e27c0fc46a03d582bf5,87c24bb2abdcdc62028405a19eaff0b24c3bffacfd8d50334fc76d76e0b2d60c
conversation_trace,0.0025,1,pi0,3,"conversation_trace|l1=0.0025,l2x1|pi0|s=3",0005595da2cc173c87341025e885b2acd60d559dcddac0c1b95cba8fed79ebb7,4,733,234,2199000.0,17,True,0,0,1337.999,5a10941b94d3eaf0886ece52b61f7bac9af231d30e551e27c0fc46a03d582bf5,87c24bb2abdcdc62028405a19eaff0b24c3bffacfd8d50334fc76d76e0b2d60c
conversation_trace,0.0025,1,pi0,3,"conversation_trace|l1=0.0025,l2x1|pi0|s=3",00036e2fa2baaa40b0cd0ebef8a339b0132af41a200c4fae0e1048a7fae7c62a,2,851,140,2553000.0,17,True,0,0,983.999,5a10941b94d3eaf0886ece52b61f7bac9af231d30e551e27c0fc46a03d582bf5,87c24bb2abdcdc62028405a19eaff0b24c3bffacfd8d50334fc76d76e0b2d60c
conversation_trace,0.0025,1,pi0,3,"conversation_trace|l1=0.0025,l2x1|pi0|s=3",0008ab00b24e1d16e2c35fcb17699e995b8cab2907a6bedb5201288564b957a4,6,869,8,2607000.0,17,True,0,0,929.999,5a10941b94d3eaf0886ece52b61f7bac9af231d30e551e27c0fc46a03d582bf5,87c24bb2abdcdc62028405a19eaff0b24c3bffacfd8d50334fc76d76e0b2d60c
conversation_trace,0.0025,1,pi0,3,"conversation_trace|l1=0.0025,l2x1|pi0|s=3",0004af49e5b741772fdbefbaffc078952c3f7d2df0b66fec92ebb3c919ec1781,3,930,55,2790000.0,17,True,0,0,746.999,5a10941b94d3eaf0886ece52b61f7bac9af231d30e551e27c0fc46a03d582bf5,87c24bb2abdcdc62028405a19eaff0b24c3bffacfd8d50334fc76d76e0b2d60c
conversation_trace,0.0025,1,pi0,3,"conversation_trace|l1=0.0025,l2x1|pi0|s=3",000a21b5fd4cad2f661121b21402b09f4a879b35672e25ebf75936df38ca8254,7,937,28,2811000.0,17,True,0,0,725.999,5a10941b94d3eaf0886ece52b61f7bac9af231d30e551e27c0fc46a03d582bf5,87c24bb2abdcdc62028405a19eaff0b24c3bffacfd8d50334fc76d76e0b2d60c
conversation_trace,0.0025,1,pi0,4,"conversation_trace|l1=0.0025,l2x1|pi0|s=4",000b4a485896c01b0f022f9fa4ae77d2363fa48882d9f85472d8bb7a93a47464,4,793,463,2378999.0,17,True,0,0,1158.0,9dfac1cfeebdeb788cb391885bf468982caa3579e7dc9f401fe0587e2b834287,87c24bb2abdcdc62028405a19eaff0b24c3bffacfd8d50334fc76d76e0b2d60c
conversation_trace,0.0025,1,pi0,4,"conversation_trace|l1=0.0025,l2x1|pi0|s=4",000325586d4d9c12f7ad0a8405b73ea616ebb50920b0a4f0ee4a41759101d32b,2,843,273,2529000.0,17,True,0,0,1007.999,9dfac1cfeebdeb788cb391885bf468982caa3579e7dc9f401fe0587e2b834287,87c24bb2abdcdc62028405a19eaff0b24c3bffacfd8d50334fc76d76e0b2d60c
conversation_trace,0.0025,1,pi0,4,"conversation_trace|l1=0.0025,l2x1|pi0|s=4",001186b1bb9fe4a477297d817c121f660c97193ca5c4166aa6aa1e450972c6d1,6,845,112,2535000.0,17,True,0,0,1001.999,9dfac1cfeebdeb788cb391885bf468982caa3579e7dc9f401fe0587e2b834287,87c24bb2abdcdc62028405a19eaff0b24c3bffacfd8d50334fc76d76e0b2d60c
conversation_trace,0.0025,1,pi0,4,"conversation_trace|l1=0.0025,l2x1|pi0|s=4",000222dcd96ab578a601a3245eb11e366cbf84fd655513f5ef07d2f355d9070b,1,873,144,2619000.0,17,True,0,0,917.999,9dfac1cfeebdeb788cb391885bf468982caa3579e7dc9f401fe0587e2b834287,87c24bb2abdcdc62028405a19eaff0b24c3bffacfd8d50334fc76d76e0b2d60c
conversation_trace,0.0025,1,pi0,4,"conversation_trace|l1=0.0025,l2x1|pi0|s=4",000b80efe62f7240020644e81430d1369a58aec29f87eca0a452de0fe8761494,5,943,37,2829000.0,17,True,0,0,707.999,9dfac1cfeebdeb788cb391885bf468982caa3579e7dc9f401fe0587e2b834287,87c24bb2abdcdc62028405a19eaff0b24c3bffacfd8d50334fc76d76e0b2d60c
conversation_trace,0.0025,1,pi0,4,"conversation_trace|l1=0.0025,l2x1|pi0|s=4",0009738f37b9e1f12d0e14a90b50f3dcc6e9e986f84aac537d8f81d077a6dc89,3,943,157,2829000.0,17,False,1,0,707.999,9dfac1cfeebdeb788cb391885bf468982caa3579e7dc9f401fe0587e2b834287,87c24bb2abdcdc62028405a19eaff0b24c3bffacfd8d50334fc76d76e0b2d60c
conversation_trace,0.0025,1,pi0,4,"conversation_trace|l1=0.0025,l2x1|pi0|s=4",000025e9ed2d077a139094c7abcef36db84fc9928e30f2fccfb19912c5724706,0,957,122,2871000.0,17,False,9,0,665.999,9dfac1cfeebdeb788cb391885bf468982caa3579e7dc9f401fe0587e2b834287,87c24bb2abdcdc62028405a19eaff0b24c3bffacfd8d50334fc76d76e0b2d60c
conversation_trace,0.0025,1,pi0,4,"conversation_trace|l1=0.0025,l2x1|pi0|s=4",0013e3d849a08b47388598a24708dde780f2e8a57f0945f0fd2d9921e0659f61,7,960,134,2880000.0,17,True,0,0,656.999,9dfac1cfeebdeb788cb391885bf468982caa3579e7dc9f401fe0587e2b834287,87c24bb2abdcdc62028405a19eaff0b24c3bffacfd8d50334fc76d76e0b2d60c
conversation_trace,0.0025,1,pi3,0,"conversation_trace|l1=0.0025,l2x1|pi3|s=0",0001548175509776dfeea22ff78d952a7c85290cf74202fdf8e3f3979d36c551,0,849,190,2546999.0,17,True,0,0,990.0,5a6196dd4dd156b3fa42c6ba318e05b79aad2cf023f5ad4780a7ee58be3472ab,c7e8970179b2ce8b3516300f794e8299a2f8aef45393815fbf60604dc7354227
conversation_trace,0.0025,1,pi3,0,"conversation_trace|l1=0.0025,l2x1|pi3|s=0",00039e229f5fe0bdfa44d0ac4401e28acb181b705af3fd1d493867dfa1467e2d,2,864,54,2592000.0,17,True,0,0,944.999,5a6196dd4dd156b3fa42c6ba318e05b79aad2cf023f5ad4780a7ee58be3472ab,c7e8970179b2ce8b3516300f794e8299a2f8aef45393815fbf60604dc7354227
conversation_trace,0.0025,1,pi3,0,"conversation_trace|l1=0.0025,l2x1|pi3|s=0",0006952635d3767f8422c792fda36fe97b763f68ee72b2247ed1016850fe7f14,3,907,354,2721000.0,17,True,0,0,815.999,5a6196dd4dd156b3fa42c6ba318e05b79aad2cf023f5ad4780a7ee58be3472ab,c7e8970179b2ce8b3516300f794e8299a2f8aef45393815fbf60604dc7354227
conversation_trace,0.0025,1,pi3,0,"conversation_trace|l1=0.0025,l2x1|pi3|s=0",00037ae1bff0df4485ea59febcc4c258aa0999b8dbc854dc1b50660dc5d3988f,1,915,31,2744999.0,17,True,0,0,792.0,5a6196dd4dd156b3fa42c6ba318e05b79aad2cf023f5ad4780a7ee58be3472ab,c7e8970179b2ce8b3516300f794e8299a2f8aef45393815fbf60604dc7354227
conversation_trace,0.0025,1,pi3,0,"conversation_trace|l1=0.0025,l2x1|pi3|s=0",000b5fb67476c488b89b33b78ad2bcf9a877a41247a672e508d34970080bf5d2,5,923,59,2768999.0,17,True,0,0,768.0,5a6196dd4dd156b3fa42c6ba318e05b79aad2cf023f5ad4780a7ee58be3472ab,c7e8970179b2ce8b3516300f794e8299a2f8aef45393815fbf60604dc7354227
conversation_trace,0.0025,1,pi3,0,"conversation_trace|l1=0.0025,l2x1|pi3|s=0",000c10d8aa4adbcf7fa97ffc6038806f430bbd022407ca0a6252160415b23470,6,941,387,2823000.0,17,True,0,0,713.999,5a6196dd4dd156b3fa42c6ba318e05b79aad2cf023f5ad4780a7ee58be3472ab,c7e8970179b2ce8b3516300f794e8299a2f8aef45393815fbf60604dc7354227
conversation_trace,0.0025,1,pi3,0,"conversation_trace|l1=0.0025,l2x1|pi3|s=0",000c4b9cad1238fdec3bfdf681157845baaedbaa2eca055d212057ebc8ae9176,7,945,113,2835000.0,17,True,0,0,701.999,5a6196dd4dd156b3fa42c6ba318e05b79aad2cf023f5ad4780a7ee58be3472ab,c7e8970179b2ce8b3516300f794e8299a2f8aef45393815fbf60604dc7354227
conversation_trace,0.0025,1,pi3,0,"conversation_trace|l1=0.0025,l2x1|pi3|s=0",000a4d0bc6b19e83194e60303b864ce461b3cb26a0f7654eee4cc9e588338570,4,969,208,2907000.0,17,True,0,0,629.999,5a6196dd4dd156b3fa42c6ba318e05b79aad2cf023f5ad4780a7ee58be3472ab,c7e8970179b2ce8b3516300f794e8299a2f8aef45393815fbf60604dc7354227
conversation_trace,0.0025,1,pi3,1,"conversation_trace|l1=0.0025,l2x1|pi3|s=1",0003d0b0256262f41db0f9ee53368384de28661c8da8b89f0a5b31cf9f4c4aca,3,717,90,2151000.0,17,False,1,0,1385.999,e129e7245d6e17affb1c418fa3bd3e8748a34ba1bc3e609c0129e070ec118fd5,c2b35dd56bdce56ccc7b51081e7028339d22dced4de2011ebde710178fc67c52
conversation_trace,0.0025,1,pi3,1,"conversation_trace|l1=0.0025,l2x1|pi3|s=1",00088f804d2f628d1ae7e1337b92836c7ee801a6151ebda342c51e19a779fa27,7,753,177,2259000.0,17,True,0,0,1277.999,e129e7245d6e17affb1c418fa3bd3e8748a34ba1bc3e609c0129e070ec118fd5,c2b35dd56bdce56ccc7b51081e7028339d22dced4de2011ebde710178fc67c52
conversation_trace,0.0025,1,pi3,1,"conversation_trace|l1=0.0025,l2x1|pi3|s=1",00076196f474b00eabf8b60d2a605a7154226723f5821559d513d8e1a257502c,5,766,265,2298000.0,17,True,0,0,1238.999,e129e7245d6e17affb1c418fa3bd3e8748a34ba1bc3e609c0129e070ec118fd5,c2b35dd56bdce56ccc7b51081e7028339d22dced4de2011ebde710178fc67c52
conversation_trace,0.0025,1,pi3,1,"conversation_trace|l1=0.0025,l2x1|pi3|s=1",0001d7d2eb9ce69e13612445d7b549d1a6ca03681c5836f36db2c59e17cc4db7,2,819,247,2456999.0,17,True,0,0,1080.0,e129e7245d6e17affb1c418fa3bd3e8748a34ba1bc3e609c0129e070ec118fd5,c2b35dd56bdce56ccc7b51081e7028339d22dced4de2011ebde710178fc67c52
conversation_trace,0.0025,1,pi3,1,"conversation_trace|l1=0.0025,l2x1|pi3|s=1",0001a28bdbe10ba906cbd6fa49b9e21d0a80ffafee6bdabb1f311ce9640002a4,1,837,275,2510999.0,17,True,0,0,1026.0,e129e7245d6e17affb1c418fa3bd3e8748a34ba1bc3e609c0129e070ec118fd5,c2b35dd56bdce56ccc7b51081e7028339d22dced4de2011ebde710178fc67c52
conversation_trace,0.0025,1,pi3,1,"conversation_trace|l1=0.0025,l2x1|pi3|s=1",0007efb159702b6831f6bfbd5db19e9f586d8359212a8bb01474ce1df4b4c7a4,6,881,164,2643000.0,17,True,0,0,893.999,e129e7245d6e17affb1c418fa3bd3e8748a34ba1bc3e609c0129e070ec118fd5,c2b35dd56bdce56ccc7b51081e7028339d22dced4de2011ebde710178fc67c52
conversation_trace,0.0025,1,pi3,1,"conversation_trace|l1=0.0025,l2x1|pi3|s=1",00044f0ac5c6d5ba8e5283871a88576ec657b7311aad6dd62b0c1e2c1a5125a5,4,906,43,2718000.0,17,True,0,0,818.999,e129e7245d6e17affb1c418fa3bd3e8748a34ba1bc3e609c0129e070ec118fd5,c2b35dd56bdce56ccc7b51081e7028339d22dced4de2011ebde710178fc67c52
conversation_trace,0.0025,1,pi3,1,"conversation_trace|l1=0.0025,l2x1|pi3|s=1",000019749d2b9a3ba4468d4e4a5e4ac817f927d633bb439ccc3f3b0701e3fdb3,0,979,178,2936999.0,17,True,0,0,600.0,e129e7245d6e17affb1c418fa3bd3e8748a34ba1bc3e609c0129e070ec118fd5,c2b35dd56bdce56ccc7b51081e7028339d22dced4de2011ebde710178fc67c52
conversation_trace,0.0025,1,pi3,2,"conversation_trace|l1=0.0025,l2x1|pi3|s=2",00058e4a0673c93976cf212f724ed1835d105eca34ad6e65881f1c4804bab660,3,722,83,2166000.0,17,True,0,0,1370.999,242b30584e547d515947541bc5825baf1ee8c7ad3ad5d7f3d1fdbe9a06ffe47c,28c961a4a8a1953661eebe857b72fe018d976bab98773c0dc289a6f7422cbd66
conversation_trace,0.0025,1,pi3,2,"conversation_trace|l1=0.0025,l2x1|pi3|s=2",0004e58309369aac76cc76e1c8a0cc06a8cb0cf997d43c8f253ab614060f4ce5,2,727,53,2180999.0,17,True,0,0,1356.0,242b30584e547d515947541bc5825baf1ee8c7ad3ad5d7f3d1fdbe9a06ffe47c,28c961a4a8a1953661eebe857b72fe018d976bab98773c0dc289a6f7422cbd66
conversation_trace,0.0025,1,pi3,2,"conversation_trace|l1=0.0025,l2x1|pi3|s=2",000266ab5932cf80e054486d8606cb52aaf110ca78d1df3679905fb13521e69c,1,762,110,2286000.0,17,True,0,0,1250.999,242b30584e547d515947541bc5825baf1ee8c7ad3ad5d7f3d1fdbe9a06ffe47c,28c961a4a8a1953661eebe857b72fe018d976bab98773c0dc289a6f7422cbd66
conversation_trace,0.0025,1,pi3,2,"conversation_trace|l1=0.0025,l2x1|pi3|s=2",00091aa9b4c62c9823dda5c3d660b7e99df27821fc2b061fc1b3eab9a02a5f23,7,825,150,2475000.0,17,True,0,0,1061.999,242b30584e547d515947541bc5825baf1ee8c7ad3ad5d7f3d1fdbe9a06ffe47c,28c961a4a8a1953661eebe857b72fe018d976bab98773c0dc289a6f7422cbd66
conversation_trace,0.0025,1,pi3,2,"conversation_trace|l1=0.0025,l2x1|pi3|s=2",0002309bc36e486aa643794039a7c389838ca23ee8b1688c40cfd3698beb88c5,0,832,407,2496000.0,17,True,0,0,1040.999,242b30584e547d515947541bc5825baf1ee8c7ad3ad5d7f3d1fdbe9a06ffe47c,28c961a4a8a1953661eebe857b72fe018d976bab98773c0dc289a6f7422cbd66
conversation_trace,0.0025,1,pi3,2,"conversation_trace|l1=0.0025,l2x1|pi3|s=2",0007d351713a007ec0ddfcc26402b161b6d9dcda03784616fdbe37926249eefe,6,881,307,2643000.0,17,True,0,0,893.999,242b30584e547d515947541bc5825baf1ee8c7ad3ad5d7f3d1fdbe9a06ffe47c,28c961a4a8a1953661eebe857b72fe018d976bab98773c0dc289a6f7422cbd66
conversation_trace,0.0025,1,pi3,2,"conversation_trace|l1=0.0025,l2x1|pi3|s=2",000622bf0183eb0b2cd581a5e5e716072b0554aa559c44d56b4ff0b01a60bb66,4,903,48,2709000.0,17,True,0,0,827.999,242b30584e547d515947541bc5825baf1ee8c7ad3ad5d7f3d1fdbe9a06ffe47c,28c961a4a8a1953661eebe857b72fe018d976bab98773c0dc289a6f7422cbd66
conversation_trace,0.0025,1,pi3,2,"conversation_trace|l1=0.0025,l2x1|pi3|s=2",0006bfca70aaf42cf4548d9a437805bb93a84416ac659b17455331c000cc5a5b,5,956,84,2868000.0,17,False,9,0,668.999,242b30584e547d515947541bc5825baf1ee8c7ad3ad5d7f3d1fdbe9a06ffe47c,28c961a4a8a1953661eebe857b72fe018d976bab98773c0dc289a6f7422cbd66
conversation_trace,0.0025,1,pi3,3,"conversation_trace|l1=0.0025,l2x1|pi3|s=3",0008cfe98b50a296698f3b9514e87de211e4ef5158b9c680027fcafeecee3f39,5,742,56,2226000.0,17,True,0,0,1310.999,f7671f8db13890a673d848aa42e93e3f950e87be7ec98e79e9a37118b12ab03e,eab865aa1dd837269b1b6cd0c27d29b8fbca62a0196bfa4e202d590769da768e
conversation_trace,0.0025,1,pi3,3,"conversation_trace|l1=0.0025,l2x1|pi3|s=3",0002a82de0eeae3e54f47c8cc18078d14cdd8eafcd2f856e246adeefa28b88fc,2,770,35,2310000.0,17,True,0,0,1226.999,f7671f8db13890a673d848aa42e93e3f950e87be7ec98e79e9a37118b12ab03e,eab865aa1dd837269b1b6cd0c27d29b8fbca62a0196bfa4e202d590769da768e
conversation_trace,0.0025,1,pi3,3,"conversation_trace|l1=0.0025,l2x1|pi3|s=3",000c3761dbd409e72e2cb5925239b2ff80ebb34481f3d44753fa9945224f377e,7,782,89,2345999.0,17,True,0,0,1191.0,f7671f8db13890a673d848aa42e93e3f950e87be7ec98e79e9a37118b12ab03e,eab865aa1dd837269b1b6cd0c27d29b8fbca62a0196bfa4e202d590769da768e
conversation_trace,0.0025,1,pi3,3,"conversation_trace|l1=0.0025,l2x1|pi3|s=3",00091383585a81f661aa77820adf1d0ea80ef4346e09b499beb09301f0187f0d,6,810,97,2430000.0,17,True,0,0,1106.999,f7671f8db13890a673d848aa42e93e3f950e87be7ec98e79e9a37118b12ab03e,eab865aa1dd837269b1b6cd0c27d29b8fbca62a0196bfa4e202d590769da768e
conversation_trace,0.0025,1,pi3,3,"conversation_trace|l1=0.0025,l2x1|pi3|s=3",0000625efbeeb3f4b9effc9df7e1d86e60c2e4c4ce245dbadd655dfa2cd29a55,0,816,152,2448000.0,17,True,0,0,1088.999,f7671f8db13890a673d848aa42e93e3f950e87be7ec98e79e9a37118b12ab03e,eab865aa1dd837269b1b6cd0c27d29b8fbca62a0196bfa4e202d590769da768e
conversation_trace,0.0025,1,pi3,3,"conversation_trace|l1=0.0025,l2x1|pi3|s=3",00041e83028a71ad43c735d0e38295f28cd020c022d442b7bea6cd35ce0f1aec,4,898,152,2694000.0,17,True,0,0,842.999,f7671f8db13890a673d848aa42e93e3f950e87be7ec98e79e9a37118b12ab03e,eab865aa1dd837269b1b6cd0c27d29b8fbca62a0196bfa4e202d590769da768e
conversation_trace,0.0025,1,pi3,3,"conversation_trace|l1=0.0025,l2x1|pi3|s=3",00040bb3b5b05c3c0b6acd21a1b232cf8f0d43b8b7a658bf92a858f60d6af6f4,3,900,145,2699999.0,17,True,0,0,837.0,f7671f8db13890a673d848aa42e93e3f950e87be7ec98e79e9a37118b12ab03e,eab865aa1dd837269b1b6cd0c27d29b8fbca62a0196bfa4e202d590769da768e
conversation_trace,0.0025,1,pi3,3,"conversation_trace|l1=0.0025,l2x1|pi3|s=3",0001891579adbc470a2a2edf107e9a867cb7ff82297e3318643a19a1fb2a0d5e,1,945,180,2835000.0,17,True,0,0,701.999,f7671f8db13890a673d848aa42e93e3f950e87be7ec98e79e9a37118b12ab03e,eab865aa1dd837269b1b6cd0c27d29b8fbca62a0196bfa4e202d590769da768e
conversation_trace,0.0025,1,pi3,4,"conversation_trace|l1=0.0025,l2x1|pi3|s=4",00014562df31ec0967b84df24da7d1da054ed5807a791405df1d83ac71dc9d51,2,711,465,2132999.0,17,True,0,0,1404.0,35f5a8f9446736bbd35e0af38f0eb4e5c5d74eb9aa44403498750e8df34db60b,58fdac2b50b662d48bf3590a6f7568b30049edac52bb30bc1f67c314262697bc
conversation_trace,0.0025,1,pi3,4,"conversation_trace|l1=0.0025,l2x1|pi3|s=4",0001296ca0124142cf4df68d00f183bbbe1522a94a02228b73931f5193f0f6f6,1,851,41,2553000.0,17,True,0,0,983.999,35f5a8f9446736bbd35e0af38f0eb4e5c5d74eb9aa44403498750e8df34db60b,58fdac2b50b662d48bf3590a6f7568b30049edac52bb30bc1f67c314262697bc
conversation_trace,0.0025,1,pi3,4,"conversation_trace|l1=0.0025,l2x1|pi3|s=4",00031121d6b85ab00d5f794165c7a5efd79f2dec7e5df5a7274013037e0bc62f,6,892,174,2675999.0,17,True,0,0,861.0,35f5a8f9446736bbd35e0af38f0eb4e5c5d74eb9aa44403498750e8df34db60b,58fdac2b50b662d48bf3590a6f7568b30049edac52bb30bc1f67c314262697bc
conversation_trace,0.0025,1,pi3,4,"conversation_trace|l1=0.0025,l2x1|pi3|s=4",00033a58a2f0fafab90977b88f2a916e3f493378345b63c47480cda6f5c75b3d,7,920,178,2760000.0,17,True,0,0,776.999,35f5a8f9446736bbd35e0af38f0eb4e5c5d74eb9aa44403498750e8df34db60b,58fdac2b50b662d48bf3590a6f7568b30049edac52bb30bc1f67c314262697bc
conversation_trace,0.0025,1,pi3,4,"conversation_trace|l1=0.0025,l2x1|pi3|s=4",00010cab30993f71443dd971fe94cc0749e18bbdaeaf00d271e355df60e30075,0,923,19,2768999.0,17,True,0,0,768.0,35f5a8f9446736bbd35e0af38f0eb4e5c5d74eb9aa44403498750e8df34db60b,58fdac2b50b662d48bf3590a6f7568b30049edac52bb30bc1f67c314262697bc
conversation_trace,0.0025,1,pi3,4,"conversation_trace|l1=0.0025,l2x1|pi3|s=4",0001e2205149323ca30579f7270cf5aaa4bff55eb5db36b8e2e266ec9e0e7add,5,939,203,2817000.0,17,True,0,0,719.999,35f5a8f9446736bbd35e0af38f0eb4e5c5d74eb9aa44403498750e8df34db60b,58fdac2b50b662d48bf3590a6f7568b30049edac52bb30bc1f67c314262697bc
conversation_trace,0.0025,1,pi3,4,"conversation_trace|l1=0.0025,l2x1|pi3|s=4",0001828edaddfc58a3551d1a662e76600202b0018b35dcb3916d992c85ebe1d6,4,942,118,2826000.0,17,True,0,0,710.999,35f5a8f9446736bbd35e0af38f0eb4e5c5d74eb9aa44403498750e8df34db60b,58fdac2b50b662d48bf3590a6f7568b30049edac52bb30bc1f67c314262697bc
conversation_trace,0.0025,1,pi3,4,"conversation_trace|l1=0.0025,l2x1|pi3|s=4",0001555a805511956b266a52a0bee4d02c1ae7480464ed40fbe06a90cca866b8,3,958,87,2874000.0,17,False,11,0,662.999,35f5a8f9446736bbd35e0af38f0eb4e5c5d74eb9aa44403498750e8df34db60b,58fdac2b50b662d48bf3590a6f7568b30049edac52bb30bc1f67c314262697bc
conversation_trace,0.02,4,pi0,0,"conversation_trace|l1=0.02,l2x4|pi0|s=0",0010e581ab531706b6dd6d484280a8b9ddaf9fb71af6d804d7edab1dc022f4a9,7,719,15,2157000.0,17,False,11,0,1379.999,bbcbb4ac3d45301d4eefd4be3d3e25d6b3536aa64442554e4a07815a47e6800d,87c24bb2abdcdc62028405a19eaff0b24c3bffacfd8d50334fc76d76e0b2d60c
conversation_trace,0.02,4,pi0,0,"conversation_trace|l1=0.02,l2x4|pi0|s=0",000272df75fa92fa17492f92a1a51baf1ee316f06843134f90648b2c52f81933,2,779,88,2337000.0,17,False,15,0,1199.999,bbcbb4ac3d45301d4eefd4be3d3e25d6b3536aa64442554e4a07815a47e6800d,87c24bb2abdcdc62028405a19eaff0b24c3bffacfd8d50334fc76d76e0b2d60c
conversation_trace,0.02,4,pi0,0,"conversation_trace|l1=0.02,l2x4|pi0|s=0",00000982f64fa740d64b4e3f249ea41002f14c6f9d6a7b92492de2d3739396b2,0,848,5,2544000.0,17,False,5,0,992.999,bbcbb4ac3d45301d4eefd4be3d3e25d6b3536aa64442554e4a07815a47e6800d,87c24bb2abdcdc62028405a19eaff0b24c3bffacfd8d50334fc76d76e0b2d60c
conversation_trace,0.02,4,pi0,0,"conversation_trace|l1=0.02,l2x4|pi0|s=0",00074edbdaa328c194d596cc936218f447616d328a6a2f4769fe7b2c67e7e816,4,906,107,2718000.0,17,False,5,0,818.999,bbcbb4ac3d45301d4eefd4be3d3e25d6b3536aa64442554e4a07815a47e6800d,87c24bb2abdcdc62028405a19eaff0b24c3bffacfd8d50334fc76d76e0b2d60c
conversation_trace,0.02,4,pi0,0,"conversation_trace|l1=0.02,l2x4|pi0|s=0",00011411d6474cefa1c66f8e6226e78804fc8513e5e19a0d9d1e2154f10a2872,1,908,54,2723999.0,17,False,3,0,813.0,bbcbb4ac3d45301d4eefd4be3d3e25d6b3536aa64442554e4a07815a47e6800d,87c24bb2abdcdc62028405a19eaff0b24c3bffacfd8d50334fc76d76e0b2d60c
conversation_trace,0.02,4,pi0,0,"conversation_trace|l1=0.02,l2x4|pi0|s=0",000d1b2bc77649ee156b8d77a7b00e26a9d784e0dc9fbd7ca298e2bed0d19397,6,917,82,2750999.0,17,False,15,0,786.0,bbcbb4ac3d45301d4eefd4be3d3e25d6b3536aa64442554e4a07815a47e6800d,87c24bb2abdcdc62028405a19eaff0b24c3bffacfd8d50334fc76d76e0b2d60c
conversation_trace,0.02,4,pi0,0,"conversation_trace|l1=0.02,l2x4|pi0|s=0",00039d9b0bc17ae4b6248f4edbe3dd1757e90afc2c8957adca14793bb33f185a,3,922,32,2766000.0,17,False,15,0,770.999,bbcbb4ac3d45301d4eefd4be3d3e25d6b3536aa64442554e4a07815a47e6800d,87c24bb2abdcdc62028405a19eaff0b24c3bffacfd8d50334fc76d76e0b2d60c
conversation_trace,0.02,4,pi0,0,"conversation_trace|l1=0.02,l2x4|pi0|s=0",000833e8c5d877bf05fee3138ae59cbccd8a62291c4609a56d126aa6016d723d,5,947,77,2841000.0,17,False,13,0,695.999,bbcbb4ac3d45301d4eefd4be3d3e25d6b3536aa64442554e4a07815a47e6800d,87c24bb2abdcdc62028405a19eaff0b24c3bffacfd8d50334fc76d76e0b2d60c
conversation_trace,0.02,4,pi0,1,"conversation_trace|l1=0.02,l2x4|pi0|s=1",0008454df0d6a3783bfbff7e1a7c66f42a7bb6d8109b18e25c7f978c5198459f,1,759,71,2277000.0,17,False,2,0,1259.999,8beb0162565a0aa6e3639536c23bb72cffd322200791e9c91f82c438911b28e8,87c24bb2abdcdc62028405a19eaff0b24c3bffacfd8d50334fc76d76e0b2d60c
conversation_trace,0.02,4,pi0,1,"conversation_trace|l1=0.02,l2x4|pi0|s=1",0011b238dfe32cc87cbf98909395cf70e8231719005ca76730695c7a1b923351,7,783,142,2348999.0,17,False,14,0,1188.0,8beb0162565a0aa6e3639536c23bb72cffd322200791e9c91f82c438911b28e8,87c24bb2abdcdc62028405a19eaff0b24c3bffacfd8d50334fc76d76e0b2d60c
conversation_trace,0.02,4,pi0,1,"conversation_trace|l1=0.02,l2x4|pi0|s=1",0000d07feb618e4e82a53713ccd146b69e5e75ec74189414212999faef90f8c7,0,797,187,2391000.0,17,False,1,0,1145.999,8beb0162565a0aa6e3639536c23bb72cffd322200791e9c91f82c438911b28e8,87c24bb2abdcdc62028405a19eaff0b24c3bffacfd8d50334fc76d76e0b2d60c
conversation_trace,0.02,4,pi0,1,"conversation_trace|l1=0.02,l2x4|pi0|s=1",000dd9d2feaa2f685adb9b99a64c44c727e3a517ff237c80f4573e76c1e2e853,4,819,150,2456999.0,17,False,5,0,1080.0,8beb0162565a0aa6e3639536c23bb72cffd322200791e9c91f82c438911b28e8,87c24bb2abdcdc62028405a19eaff0b24c3bffacfd8d50334fc76d76e0b2d60c
conversation_trace,0.02,4,pi0,1,"conversation_trace|l1=0.02,l2x4|pi0|s=1",0010e0cc896aaac7e60840fcb54d72ea27ce9912437ac57e481664e4a188b8e1,6,894,14,2682000.0,17,False,2,0,854.999,8beb0162565a0aa6e3639536c23bb72cffd322200791e9c91f82c438911b28e8,87c24bb2abdcdc62028405a19eaff0b24c3bffacfd8d50334fc76d76e0b2d60c
conversation_trace,0.02,4,pi0,1,"conversation_trace|l1=0.02,l2x4|pi0|s=1",000f52a16084dae41e7ebdd1f70791452731a184b19bbeaa996a91821fdf9e8b,5,902,113,2706000.0,17,False,4,0,830.999,8beb0162565a0aa6e3639536c23bb72cffd322200791e9c91f82c438911b28e8,87c24bb2abdcdc62028405a19eaff0b24c3bffacfd8d50334fc76d76e0b2d60c
conversation_trace,0.02,4,pi0,1,"conversation_trace|l1=0.02,l2x4|pi0|s=1",0009c22ef766dc3263f587187e71fb7a0539d368f6ed32f3cb2d77b05663271e,2,939,74,2817000.0,17,False,1,0,719.999,8beb0162565a0aa6e3639536c23bb72cffd322200791e9c91f82c438911b28e8,87c24bb2abdcdc62028405a19eaff0b24c3bffacfd8d50334fc76d76e0b2d60c
conversation_trace,0.02,4,pi0,1,"conversation_trace|l1=0.02,l2x4|pi0|s=1",000d089caad72131044a921ee729510c15f171b997d503da47aa1b3ba729ce6e,3,945,39,2835000.0,17,False,12,0,701.999,8beb0162565a0aa6e3639536c23bb72cffd322200791e9c91f82c438911b28e8,87c24bb2abdcdc62028405a19eaff0b24c3bffacfd8d50334fc76d76e0b2d60c
conversation_trace,0.02,4,pi0,2,"conversation_trace|l1=0.02,l2x4|pi0|s=2",00023a535654b0dea98ec90cc23ee19403b84ff379568e1fb72849f05237411a,2,789,192,2367000.0,17,False,9,0,1169.999,8c4ee9707c9eec815599b4c88e77b6853279c7886a13dadf054d366f0ce702da,87c24bb2abdcdc62028405a19eaff0b24c3bffacfd8d50334fc76d76e0b2d60c
conversation_trace,0.02,4,pi0,2,"conversation_trace|l1=0.02,l2x4|pi0|s=2",0001d381d0076c8b9fe3bee9b8b10494cc7732697a117cca7195820bf3d602f7,0,808,52,2424000.0,17,False,12,0,1112.999,8c4ee9707c9eec815599b4c88e77b6853279c7886a13dadf054d366f0ce702da,87c24bb2abdcdc62028405a19eaff0b24c3bffacfd8d50334fc76d76e0b2d60c
conversation_trace,0.02,4,pi0,2,"conversation_trace|l1=0.02,l2x4|pi0|s=2",0003256ce36bae754d703dd7313299b2007dc5381a14e291daee9ad99453b6ed,3,818,299,2453999.0,17,False,16,0,1083.0,8c4ee9707c9eec815599b4c88e77b6853279c7886a13dadf054d366f0ce702da,87c24bb2abdcdc62028405a19eaff0b24c3bffacfd8d50334fc76d76e0b2d60c
conversation_trace,0.02,4,pi0,2,"conversation_trace|l1=0.02,l2x4|pi0|s=2",0006149541e7011bd5aa4f0986664fae23b1a3913e4c5e764edd17b14940f902,4,822,4,2466000.0,17,False,8,0,1070.999,8c4ee9707c9eec815599b4c88e77b6853279c7886a13dadf054d366f0ce702da,87c24bb2abdcdc62028405a19eaff0b24c3bffacfd8d50334fc76d76e0b2d60c
conversation_trace,0.02,4,pi0,2,"conversation_trace|l1=0.02,l2x4|pi0|s=2",000217936467a0d5870dcf3600bf9c71ec30bc25205dd4629cceaeca8645672e,1,840,160,2520003.0,17,False,3,0,1016.996,8c4ee9707c9eec815599b4c88e77b6853279c7886a13dadf054d366f0ce702da,87c24bb2abdcdc62028405a19eaff0b24c3bffacfd8d50334fc76d76e0b2d60c
conversation_trace,0.02,4,pi0,2,"conversation_trace|l1=0.02,l2x4|pi0|s=2",00074d9e71ea797d59baeed4ff87da573b06807bcdd70d79b979d26f397d18df,5,875,52,2625000.0,17,False,5,0,911.999,8c4ee9707c9eec815599b4c88e77b6853279c7886a13dadf054d366f0ce702da,87c24bb2abdcdc62028405a19eaff0b24c3bffacfd8d50334fc76d76e0b2d60c
conversation_trace,0.02,4,pi0,2,"conversation_trace|l1=0.02,l2x4|pi0|s=2",0008d3207bc76699ff733015ef284a73f871d18bce32d23dde349f09b6b3060d,7,915,118,2744999.0,17,False,10,0,792.0,8c4ee9707c9eec815599b4c88e77b6853279c7886a13dadf054d366f0ce702da,87c24bb2abdcdc62028405a19eaff0b24c3bffacfd8d50334fc76d76e0b2d60c
conversation_trace,0.02,4,pi0,2,"conversation_trace|l1=0.02,l2x4|pi0|s=2",0008590aaecce7ce19e388d80d474806f8a55f1c695270ce9bdb7ba02464eeff,6,970,18,2910000.0,17,False,11,0,626.999,8c4ee9707c9eec815599b4c88e77b6853279c7886a13dadf054d366f0ce702da,87c24bb2abdcdc62028405a19eaff0b24c3bffacfd8d50334fc76d76e0b2d60c
conversation_trace,0.02,4,pi0,3,"conversation_trace|l1=0.02,l2x4|pi0|s=3",00000d5d32542a8d04ac4281713c92e11e1b898741bf49f63b9ce6fb250a1e2d,0,775,77,2325000.0,17,False,13,0,1211.999,f4d335f88326d65a09505f6b633ae23a91dbb3526259631642b1966a1d013402,87c24bb2abdcdc62028405a19eaff0b24c3bffacfd8d50334fc76d76e0b2d60c
conversation_trace,0.02,4,pi0,3,"conversation_trace|l1=0.02,l2x4|pi0|s=3",0008c14755b91e34714371052b651fe238c1c8fad325b30896bee0dda027d2c0,7,831,11,2493000.0,17,False,14,0,1043.999,f4d335f88326d65a09505f6b633ae23a91dbb3526259631642b1966a1d013402,87c24bb2abdcdc62028405a19eaff0b24c3bffacfd8d50334fc76d76e0b2d60c
conversation_trace,0.02,4,pi0,3,"conversation_trace|l1=0.02,l2x4|pi0|s=3",0007f62fde6a29461e1b8101efd384954f1c24e065efe2a1229bb3757804dde2,6,832,364,2496000.0,17,False,14,0,1040.999,f4d335f88326d65a09505f6b633ae23a91dbb3526259631642b1966a1d013402,87c24bb2abdcdc62028405a19eaff0b24c3bffacfd8d50334fc76d76e0b2d60c
conversation_trace,0.02,4,pi0,3,"conversation_trace|l1=0.02,l2x4|pi0|s=3",0006789a1702ae510b794a30e3225a149e8d064127a0c4cd6b5a96addeb925ab,4,883,0,2648999.0,17,False,10,0,888.0,f4d335f88326d65a09505f6b633ae23a91dbb3526259631642b1966a1d013402,87c24bb2abdcdc62028405a19eaff0b24c3bffacfd8d50334fc76d76e0b2d60c
conversation_trace,0.02,4,pi0,3,"conversation_trace|l1=0.02,l2x4|pi0|s=3",00078e7bedf9652dc48ee2cb5effc0c0a3241fe925c455c55e3ffdd872a798bb,5,891,124,2672999.0,17,False,14,0,864.0,f4d335f88326d65a09505f6b633ae23a91dbb3526259631642b1966a1d013402,87c24bb2abdcdc62028405a19eaff0b24c3bffacfd8d50334fc76d76e0b2d60c
conversation_trace,0.02,4,pi0,3,"conversation_trace|l1=0.02,l2x4|pi0|s=3",00050c25f52d628b78cdb19e441b048c03791492dce4e3ec0430fc5081e33882,3,955,83,2865000.0,17,False,15,0,671.999,f4d335f88326d65a09505f6b633ae23a91dbb3526259631642b1966a1d013402,87c24bb2abdcdc62028405a19eaff0b24c3bffacfd8d50334fc76d76e0b2d60c
conversation_trace,0.02,4,pi0,3,"conversation_trace|l1=0.02,l2x4|pi0|s=3",0000fd32488c8b011d28811a48d74bdd3fd0e9f19bcc6981c1ad3b4a6757ca0f,1,976,55,2927999.0,17,False,7,0,609.0,f4d335f88326d65a09505f6b633ae23a91dbb3526259631642b1966a1d013402,87c24bb2abdcdc62028405a19eaff0b24c3bffacfd8d50334fc76d76e0b2d60c
conversation_trace,0.02,4,pi0,3,"conversation_trace|l1=0.02,l2x4|pi0|s=3",00026c6213638b17e709c861f92be7cbc9db6be239d82afb60274442513f4c59,2,979,92,2936999.0,17,False,7,0,600.0,f4d335f88326d65a09505f6b633ae23a91dbb3526259631642b1966a1d013402,87c24bb2abdcdc62028405a19eaff0b24c3bffacfd8d50334fc76d76e0b2d60c
conversation_trace,0.02,4,pi0,4,"conversation_trace|l1=0.02,l2x4|pi0|s=4",000948700aae2917c93b14df389067891482c6f70528f2f74604c85c324ea9f5,1,711,105,2132999.0,17,False,10,0,1404.0,1667331f257f0e573eccb23d48d1466323c8ac3be3e2172c4dafe0ee58de39ab,87c24bb2abdcdc62028405a19eaff0b24c3bffacfd8d50334fc76d76e0b2d60c
conversation_trace,0.02,4,pi0,4,"conversation_trace|l1=0.02,l2x4|pi0|s=4",000dd6a79f403526f9c940653e6f3b6790396b4a1da5e33ea1d2fbdf83d27a69,4,719,14,2157000.0,17,False,13,0,1379.999,1667331f257f0e573eccb23d48d1466323c8ac3be3e2172c4dafe0ee58de39ab,87c24bb2abdcdc62028405a19eaff0b24c3bffacfd8d50334fc76d76e0b2d60c
conversation_trace,0.02,4,pi0,4,"conversation_trace|l1=0.02,l2x4|pi0|s=4",000f105f4ef0f220ec384e89264dda2abbf3730631161cad57efcbe966b635c4,5,747,19,2241000.0,17,False,3,0,1295.999,1667331f257f0e573eccb23d48d1466323c8ac3be3e2172c4dafe0ee58de39ab,87c24bb2abdcdc62028405a19eaff0b24c3bffacfd8d50334fc76d76e0b2d60c
conversation_trace,0.02,4,pi0,4,"conversation_trace|l1=0.02,l2x4|pi0|s=4",000f53fdfb5f16eff54b8c5f1979db2830f1d0066d38760fd3567b7bacc7abd3,6,755,77,2265000.0,17,False,10,0,1271.999,1667331f257f0e573eccb23d48d1466323c8ac3be3e2172c4dafe0ee58de39ab,87c24bb2abdcdc62028405a19eaff0b24c3bffacfd8d50334fc76d76e0b2d60c
conversation_trace,0.02,4,pi0,4,"conversation_trace|l1=0.02,l2x4|pi0|s=4",00100cb63269749412c8872f8c69f3b4af4e40ca243b532034fd7f1a3014f104,7,775,28,2325000.0,17,False,14,0,1211.999,1667331f257f0e573eccb23d48d1466323c8ac3be3e2172c4dafe0ee58de39ab,87c24bb2abdcdc62028405a19eaff0b24c3bffacfd8d50334fc76d76e0b2d60c
conversation_trace,0.02,4,pi0,4,"conversation_trace|l1=0.02,l2x4|pi0|s=4",00000246f248eb75f94f0c77500a92d8a83b126e14dae452948e96a02f3d6587,0,809,93,2427000.0,17,False,5,0,1109.999,1667331f257f0e573eccb23d48d1466323c8ac3be3e2172c4dafe0ee58de39ab,87c24bb2abdcdc62028405a19eaff0b24c3bffacfd8d50334fc76d76e0b2d60c
conversation_trace,0.02,4,pi0,4,"conversation_trace|l1=0.02,l2x4|pi0|s=4",000a393c34dd583086675d0aa2ce6d3d9824f65ca1aa9229687258a5de70bdad,2,941,212,2823000.0,17,False,1,0,713.999,1667331f257f0e573eccb23d48d1466323c8ac3be3e2172c4dafe0ee58de39ab,87c24bb2abdcdc62028405a19eaff0b24c3bffacfd8d50334fc76d76e0b2d60c
conversation_trace,0.02,4,pi0,4,"conversation_trace|l1=0.02,l2x4|pi0|s=4",000cf182568a3a9e32a1f46b2c7f04521679dd6ecaab12c2236033f956b7b52c,3,969,31,2907000.0,17,False,9,0,629.999,1667331f257f0e573eccb23d48d1466323c8ac3be3e2172c4dafe0ee58de39ab,87c24bb2abdcdc62028405a19eaff0b24c3bffacfd8d50334fc76d76e0b2d60c
conversation_trace,0.02,4,pi3,0,"conversation_trace|l1=0.02,l2x4|pi3|s=0",000b2e1eff29e016460ef1ea0d3e3130956bb50ceba1a9caa197b6f18da2a483,6,710,146,2130000.0,17,False,4,0,1406.999,2764e76071cee55150cd98623af64c789081b86b535870ac430ffb6d0049d04f,3d9ade29da03653673efd910ed4b1e1865334e12a51c4910c68b4cf3617d2e34
conversation_trace,0.02,4,pi3,0,"conversation_trace|l1=0.02,l2x4|pi3|s=0",0007729ede466cdbbcd309e138142335371a46e97c0e6a6287a2709254519a25,4,724,86,2172000.0,17,False,12,0,1364.999,2764e76071cee55150cd98623af64c789081b86b535870ac430ffb6d0049d04f,3d9ade29da03653673efd910ed4b1e1865334e12a51c4910c68b4cf3617d2e34
conversation_trace,0.02,4,pi3,0,"conversation_trace|l1=0.02,l2x4|pi3|s=0",00032e7e04bfdddafc85a1208d95a4f9014ae124b7dce68ff6d29b1a70564a80,2,737,114,2211000.0,17,False,1,0,1325.999,2764e76071cee55150cd98623af64c789081b86b535870ac430ffb6d0049d04f,3d9ade29da03653673efd910ed4b1e1865334e12a51c4910c68b4cf3617d2e34
conversation_trace,0.02,4,pi3,0,"conversation_trace|l1=0.02,l2x4|pi3|s=0",00076c035aa5646fda8ceb4a6a5b45cdcfc3928f3bb2621781bd56b5fed11b14,3,838,167,2514000.0,17,False,7,0,1022.999,2764e76071cee55150cd98623af64c789081b86b535870ac430ffb6d0049d04f,3d9ade29da03653673efd910ed4b1e1865334e12a51c4910c68b4cf3617d2e34
conversation_trace,0.02,4,pi3,0,"conversation_trace|l1=0.02,l2x4|pi3|s=0",000ca91351cdd4df260f32f5b788c515d8e3074263da800ff8209c0f20b93dbd,7,871,242,2612999.0,17,False,4,0,924.0,2764e76071cee55150cd98623af64c789081b86b535870ac430ffb6d0049d04f,3d9ade29da03653673efd910ed4b1e1865334e12a51c4910c68b4cf3617d2e34
conversation_trace,0.02,4,pi3,0,"conversation_trace|l1=0.02,l2x4|pi3|s=0",0001d29036bf07f100d1df09aecd47b3733687367ab03c174856559f21abdc7b,1,874,229,2622000.0,17,False,8,0,914.999,2764e76071cee55150cd98623af64c789081b86b535870ac430ffb6d0049d04f,3d9ade29da03653673efd910ed4b1e1865334e12a51c4910c68b4cf3617d2e34
conversation_trace,0.02,4,pi3,0,"conversation_trace|l1=0.02,l2x4|pi3|s=0",0001858dc7d39f041bb596d841cc6b74a3c44a570599de8a0071e92b2590047c,0,934,2,2802000.0,16,False,11,-1,734.999,2764e76071cee55150cd98623af64c789081b86b535870ac430ffb6d0049d04f,3d9ade29da03653673efd910ed4b1e1865334e12a51c4910c68b4cf3617d2e34
conversation_trace,0.02,4,pi3,0,"conversation_trace|l1=0.02,l2x4|pi3|s=0",000a46127465bfb10800402bbbd52d7ff8080b35b4dba4bf6053ec312d9febf8,5,944,66,2832000.0,17,False,6,0,704.999,2764e76071cee55150cd98623af64c789081b86b535870ac430ffb6d0049d04f,3d9ade29da03653673efd910ed4b1e1865334e12a51c4910c68b4cf3617d2e34
conversation_trace,0.02,4,pi3,1,"conversation_trace|l1=0.02,l2x4|pi3|s=1",000440815a38d67308436ea565e3fa637c6db421ebd4c52da7c2234b6cecd741,2,776,75,2328000.0,17,False,7,0,1208.999,c331f57ea4fe498c63484b360ed54fb164664267ab3dbea6d911880b1d30fbd4,cb89b3e43c878c8ebf72df010271c3d339865651c4c0cda96d71f9a1070c983f
conversation_trace,0.02,4,pi3,1,"conversation_trace|l1=0.02,l2x4|pi3|s=1",000b728dd702de6575f2dfc34eddec90c9ee6b45e9cd15d1e5f69efc39416fba,7,786,25,2357999.0,17,False,2,0,1179.0,c331f57ea4fe498c63484b360ed54fb164664267ab3dbea6d911880b1d30fbd4,cb89b3e43c878c8ebf72df010271c3d339865651c4c0cda96d71f9a1070c983f
conversation_trace,0.02,4,pi3,1,"conversation_trace|l1=0.02,l2x4|pi3|s=1",00008259794e065579bf8ab08917afdcfce2515400a1f051039b098438cac0b1,0,805,78,2414999.0,17,False,13,0,1122.0,c331f57ea4fe498c63484b360ed54fb164664267ab3dbea6d911880b1d30fbd4,cb89b3e43c878c8ebf72df010271c3d339865651c4c0cda96d71f9a1070c983f
conversation_trace,0.02,4,pi3,1,"conversation_trace|l1=0.02,l2x4|pi3|s=1",0005ec6eba71be23d18b054c5893a681c7314436866df5d5f676a82891cf127a,3,883,136,2648999.0,17,False,7,0,888.0,c331f57ea4fe498c63484b360ed54fb164664267ab3dbea6d911880b1d30fbd4,cb89b3e43c878c8ebf72df010271c3d339865651c4c0cda96d71f9a1070c983f
conversation_trace,0.02,4,pi3,1,"conversation_trace|l1=0.02,l2x4|pi3|s=1",000977331bd0bf952052a655f45645bcce61769f9ae7a13cf821240fbb6d8e0f,5,883,142,2648999.0,17,False,16,0,888.0,c331f57ea4fe498c63484b360ed54fb164664267ab3dbea6d911880b1d30fbd4,cb89b3e43c878c8ebf72df010271c3d339865651c4c0cda96d71f9a1070c983f
conversation_trace,0.02,4,pi3,1,"conversation_trace|l1=0.02,l2x4|pi3|s=1",0006d73d80869feca7e4fbeebe802deff842c5ef10b964e8a05924994c10664e,4,895,128,2684999.0,17,False,5,0,852.0,c331f57ea4fe498c63484b360ed54fb164664267ab3dbea6d911880b1d30fbd4,cb89b3e43c878c8ebf72df010271c3d339865651c4c0cda96d71f9a1070c983f
conversation_trace,0.02,4,pi3,1,"conversation_trace|l1=0.02,l2x4|pi3|s=1",000a011d42c9f3c5210d86f16894fb31ac2e34908fbcfe1552ac11d5c0af09a9,6,961,198,2883000.0,17,False,10,0,653.999,c331f57ea4fe498c63484b360ed54fb164664267ab3dbea6d911880b1d30fbd4,cb89b3e43c878c8ebf72df010271c3d339865651c4c0cda96d71f9a1070c983f
conversation_trace,0.02,4,pi3,1,"conversation_trace|l1=0.02,l2x4|pi3|s=1",0001db5213f790f73212f7b533c20570caab7468a5c5a47740a34f39fb42b5f5,1,970,278,2910000.0,17,False,12,0,626.999,c331f57ea4fe498c63484b360ed54fb164664267ab3dbea6d911880b1d30fbd4,cb89b3e43c878c8ebf72df010271c3d339865651c4c0cda96d71f9a1070c983f
conversation_trace,0.02,4,pi3,2,"conversation_trace|l1=0.02,l2x4|pi3|s=2",0005c72c19c1f895566ed0ab96e88eed1a602a1d3aa1bb16c4131adc47681e83,4,732,135,2195999.0,17,False,3,0,1341.0,a5db70af541cc58195f497c346980d42a0e4bd398bc4a817b9ee3042d3febb4d,7ec56fa24d49e2049b776da49031549483b90fc71e0c5a8dfe83410cfc00efae
conversation_trace,0.02,4,pi3,2,"conversation_trace|l1=0.02,l2x4|pi3|s=2",00031d11503f6826de4c3d156b62ce712564d7c588530d9d12c01dfcb296c1a0,3,760,105,2280000.0,17,False,14,0,1256.999,a5db70af541cc58195f497c346980d42a0e4bd398bc4a817b9ee3042d3febb4d,7ec56fa24d49e2049b776da49031549483b90fc71e0c5a8dfe83410cfc00efae
conversation_trace,0.02,4,pi3,2,"conversation_trace|l1=0.02,l2x4|pi3|s=2",000a8cd6f12d0d8589f1c62d036e0405ee5b12f9b6cfe6b0ef2fe287f03f1c1a,6,816,58,2448000.0,17,False,10,0,1088.999,a5db70af541cc58195f497c346980d42a0e4bd398bc4a817b9ee3042d3febb4d,7ec56fa24d49e2049b776da49031549483b90fc71e0c5a8dfe83410cfc00efae
conversation_trace,0.02,4,pi3,2,"conversation_trace|l1=0.02,l2x4|pi3|s=2",0000ed2bfcf0bde6718b3913237f875bd1db3afc4f0c7e3b3529ff5b022d842e,1,835,43,2505000.0,17,False,7,0,1031.999,a5db70af541cc58195f497c346980d42a0e4bd398bc4a817b9ee3042d3febb4d,7ec56fa24d49e2049b776da49031549483b90fc71e0c5a8dfe83410cfc00efae
conversation_trace,0.02,4,pi3,2,"conversation_trace|l1=0.02,l2x4|pi3|s=2",00008ee97c4808618bd533e3a731dc0da030b104d7e692526e7f34bee119fd4e,0,836,209,2507999.0,17,False,10,0,1029.0,a5db70af541cc58195f497c346980d42a0e4bd398bc4a817b9ee3042d3febb4d,7ec56fa24d49e2049b776da49031549483b90fc71e0c5a8dfe83410cfc00efae
conversation_trace,0.02,4,pi3,2,"conversation_trace|l1=0.02,l2x4|pi3|s=2",000676ad168d149b8c917616759d7896ef5a23dd0df32fb4d6f8b5b80764bc39,5,901,112,2703000.0,17,False,15,0,833.999,a5db70af541cc58195f497c346980d42a0e4bd398bc4a817b9ee3042d3febb4d,7ec56fa24d49e2049b776da49031549483b90fc71e0c5a8dfe83410cfc00efae
conversation_trace,0.02,4,pi3,2,"conversation_trace|l1=0.02,l2x4|pi3|s=2",00024ef5b071ecab81080dc5a8b80b6f221d5021fce130517b983b683d440aa4,2,939,240,2817000.0,17,False,5,0,719.999,a5db70af541cc58195f497c346980d42a0e4bd398bc4a817b9ee3042d3febb4d,7ec56fa24d49e2049b776da49031549483b90fc71e0c5a8dfe83410cfc00efae
conversation_trace,0.02,4,pi3,2,"conversation_trace|l1=0.02,l2x4|pi3|s=2",000afba4b086bd2bb862d14800cec0e6e1fb5ab06ae7fd0434fe8bf41effcc83,7,965,71,2894999.0,17,False,1,0,642.0,a5db70af541cc58195f497c346980d42a0e4bd398bc4a817b9ee3042d3febb4d,7ec56fa24d49e2049b776da49031549483b90fc71e0c5a8dfe83410cfc00efae
conversation_trace,0.02,4,pi3,3,"conversation_trace|l1=0.02,l2x4|pi3|s=3",0003af70f68a974024219635fc3b8e61dda451cd0f58e72e40a7f55607219de7,5,740,191,2219999.0,17,False,11,0,1317.0,9da0ead79532f806940ef85a280dc70278ea246c3d7c188ef6d2a70732af355a,d2aa407211791121df85d3c1a6516e6b53a71af1c51fe8d78250b90238ad19a1
conversation_trace,0.02,4,pi3,3,"conversation_trace|l1=0.02,l2x4|pi3|s=3",0000c094096e709d0d4c2dfb2fd14c51725ebbb0d4875c7aef1122bbf0210697,1,746,24,2238000.0,17,False,9,0,1298.999,9da0ead79532f806940ef85a280dc70278ea246c3d7c188ef6d2a70732af355a,d2aa407211791121df85d3c1a6516e6b53a71af1c51fe8d78250b90238ad19a1
conversation_trace,0.02,4,pi3,3,"conversation_trace|l1=0.02,l2x4|pi3|s=3",000399afb0eea2d3329e487aa59bab6149e3b3e0b1c6a3ebc6f9462c6fc570ee,4,838,51,2514000.0,17,False,15,0,1022.999,9da0ead79532f806940ef85a280dc70278ea246c3d7c188ef6d2a70732af355a,d2aa407211791121df85d3c1a6516e6b53a71af1c51fe8d78250b90238ad19a1
conversation_trace,0.02,4,pi3,3,"conversation_trace|l1=0.02,l2x4|pi3|s=3",00013269e4eeeec3fb1e254248ea938208e011c20712939d3e09295e5245048b,2,876,110,2627999.0,17,False,8,0,909.0,9da0ead79532f806940ef85a280dc70278ea246c3d7c188ef6d2a70732af355a,d2aa407211791121df85d3c1a6516e6b53a71af1c51fe8d78250b90238ad19a1
conversation_trace,0.02,4,pi3,3,"conversation_trace|l1=0.02,l2x4|pi3|s=3",0000a90098831a029b77f5923ac4c3b9943ce757038a7a43797f5cf2353b84b4,0,883,79,2648999.0,17,False,10,0,888.0,9da0ead79532f806940ef85a280dc70278ea246c3d7c188ef6d2a70732af355a,d2aa407211791121df85d3c1a6516e6b53a71af1c51fe8d78250b90238ad19a1
conversation_trace,0.02,4,pi3,3,"conversation_trace|l1=0.02,l2x4|pi3|s=3",000abc66ed0fe6a67bc907844c7b197163f87928837f99f76581a1ef7c389523,7,947,35,2841000.0,17,False,14,0,695.999,9da0ead79532f806940ef85a280dc70278ea246c3d7c188ef6d2a70732af355a,d2aa407211791121df85d3c1a6516e6b53a71af1c51fe8d78250b90238ad19a1
conversation_trace,0.02,4,pi3,3,"conversation_trace|l1=0.02,l2x4|pi3|s=3",00083846f518635802ed803e7690ff120399a9bbf2f31127a2c94650bcd92202,6,947,115,2841000.0,17,False,8,0,695.999,9da0ead79532f806940ef85a280dc70278ea246c3d7c188ef6d2a70732af355a,d2aa407211791121df85d3c1a6516e6b53a71af1c51fe8d78250b90238ad19a1
conversation_trace,0.02,4,pi3,3,"conversation_trace|l1=0.02,l2x4|pi3|s=3",0001834da759b115df55ad4835ed7175e6e1f019c38c9ee2b2b72c168dff093a,3,969,188,2907000.0,17,False,6,0,629.999,9da0ead79532f806940ef85a280dc70278ea246c3d7c188ef6d2a70732af355a,d2aa407211791121df85d3c1a6516e6b53a71af1c51fe8d78250b90238ad19a1
conversation_trace,0.02,4,pi3,4,"conversation_trace|l1=0.02,l2x4|pi3|s=4",0007803568c3ee1f1772e2c111655d6b024a73ebeff37dae26f0ff7083d67fd0,2,708,65,2123999.0,17,False,5,0,1413.0,fed2a745ecb63fc22455a07efcb4ca20630106978444316af64bd30d25b7d810,cc9058719ace4b823efb684faba558231f71bdbd180d4df00af207c59b141669
conversation_trace,0.02,4,pi3,4,"conversation_trace|l1=0.02,l2x4|pi3|s=4",0009b0d7c7cface77a6d850d168ca80b21c93d8ad4d3a33677aa5f51ab3dc731,4,711,63,2132999.0,17,False,13,0,1404.0,fed2a745ecb63fc22455a07efcb4ca20630106978444316af64bd30d25b7d810,cc9058719ace4b823efb684faba558231f71bdbd180d4df00af207c59b141669
conversation_trace,0.02,4,pi3,4,"conversation_trace|l1=0.02,l2x4|pi3|s=4",0015417b6e869d8731cb8186e992ded025e7b0239efb198bb7021e369cb412e7,7,712,449,2136000.0,17,False,3,0,1400.999,fed2a745ecb63fc22455a07efcb4ca20630106978444316af64bd30d25b7d810,cc9058719ace4b823efb684faba558231f71bdbd180d4df00af207c59b141669
conversation_trace,0.02,4,pi3,4,"conversation_trace|l1=0.02,l2x4|pi3|s=4",0004335fd59102af3cc0b8ab32aa619da3fe79fe2b3b431796fe86fd120566d5,1,743,155,2229000.0,17,False,7,0,1307.999,fed2a745ecb63fc22455a07efcb4ca20630106978444316af64bd30d25b7d810,cc9058719ace4b823efb684faba558231f71bdbd180d4df00af207c59b141669
conversation_trace,0.02,4,pi3,4,"conversation_trace|l1=0.02,l2x4|pi3|s=4",00008a73866bb6c97fe14ff640e8b2707a14f41bda789764b085e3c89d768c46,0,785,70,2354999.0,17,False,6,0,1182.0,fed2a745ecb63fc22455a07efcb4ca20630106978444316af64bd30d25b7d810,cc9058719ace4b823efb684faba558231f71bdbd180d4df00af207c59b141669
conversation_trace,0.02,4,pi3,4,"conversation_trace|l1=0.02,l2x4|pi3|s=4",0010f3ca6d344431f9670e615f03cf5666fec968317fd683a9fb6b184ad12252,6,798,169,2394000.0,17,False,9,0,1142.999,fed2a745ecb63fc22455a07efcb4ca20630106978444316af64bd30d25b7d810,cc9058719ace4b823efb684faba558231f71bdbd180d4df00af207c59b141669
conversation_trace,0.02,4,pi3,4,"conversation_trace|l1=0.02,l2x4|pi3|s=4",0007c06514c8da754710e11b0920a625cd241280d5abf6b5832aaaa6e9e1999b,3,874,50,2622000.0,16,False,2,-1,914.999,fed2a745ecb63fc22455a07efcb4ca20630106978444316af64bd30d25b7d810,cc9058719ace4b823efb684faba558231f71bdbd180d4df00af207c59b141669
conversation_trace,0.02,4,pi3,4,"conversation_trace|l1=0.02,l2x4|pi3|s=4",000a37bb34d8964bb02f0eed4b217f0c24481eff2bd40aebd91afe339578b2be,5,905,31,2714999.0,17,False,10,0,822.0,fed2a745ecb63fc22455a07efcb4ca20630106978444316af64bd30d25b7d810,cc9058719ace4b823efb684faba558231f71bdbd180d4df00af207c59b141669
toolagent_trace,0.0025,1,pi0,0,"toolagent_trace|l1=0.0025,l2x1|pi0|s=0",000700a66f0a2b52614a78d7e5641a5009fb8c833fa1317afeb42efdf5e84fe2,2,811,181,2432999.0,17,True,0,0,1104.0,c01f33ed1f6e9503070842469b753d58f642d9efc69b70d79056d7be6f3310ec,2696e5e55f005760cd2a8aafe376b346718f72dcd46864fe8a35217951121c4c
toolagent_trace,0.0025,1,pi0,0,"toolagent_trace|l1=0.0025,l2x1|pi0|s=0",000dd2f1eb860239b28537af49e8f8de369d68879a33f3b1263aa756e48e8674,6,843,255,2529000.0,17,True,0,0,1007.999,c01f33ed1f6e9503070842469b753d58f642d9efc69b70d79056d7be6f3310ec,2696e5e55f005760cd2a8aafe376b346718f72dcd46864fe8a35217951121c4c
toolagent_trace,0.0025,1,pi0,0,"toolagent_trace|l1=0.0025,l2x1|pi0|s=0",000c8b142f61031618492ee50c63daa0eb857359d203cd373e619a45d64e34ca,5,854,22,2562000.0,17,True,0,0,974.999,c01f33ed1f6e9503070842469b753d58f642d9efc69b70d79056d7be6f3310ec,2696e5e55f005760cd2a8aafe376b346718f72dcd46864fe8a35217951121c4c
toolagent_trace,0.0025,1,pi0,0,"toolagent_trace|l1=0.0025,l2x1|pi0|s=0",0000fd790970281011c59c028dc09a57a3ef282640f0112fe9caca7147a0412e,0,862,8,2585999.0,17,True,0,0,951.0,c01f33ed1f6e9503070842469b753d58f642d9efc69b70d79056d7be6f3310ec,2696e5e55f005760cd2a8aafe376b346718f72dcd46864fe8a35217951121c4c
toolagent_trace,0.0025,1,pi0,0,"toolagent_trace|l1=0.0025,l2x1|pi0|s=0",000bc4ef1dd8c1ff261ef20ce027d5a0746aa6b9ec00f7a3e12f1ae0b366af08,4,897,123,2691000.0,17,True,0,0,845.999,c01f33ed1f6e9503070842469b753d58f642d9efc69b70d79056d7be6f3310ec,2696e5e55f005760cd2a8aafe376b346718f72dcd46864fe8a35217951121c4c
toolagent_trace,0.0025,1,pi0,0,"toolagent_trace|l1=0.0025,l2x1|pi0|s=0",0002ee8661213d1dcb4656e1e2778adb28bf2083021af06766cf21d16fec7e8c,1,902,237,2706000.0,17,True,0,0,830.999,c01f33ed1f6e9503070842469b753d58f642d9efc69b70d79056d7be6f3310ec,2696e5e55f005760cd2a8aafe376b346718f72dcd46864fe8a35217951121c4c
toolagent_trace,0.0025,1,pi0,0,"toolagent_trace|l1=0.0025,l2x1|pi0|s=0",000ef4a83bc93abaf7082f46200409beb93b53dc8f873059845c4c403f721d1c,7,941,176,2823000.0,17,True,0,0,713.999,c01f33ed1f6e9503070842469b753d58f642d9efc69b70d79056d7be6f3310ec,2696e5e55f005760cd2a8aafe376b346718f72dcd46864fe8a35217951121c4c
toolagent_trace,0.0025,1,pi0,0,"toolagent_trace|l1=0.0025,l2x1|pi0|s=0",000733861a96411bac76d43eff93dc291591094b322c6789ab1437db6c4f7064,3,945,100,2835000.0,17,False,13,0,701.999,c01f33ed1f6e9503070842469b753d58f642d9efc69b70d79056d7be6f3310ec,2696e5e55f005760cd2a8aafe376b346718f72dcd46864fe8a35217951121c4c
toolagent_trace,0.0025,1,pi0,1,"toolagent_trace|l1=0.0025,l2x1|pi0|s=1",0006068d8437f964837ffe2c8aac422105fd965109ca4098f06a27536db98a4f,2,718,64,2154000.0,17,True,0,0,1382.999,c87ec711b6d7780f92aab5f81a0bc5a752d4a71e2aa3d2ac8bb150861b8d77cb,2696e5e55f005760cd2a8aafe376b346718f72dcd46864fe8a35217951121c4c
toolagent_trace,0.0025,1,pi0,1,"toolagent_trace|l1=0.0025,l2x1|pi0|s=1",0014294e8b3fcdcf46992e26df1a02215bd1e7f47a24d5f5fdbf07b5765314d2,7,745,125,2234999.0,17,False,4,0,1302.0,c87ec711b6d7780f92aab5f81a0bc5a752d4a71e2aa3d2ac8bb150861b8d77cb,2696e5e55f005760cd2a8aafe376b346718f72dcd46864fe8a35217951121c4c
toolagent_trace,0.0025,1,pi0,1,"toolagent_trace|l1=0.0025,l2x1|pi0|s=1",0004b67aab61d393ed9190968e0eb2724a4409d4db2e35f92690f3983cb93bcd,0,766,270,2298000.0,17,True,0,0,1238.999,c87ec711b6d7780f92aab5f81a0bc5a752d4a71e2aa3d2ac8bb150861b8d77cb,2696e5e55f005760cd2a8aafe376b346718f72dcd46864fe8a35217951121c4c
toolagent_trace,0.0025,1,pi0,1,"toolagent_trace|l1=0.0025,l2x1|pi0|s=1",000d60758da941c13cd48a7082c3f2ac12e9756c5bcef6aebbab3ff4188ef1d2,5,842,212,2525999.0,17,True,0,0,1011.0,c87ec711b6d7780f92aab5f81a0bc5a752d4a71e2aa3d2ac8bb150861b8d77cb,2696e5e55f005760cd2a8aafe376b346718f72dcd46864fe8a35217951121c4c
toolagent_trace,0.0025,1,pi0,1,"toolagent_trace|l1=0.0025,l2x1|pi0|s=1",00115724e5e4158b5119a52c7e6f33102f1a0297b71ad786bff0fe44b11eefed,6,851,313,2553000.0,17,True,0,0,983.999,c87ec711b6d7780f92aab5f81a0bc5a752d4a71e2aa3d2ac8bb150861b8d77cb,2696e5e55f005760cd2a8aafe376b346718f72dcd46864fe8a35217951121c4c
toolagent_trace,0.0025,1,pi0,1,"toolagent_trace|l1=0.0025,l2x1|pi0|s=1",000694b4213629f40484b7d6267e53bc8fe7038070f40d70a9047ede6694035f,3,909,197,2726999.0,17,True,0,0,810.0,c87ec711b6d7780f92aab5f81a0bc5a752d4a71e2aa3d2ac8bb150861b8d77cb,2696e5e55f005760cd2a8aafe376b346718f72dcd46864fe8a35217951121c4c
toolagent_trace,0.0025,1,pi0,1,"toolagent_trace|l1=0.0025,l2x1|pi0|s=1",0006e363f41afb88a7b1e8c42ad2056413c218a42a7b4887b77f23c6c9787838,4,936,396,2807999.0,17,True,0,0,729.0,c87ec711b6d7780f92aab5f81a0bc5a752d4a71e2aa3d2ac8bb150861b8d77cb,2696e5e55f005760cd2a8aafe376b346718f72dcd46864fe8a35217951121c4c
toolagent_trace,0.0025,1,pi0,1,"toolagent_trace|l1=0.0025,l2x1|pi0|s=1",0005c84f07fa25b055b6e403b13357ddd9fa2960d792da453b15a189c1a8b27c,1,960,92,2880000.0,17,False,2,0,656.999,c87ec711b6d7780f92aab5f81a0bc5a752d4a71e2aa3d2ac8bb150861b8d77cb,2696e5e55f005760cd2a8aafe376b346718f72dcd46864fe8a35217951121c4c
toolagent_trace,0.0025,1,pi0,2,"toolagent_trace|l1=0.0025,l2x1|pi0|s=2",0005cd71df27458dbb297ad9017ac46a7d43a8d6190ec91d3c11f0ed655b78f3,3,759,386,2277000.0,17,True,0,0,1259.999,7c1afa4bad81fc9d05799a8658751f2fe4d4cb2984f1e09944d96295b8b1a542,2696e5e55f005760cd2a8aafe376b346718f72dcd46864fe8a35217951121c4c
toolagent_trace,0.0025,1,pi0,2,"toolagent_trace|l1=0.0025,l2x1|pi0|s=2",0000fc78c45c0f23b1f5a27bd6dd0521000a6255a8921fa8a8559d1ec8007b0c,0,789,165,2367000.0,17,True,0,0,1169.999,7c1afa4bad81fc9d05799a8658751f2fe4d4cb2984f1e09944d96295b8b1a542,2696e5e55f005760cd2a8aafe376b346718f72dcd46864fe8a35217951121c4c
toolagent_trace,0.0025,1,pi0,2,"toolagent_trace|l1=0.0025,l2x1|pi0|s=2",0002b3f3a5d122860cede509be80b8774f70aaf9904ba4d8a2716c66c0beaaf6,1,793,482,2378999.0,17,True,0,0,1158.0,7c1afa4bad81fc9d05799a8658751f2fe4d4cb2984f1e09944d96295b8b1a542,2696e5e55f005760cd2a8aafe376b346718f72dcd46864fe8a35217951121c4c
toolagent_trace,0.0025,1,pi0,2,"toolagent_trace|l1=0.0025,l2x1|pi0|s=2",00091621b5892ef0f8535be2222f6a1d648d3942e3d66e216983161f6eccc044,5,818,426,2453999.0,17,True,0,0,1083.0,7c1afa4bad81fc9d05799a8658751f2fe4d4cb2984f1e09944d96295b8b1a542,2696e5e55f005760cd2a8aafe376b346718f72dcd46864fe8a35217951121c4c
toolagent_trace,0.0025,1,pi0,2,"toolagent_trace|l1=0.0025,l2x1|pi0|s=2",0009fdd7978c253d0aa081c7bbb5d7c89beb9c6782b2dd856c330ca7ecd5fe69,6,869,14,2607000.0,17,True,0,0,929.999,7c1afa4bad81fc9d05799a8658751f2fe4d4cb2984f1e09944d96295b8b1a542,2696e5e55f005760cd2a8aafe376b346718f72dcd46864fe8a35217951121c4c
toolagent_trace,0.0025,1,pi0,2,"toolagent_trace|l1=0.0025,l2x1|pi0|s=2",0005ebf9e0e4b86f38a0e88552138be5476383310f04b80b961af7a3fcfd5323,4,897,282,2691000.0,17,True,0,0,845.999,7c1afa4bad81fc9d05799a8658751f2fe4d4cb2984f1e09944d96295b8b1a542,2696e5e55f005760cd2a8aafe376b346718f72dcd46864fe8a35217951121c4c
toolagent_trace,0.0025,1,pi0,2,"toolagent_trace|l1=0.0025,l2x1|pi0|s=2",000aa54a3390ce19c15aa749dd20fc7b1d8219f43752ea07cfcc5a1f2eae7740,7,952,149,2855999.0,17,True,0,0,681.0,7c1afa4bad81fc9d05799a8658751f2fe4d4cb2984f1e09944d96295b8b1a542,2696e5e55f005760cd2a8aafe376b346718f72dcd46864fe8a35217951121c4c
toolagent_trace,0.0025,1,pi0,2,"toolagent_trace|l1=0.0025,l2x1|pi0|s=2",0004d8329d812094fcdd22b2aee6c1298becef1d66a46332ef8750d5fc769476,2,972,33,2915999.0,17,False,3,0,621.0,7c1afa4bad81fc9d05799a8658751f2fe4d4cb2984f1e09944d96295b8b1a542,2696e5e55f005760cd2a8aafe376b346718f72dcd46864fe8a35217951121c4c
toolagent_trace,0.0025,1,pi0,3,"toolagent_trace|l1=0.0025,l2x1|pi0|s=3",0002b4bcf2539686a806e9146c348ca87cbc2d254c905d3dd5b1909e77118be9,1,731,146,2193000.0,17,True,0,0,1343.999,292d86ebb3655d838ce50f24d66d7652f0d3e0fcc9746674d0339d3d8aa20aca,2696e5e55f005760cd2a8aafe376b346718f72dcd46864fe8a35217951121c4c
toolagent_trace,0.0025,1,pi0,3,"toolagent_trace|l1=0.0025,l2x1|pi0|s=3",000728a85e0f5d88f827c6e2e4179921e214d18ec622275ad3cb11756e12890f,2,780,297,2340000.0,17,True,0,0,1196.999,292d86ebb3655d838ce50f24d66d7652f0d3e0fcc9746674d0339d3d8aa20aca,2696e5e55f005760cd2a8aafe376b346718f72dcd46864fe8a35217951121c4c
toolagent_trace,0.0025,1,pi0,3,"toolagent_trace|l1=0.0025,l2x1|pi0|s=3",000fa39c400880e3f1621509dfe80a0dfe160c564ff3a13b19370f64d26cc93c,6,793,288,2378999.0,17,True,0,0,1158.0,292d86ebb3655d838ce50f24d66d7652f0d3e0fcc9746674d0339d3d8aa20aca,2696e5e55f005760cd2a8aafe376b346718f72dcd46864fe8a35217951121c4c
toolagent_trace,0.0025,1,pi0,3,"toolagent_trace|l1=0.0025,l2x1|pi0|s=3",000c22fccd1a2bd8c5ba4a0b3e04b71b33f3c31803ca74db68b93f59ded82918,5,803,67,2409000.0,17,True,0,0,1127.999,292d86ebb3655d838ce50f24d66d7652f0d3e0fcc9746674d0339d3d8aa20aca,2696e5e55f005760cd2a8aafe376b346718f72dcd46864fe8a35217951121c4c
toolagent_trace,0.0025,1,pi0,3,"toolagent_trace|l1=0.0025,l2x1|pi0|s=3",00009fcc9b293118b1acf79f810cd0702857598649e2c171e5de29da5f0e8677,0,825,204,2475000.0,17,True,0,0,1061.999,292d86ebb3655d838ce50f24d66d7652f0d3e0fcc9746674d0339d3d8aa20aca,2696e5e55f005760cd2a8aafe376b346718f72dcd46864fe8a35217951121c4c
toolagent_trace,0.0025,1,pi0,3,"toolagent_trace|l1=0.0025,l2x1|pi0|s=3",000bab5c1898833be21b16cb5a6bef1ee5a5ae3a4a8a4d03767d2ee366615f82,4,860,370,2579999.0,17,True,0,0,957.0,292d86ebb3655d838ce50f24d66d7652f0d3e0fcc9746674d0339d3d8aa20aca,2696e5e55f005760cd2a8aafe376b346718f72dcd46864fe8a35217951121c4c
toolagent_trace,0.0025,1,pi0,3,"toolagent_trace|l1=0.0025,l2x1|pi0|s=3",0008ea1283b713487c15e0a9e94d19e28378e6fa57ef592376063c8af6f7972d,3,867,107,2601000.0,17,False,8,0,935.999,292d86ebb3655d838ce50f24d66d7652f0d3e0fcc9746674d0339d3d8aa20aca,2696e5e55f005760cd2a8aafe376b346718f72dcd46864fe8a35217951121c4c
toolagent_trace,0.0025,1,pi0,3,"toolagent_trace|l1=0.0025,l2x1|pi0|s=3",0012c8226e91599269b00266fc0617e2910c45b5563183965b3719a77bc0828e,7,935,69,2805000.0,17,True,0,0,731.999,292d86ebb3655d838ce50f24d66d7652f0d3e0fcc9746674d0339d3d8aa20aca,2696e5e55f005760cd2a8aafe376b346718f72dcd46864fe8a35217951121c4c
toolagent_trace,0.0025,1,pi0,4,"toolagent_trace|l1=0.0025,l2x1|pi0|s=4",0009de252081acaae62600a64f8796a3611136df7082f3f30ecf8e77ae192e5d,3,710,288,2130000.0,17,True,0,0,1406.999,73852b2a00ccc6e80895bddaaff172fe4a6c6bf5058c0f89806161b1304c196e,2696e5e55f005760cd2a8aafe376b346718f72dcd46864fe8a35217951121c4c
toolagent_trace,0.0025,1,pi0,4,"toolagent_trace|l1=0.0025,l2x1|pi0|s=4",000a5d66d433e66aba27869eb39045eb088db7c637df671e1e7a248915ea0b8b,5,718,113,2154000.0,17,True,0,0,1382.999,73852b2a00ccc6e80895bddaaff172fe4a6c6bf5058c0f89806161b1304c196e,2696e5e55f005760cd2a8aafe376b346718f72dcd46864fe8a35217951121c4c
toolagent_trace,0.0025,1,pi0,4,"toolagent_trace|l1=0.0025,l2x1|pi0|s=4",0009c853265dd322b4a94800a66882627fcdacad1498d111889be113f406b259,2,723,199,2169000.0,17,True,0,0,1367.999,73852b2a00ccc6e80895bddaaff172fe4a6c6bf5058c0f89806161b1304c196e,2696e5e55f005760cd2a8aafe376b346718f72dcd46864fe8a35217951121c4c
toolagent_trace,0.0025,1,pi0,4,"toolagent_trace|l1=0.0025,l2x1|pi0|s=4",000a5b9ef91b2275a614a088fb2575a88dcb671334f03c2ec6667f723cdb8991,4,757,236,2271000.0,17,False,7,0,1265.999,73852b2a00ccc6e80895bddaaff172fe4a6c6bf5058c0f89806161b1304c196e,2696e5e55f005760cd2a8aafe376b346718f72dcd46864fe8a35217951121c4c
toolagent_trace,0.0025,1,pi0,4,"toolagent_trace|l1=0.0025,l2x1|pi0|s=4",000e0c665737269d6c21d6a8ba7e36ea0e26ccab52a37ad55faf74fc6b9ca7b0,7,780,98,2340000.0,17,True,0,0,1196.999,73852b2a00ccc6e80895bddaaff172fe4a6c6bf5058c0f89806161b1304c196e,2696e5e55f005760cd2a8aafe376b346718f72dcd46864fe8a35217951121c4c
toolagent_trace,0.0025,1,pi0,4,"toolagent_trace|l1=0.0025,l2x1|pi0|s=4",00032f27905c8f22222f2c2dd9d91d79359dd5071a2a909b5f43cda287363d24,1,860,57,2579999.0,17,True,0,0,957.0,73852b2a00ccc6e80895bddaaff172fe4a6c6bf5058c0f89806161b1304c196e,2696e5e55f005760cd2a8aafe376b346718f72dcd46864fe8a35217951121c4c
toolagent_trace,0.0025,1,pi0,4,"toolagent_trace|l1=0.0025,l2x1|pi0|s=4",000bfcb827f04b81f75cd0893c9b4570a6fcf927d74c8a295d0a8ae5d4a28507,6,914,15,2742000.0,17,True,0,0,794.999,73852b2a00ccc6e80895bddaaff172fe4a6c6bf5058c0f89806161b1304c196e,2696e5e55f005760cd2a8aafe376b346718f72dcd46864fe8a35217951121c4c
toolagent_trace,0.0025,1,pi0,4,"toolagent_trace|l1=0.0025,l2x1|pi0|s=4",0000c13833113cd5361d5e59ee08d9724724534527b85809941b0f48c011b8f2,0,951,194,2852999.0,17,False,16,0,684.0,73852b2a00ccc6e80895bddaaff172fe4a6c6bf5058c0f89806161b1304c196e,2696e5e55f005760cd2a8aafe376b346718f72dcd46864fe8a35217951121c4c
toolagent_trace,0.0025,1,pi3,0,"toolagent_trace|l1=0.0025,l2x1|pi3|s=0",0003890d5c2ba03a34516abdd9b38571c9ef07ce72ed5f53663c8229376e6c78,4,711,174,2132999.0,17,True,0,0,1404.0,d294a87e9d30c0705edf9ff2788f53db755b31267aa3cdb701071f653e09cc13,66fe9f54097c1624f15badf8364222392b0ed611cba5c81084fc6555f0129c2b
toolagent_trace,0.0025,1,pi3,0,"toolagent_trace|l1=0.0025,l2x1|pi3|s=0",00022adfc3686234313f3dfc22f8cb6313e0d262b4c18156beaad1b39b93979c,2,788,104,2364000.0,17,False,13,0,1172.999,d294a87e9d30c0705edf9ff2788f53db755b31267aa3cdb701071f653e09cc13,66fe9f54097c1624f15badf8364222392b0ed611cba5c81084fc6555f0129c2b
toolagent_trace,0.0025,1,pi3,0,"toolagent_trace|l1=0.0025,l2x1|pi3|s=0",00059d58ef8ebd3055f1f22ae1a3abfd73f02ccd8dd1610ff252da0ab0eea5d7,6,802,17,2406000.0,17,True,0,0,1130.999,d294a87e9d30c0705edf9ff2788f53db755b31267aa3cdb701071f653e09cc13,66fe9f54097c1624f15badf8364222392b0ed611cba5c81084fc6555f0129c2b
toolagent_trace,0.0025,1,pi3,0,"toolagent_trace|l1=0.0025,l2x1|pi3|s=0",0003dc70924945d49848fb2c640b20c52a64953554a340d279506cf9d6f0f6fa,5,881,81,2643000.0,17,True,0,0,893.999,d294a87e9d30c0705edf9ff2788f53db755b31267aa3cdb701071f653e09cc13,66fe9f54097c1624f15badf8364222392b0ed611cba5c81084fc6555f0129c2b
toolagent_trace,0.0025,1,pi3,0,"toolagent_trace|l1=0.0025,l2x1|pi3|s=0",0002d79879f172145aa325e6c6ec6fb959b99a1af5eae8ddd2df954c49fb1e47,3,901,102,2703000.0,17,True,0,0,833.999,d294a87e9d30c0705edf9ff2788f53db755b31267aa3cdb701071f653e09cc13,66fe9f54097c1624f15badf8364222392b0ed611cba5c81084fc6555f0129c2b
toolagent_trace,0.0025,1,pi3,0,"toolagent_trace|l1=0.0025,l2x1|pi3|s=0",000010cc0dd59f9930bc9a582adee344022eec84773bc46202ecdaffe53c7507,0,931,85,2793000.0,17,True,0,0,743.999,d294a87e9d30c0705edf9ff2788f53db755b31267aa3cdb701071f653e09cc13,66fe9f54097c1624f15badf8364222392b0ed611cba5c81084fc6555f0129c2b
toolagent_trace,0.0025,1,pi3,0,"toolagent_trace|l1=0.0025,l2x1|pi3|s=0",000108620bf8c014240bdeb40d1882fb72f4cd102c72e5f89f885f6a0bfeeb31,1,936,126,2807999.0,17,True,0,0,729.0,d294a87e9d30c0705edf9ff2788f53db755b31267aa3cdb701071f653e09cc13,66fe9f54097c1624f15badf8364222392b0ed611cba5c81084fc6555f0129c2b
toolagent_trace,0.0025,1,pi3,0,"toolagent_trace|l1=0.0025,l2x1|pi3|s=0",00067ebeb3203b2c38440854a8020515709f1a5e3c63f23fef2ef6645e5f0e7d,7,939,156,2817000.0,17,True,0,0,719.999,d294a87e9d30c0705edf9ff2788f53db755b31267aa3cdb701071f653e09cc13,66fe9f54097c1624f15badf8364222392b0ed611cba5c81084fc6555f0129c2b
toolagent_trace,0.0025,1,pi3,1,"toolagent_trace|l1=0.0025,l2x1|pi3|s=1",000c61361b881ac9ad00e92be1bbcfba8416b13dc30813ac9df137e27804192b,5,765,66,2295000.0,17,False,4,0,1241.999,2cf0f778eb5d574765f26548bd5d5e82f6960107dbf39a463e7b5e0e0621d8b4,1f30cd0eb943317ced83a9aebdd95196228ccada63e6f0fba3d85b202f13b1c4
toolagent_trace,0.0025,1,pi3,1,"toolagent_trace|l1=0.0025,l2x1|pi3|s=1",000b642d622291cfbbc78292a27174b7b1ab3a4467e30f0991a6a50777ada340,4,774,346,2321999.0,17,True,0,0,1215.0,2cf0f778eb5d574765f26548bd5d5e82f6960107dbf39a463e7b5e0e0621d8b4,1f30cd0eb943317ced83a9aebdd95196228ccada63e6f0fba3d85b202f13b1c4
toolagent_trace,0.0025,1,pi3,1,"toolagent_trace|l1=0.0025,l2x1|pi3|s=1",000859e49b52f1b449ef68a4f8d75e1a90d3fa2975aff9ab2ac2650da9540907,0,830,171,2490000.0,17,True,0,0,1046.999,2cf0f778eb5d574765f26548bd5d5e82f6960107dbf39a463e7b5e0e0621d8b4,1f30cd0eb943317ced83a9aebdd95196228ccada63e6f0fba3d85b202f13b1c4
toolagent_trace,0.0025,1,pi3,1,"toolagent_trace|l1=0.0025,l2x1|pi3|s=1",000cdc6f389d396a1b217435b2666d7a945a09262bfcef5ccaa61c37b3254823,6,871,257,2612999.0,17,True,0,0,924.0,2cf0f778eb5d574765f26548bd5d5e82f6960107dbf39a463e7b5e0e0621d8b4,1f30cd0eb943317ced83a9aebdd95196228ccada63e6f0fba3d85b202f13b1c4
toolagent_trace,0.0025,1,pi3,1,"toolagent_trace|l1=0.0025,l2x1|pi3|s=1",0010c28bf2ba8c9bce302d2395a0b8024b7fd56a811a831bdbd3b5efa9fec609,7,877,77,2631000.0,17,True,0,0,905.999,2cf0f778eb5d574765f26548bd5d5e82f6960107dbf39a463e7b5e0e0621d8b4,1f30cd0eb943317ced83a9aebdd95196228ccada63e6f0fba3d85b202f13b1c4
toolagent_trace,0.0025,1,pi3,1,"toolagent_trace|l1=0.0025,l2x1|pi3|s=1",000989ecd249fe06f708e8d8badd4cac59e14f8a2ede633884c5100a51a990eb,2,909,133,2726999.0,17,True,0,0,810.0,2cf0f778eb5d574765f26548bd5d5e82f6960107dbf39a463e7b5e0e0621d8b4,1f30cd0eb943317ced83a9aebdd95196228ccada63e6f0fba3d85b202f13b1c4
toolagent_trace,0.0025,1,pi3,1,"toolagent_trace|l1=0.0025,l2x1|pi3|s=1",0009b4d83c52e87b4c104be4e9f79b83f80d16517422dc76bf623e81b9e16195,3,939,259,2817000.0,17,True,0,0,719.999,2cf0f778eb5d574765f26548bd5d5e82f6960107dbf39a463e7b5e0e0621d8b4,1f30cd0eb943317ced83a9aebdd95196228ccada63e6f0fba3d85b202f13b1c4
toolagent_trace,0.0025,1,pi3,1,"toolagent_trace|l1=0.0025,l2x1|pi3|s=1",00096d678881ecd229391e34692988393052fcd97c46a44f25a571b04741723e,1,975,59,2924999.0,17,True,0,0,612.0,2cf0f778eb5d574765f26548bd5d5e82f6960107dbf39a463e7b5e0e0621d8b4,1f30cd0eb943317ced83a9aebdd95196228ccada63e6f0fba3d85b202f13b1c4
toolagent_trace,0.0025,1,pi3,2,"toolagent_trace|l1=0.0025,l2x1|pi3|s=2",000b2898a77b963f6bf4b45b8aaf4c952b1e401dc53f5ee8ae8047510a17d981,6,780,20,2340000.0,17,False,15,0,1196.999,d7507da50e7e2e2a83d16413a71995eb6943724c128f4a6a2991ecb034abb6c0,56c8d81a0ff49ccd71cd20e3794f93cc55d52dc59435509b3bd92fedc8187a11
toolagent_trace,0.0025,1,pi3,2,"toolagent_trace|l1=0.0025,l2x1|pi3|s=2",000abe8f9f9582d4b8b1cfb0156d92cb48d834ec05008e843d185da99c64a7d1,5,825,20,2475000.0,17,False,9,0,1061.999,d7507da50e7e2e2a83d16413a71995eb6943724c128f4a6a2991ecb034abb6c0,56c8d81a0ff49ccd71cd20e3794f93cc55d52dc59435509b3bd92fedc8187a11
toolagent_trace,0.0025,1,pi3,2,"toolagent_trace|l1=0.0025,l2x1|pi3|s=2",0007bdc53f4baba2f011464d8f0436dff67707181fe3c569e0c5ed035cc5b1e3,2,909,30,2726999.0,17,True,0,0,810.0,d7507da50e7e2e2a83d16413a71995eb6943724c128f4a6a2991ecb034abb6c0,56c8d81a0ff49ccd71cd20e3794f93cc55d52dc59435509b3bd92fedc8187a11
toolagent_trace,0.0025,1,pi3,2,"toolagent_trace|l1=0.0025,l2x1|pi3|s=2",0007e9d0dd3c489b464e4fb483de22eb54690d7d82e5cdf00cc9fcaf5b249f63,3,958,160,2874000.0,17,True,0,0,662.999,d7507da50e7e2e2a83d16413a71995eb6943724c128f4a6a2991ecb034abb6c0,56c8d81a0ff49ccd71cd20e3794f93cc55d52dc59435509b3bd92fedc8187a11
toolagent_trace,0.0025,1,pi3,2,"toolagent_trace|l1=0.0025,l2x1|pi3|s=2",0009ef309df4761e4e020453f76d9a84e8d9c435158a190bd320c07186de2ccf,4,959,49,2877000.0,17,False,5,0,659.999,d7507da50e7e2e2a83d16413a71995eb6943724c128f4a6a2991ecb034abb6c0,56c8d81a0ff49ccd71cd20e3794f93cc55d52dc59435509b3bd92fedc8187a11
toolagent_trace,0.0025,1,pi3,2,"toolagent_trace|l1=0.0025,l2x1|pi3|s=2",00040dc54a1a2e5497615b80f329bff7769a7c7e96f3feec98778a994bfbe2ba,1,967,54,2901000.0,17,True,0,0,635.999,d7507da50e7e2e2a83d16413a71995eb6943724c128f4a6a2991ecb034abb6c0,56c8d81a0ff49ccd71cd20e3794f93cc55d52dc59435509b3bd92fedc8187a11
toolagent_trace,0.0025,1,pi3,2,"toolagent_trace|l1=0.0025,l2x1|pi3|s=2",0003d6e4d313b5fda678e12b9567b99abce5f17896a04dec53bd463d84e57d49,0,968,174,2904000.0,17,True,0,0,632.999,d7507da50e7e2e2a83d16413a71995eb6943724c128f4a6a2991ecb034abb6c0,56c8d81a0ff49ccd71cd20e3794f93cc55d52dc59435509b3bd92fedc8187a11
toolagent_trace,0.0025,1,pi3,2,"toolagent_trace|l1=0.0025,l2x1|pi3|s=2",0010e6c9f08d73a325d1431981575583e8ff7e35b17e32c5728c6692203786c4,7,972,154,2915999.0,17,False,15,0,621.0,d7507da50e7e2e2a83d16413a71995eb6943724c128f4a6a2991ecb034abb6c0,56c8d81a0ff49ccd71cd20e3794f93cc55d52dc59435509b3bd92fedc8187a11
toolagent_trace,0.0025,1,pi3,3,"toolagent_trace|l1=0.0025,l2x1|pi3|s=3",000c2f21d13a8e948e6bcaae9cd452ff3d80681fa1e4b63a2a1060cdb3e3aef7,5,723,76,2169000.0,17,True,0,0,1367.999,05735a88370e54439b63d8b58dd34463d7e24b3f0827ec63e8427b1cb25d7c93,78809bfbdcdc9c5431f1cb1d3df2efbccd47e86ff49911afa3aae609e73829d6
toolagent_trace,0.0025,1,pi3,3,"toolagent_trace|l1=0.0025,l2x1|pi3|s=3",000db4efbc6b267aefa05a24b6c9344b67f52570f4ed2889e245e166176eda60,7,759,411,2277000.0,17,True,0,0,1259.999,05735a88370e54439b63d8b58dd34463d7e24b3f0827ec63e8427b1cb25d7c93,78809bfbdcdc9c5431f1cb1d3df2efbccd47e86ff49911afa3aae609e73829d6
toolagent_trace,0.0025,1,pi3,3,"toolagent_trace|l1=0.0025,l2x1|pi3|s=3",0001f3c87d184919a5200594e3c45836a3a620f4ca9c7427035374b924b61045,1,799,125,2397000.0,17,True,0,0,1139.999,05735a88370e54439b63d8b58dd34463d7e24b3f0827ec63e8427b1cb25d7c93,78809bfbdcdc9c5431f1cb1d3df2efbccd47e86ff49911afa3aae609e73829d6
toolagent_trace,0.0025,1,pi3,3,"toolagent_trace|l1=0.0025,l2x1|pi3|s=3",000c441f8f9db5e9d751e8a579ef2f4babf00f83102d14bbe987e3982168dc6e,6,799,169,2397000.0,17,False,8,0,1139.999,05735a88370e54439b63d8b58dd34463d7e24b3f0827ec63e8427b1cb25d7c93,78809bfbdcdc9c5431f1cb1d3df2efbccd47e86ff49911afa3aae609e73829d6
toolagent_trace,0.0025,1,pi3,3,"toolagent_trace|l1=0.0025,l2x1|pi3|s=3",000796c76ea9c015b968be624aed4c0d04e4308b470ea05d00a2455b9b5f1bc0,2,818,77,2453999.0,17,True,0,0,1083.0,05735a88370e54439b63d8b58dd34463d7e24b3f0827ec63e8427b1cb25d7c93,78809bfbdcdc9c5431f1cb1d3df2efbccd47e86ff49911afa3aae609e73829d6
toolagent_trace,0.0025,1,pi3,3,"toolagent_trace|l1=0.0025,l2x1|pi3|s=3",0008f36b54b445939f09a7ed8610f298e2b5a4701da561f2eca16157019aa367,3,861,100,2583000.0,17,False,5,0,953.999,05735a88370e54439b63d8b58dd34463d7e24b3f0827ec63e8427b1cb25d7c93,78809bfbdcdc9c5431f1cb1d3df2efbccd47e86ff49911afa3aae609e73829d6
toolagent_trace,0.0025,1,pi3,3,"toolagent_trace|l1=0.0025,l2x1|pi3|s=3",0000b650d9989efbfee46447065a2be26131b4747b254a3bf2729d81ed26daa8,0,875,65,2625000.0,17,True,0,0,911.999,05735a88370e54439b63d8b58dd34463d7e24b3f0827ec63e8427b1cb25d7c93,78809bfbdcdc9c5431f1cb1d3df2efbccd47e86ff49911afa3aae609e73829d6
toolagent_trace,0.0025,1,pi3,3,"toolagent_trace|l1=0.0025,l2x1|pi3|s=3",000bd0f74d8171580a6a35481a98002933d08d9bb852e4584efa4e6fb7d540fd,4,920,78,2760000.0,17,True,0,0,776.999,05735a88370e54439b63d8b58dd34463d7e24b3f0827ec63e8427b1cb25d7c93,78809bfbdcdc9c5431f1cb1d3df2efbccd47e86ff49911afa3aae609e73829d6
toolagent_trace,0.0025,1,pi3,4,"toolagent_trace|l1=0.0025,l2x1|pi3|s=4",00116a6db2ef05f019e3fe924aec7dca8c7eb8bfd38bc0a48d973d5cc66896b6,4,725,86,2175000.0,17,True,0,0,1361.999,59c714c656ac313426ebf172f731ecbb9fb6194721b31f13959e805f8ecaa207,b4e22f44172b69e465f7cb99bfd7bc326eb572acb23e6d9edfb6d89b7a0dfec9
toolagent_trace,0.0025,1,pi3,4,"toolagent_trace|l1=0.0025,l2x1|pi3|s=4",0009db553a8b04827b3d7280adfb35913a548957de4a21f2188823a5ca829fe9,1,765,110,2295000.0,17,True,0,0,1241.999,59c714c656ac313426ebf172f731ecbb9fb6194721b31f13959e805f8ecaa207,b4e22f44172b69e465f7cb99bfd7bc326eb572acb23e6d9edfb6d89b7a0dfec9
toolagent_trace,0.0025,1,pi3,4,"toolagent_trace|l1=0.0025,l2x1|pi3|s=4",000da886d9d65a40194740b12cdb8ed3d58905630516c6e80949262e1df22720,3,791,230,2373000.0,17,True,0,0,1163.999,59c714c656ac313426ebf172f731ecbb9fb6194721b31f13959e805f8ecaa207,b4e22f44172b69e465f7cb99bfd7bc326eb572acb23e6d9edfb6d89b7a0dfec9
toolagent_trace,0.0025,1,pi3,4,"toolagent_trace|l1=0.0025,l2x1|pi3|s=4",0017feb42827fe829d887aee1f78995488f590d1dc30be65fd11caac4349d64c,6,811,22,2432999.0,17,True,0,0,1104.0,59c714c656ac313426ebf172f731ecbb9fb6194721b31f13959e805f8ecaa207,b4e22f44172b69e465f7cb99bfd7bc326eb572acb23e6d9edfb6d89b7a0dfec9
toolagent_trace,0.0025,1,pi3,4,"toolagent_trace|l1=0.0025,l2x1|pi3|s=4",000b9ec7fa4c11a4651664cb8140f6ab9fce539632fe949452dce5bd9037fd7a,2,861,139,2583000.0,17,True,0,0,953.999,59c714c656ac313426ebf172f731ecbb9fb6194721b31f13959e805f8ecaa207,b4e22f44172b69e465f7cb99bfd7bc326eb572acb23e6d9edfb6d89b7a0dfec9
toolagent_trace,0.0025,1,pi3,4,"toolagent_trace|l1=0.0025,l2x1|pi3|s=4",00187a969292ce519df90ca2998e19c48b349b75c64a207564619d38b4006261,7,891,139,2672999.0,17,False,16,0,864.0,59c714c656ac313426ebf172f731ecbb9fb6194721b31f13959e805f8ecaa207,b4e22f44172b69e465f7cb99bfd7bc326eb572acb23e6d9edfb6d89b7a0dfec9
toolagent_trace,0.0025,1,pi3,4,"toolagent_trace|l1=0.0025,l2x1|pi3|s=4",00164e06136d18f0c054c4020610b21ba76ab1acde6a0ae02397228309b6d0e3,5,903,44,2709000.0,17,True,0,0,827.999,59c714c656ac313426ebf172f731ecbb9fb6194721b31f13959e805f8ecaa207,b4e22f44172b69e465f7cb99bfd7bc326eb572acb23e6d9edfb6d89b7a0dfec9
toolagent_trace,0.0025,1,pi3,4,"toolagent_trace|l1=0.0025,l2x1|pi3|s=4",0007cc8c23700f9392ee158d6128984cf79451ccc062f0fd748aaceaf6b2712f,0,929,44,2786999.0,17,True,0,0,750.0,59c714c656ac313426ebf172f731ecbb9fb6194721b31f13959e805f8ecaa207,b4e22f44172b69e465f7cb99bfd7bc326eb572acb23e6d9edfb6d89b7a0dfec9
toolagent_trace,0.02,4,pi0,0,"toolagent_trace|l1=0.02,l2x4|pi0|s=0",00020c5e5481d1bb956464e11a083051dfb12d1bb628363c5ed9e2f55b8b0e10,1,871,32,2612999.0,17,False,12,0,924.0,2de2a5793627e3ad029f2952e915ed2e77fa2805dd41c9a9fe0702b778fcc9e0,2696e5e55f005760cd2a8aafe376b346718f72dcd46864fe8a35217951121c4c
toolagent_trace,0.02,4,pi0,0,"toolagent_trace|l1=0.02,l2x4|pi0|s=0",000eb3e78ea5c0149cb61d3a4f7c732ab33333d29131a3743383f58b329b4808,6,889,41,2667000.0,17,False,14,0,869.999,2de2a5793627e3ad029f2952e915ed2e77fa2805dd41c9a9fe0702b778fcc9e0,2696e5e55f005760cd2a8aafe376b346718f72dcd46864fe8a35217951121c4c
toolagent_trace,0.02,4,pi0,0,"toolagent_trace|l1=0.02,l2x4|pi0|s=0",000b4d277974fe1e88a3977de6ed53f939605f3a109070427d6bdfa99ebdc844,4,897,24,2691000.0,17,False,6,0,845.999,2de2a5793627e3ad029f2952e915ed2e77fa2805dd41c9a9fe0702b778fcc9e0,2696e5e55f005760cd2a8aafe376b346718f72dcd46864fe8a35217951121c4c
toolagent_trace,0.02,4,pi0,0,"toolagent_trace|l1=0.02,l2x4|pi0|s=0",000f99c450560eeb1bac224936a121d461411a5e819589563b8c18e20935c0a3,7,924,1,2772000.0,17,False,14,0,764.999,2de2a5793627e3ad029f2952e915ed2e77fa2805dd41c9a9fe0702b778fcc9e0,2696e5e55f005760cd2a8aafe376b346718f72dcd46864fe8a35217951121c4c
toolagent_trace,0.02,4,pi0,0,"toolagent_trace|l1=0.02,l2x4|pi0|s=0",00028254835a8ea26b65e18358084f85d730a586c17bc784142b6456afb7e9dc,2,926,43,2778000.0,17,False,3,0,758.999,2de2a5793627e3ad029f2952e915ed2e77fa2805dd41c9a9fe0702b778fcc9e0,2696e5e55f005760cd2a8aafe376b346718f72dcd46864fe8a35217951121c4c
toolagent_trace,0.02,4,pi0,0,"toolagent_trace|l1=0.02,l2x4|pi0|s=0",0003a21275568b0b4499f7f16efdad671bc827bf9623a6c8593d32b8d1012cb4,3,966,34,2898000.0,17,False,15,0,638.999,2de2a5793627e3ad029f2952e915ed2e77fa2805dd41c9a9fe0702b778fcc9e0,2696e5e55f005760cd2a8aafe376b346718f72dcd46864fe8a35217951121c4c
toolagent_trace,0.02,4,pi0,0,"toolagent_trace|l1=0.02,l2x4|pi0|s=0",000d276c7619f3b05368434e3c86e44636e3e0bb79cf02e51610c0ab8449ce61,5,976,106,2927999.0,17,False,9,0,609.0,2de2a5793627e3ad029f2952e915ed2e77fa2805dd41c9a9fe0702b778fcc9e0,2696e5e55f005760cd2a8aafe376b346718f72dcd46864fe8a35217951121c4c
toolagent_trace,0.02,4,pi0,0,"toolagent_trace|l1=0.02,l2x4|pi0|s=0",0001816b21c0c0e4243de44eb14ebe94d607c05d2a221893dcc2c7daa3c4955a,0,977,61,2930999.0,17,False,1,0,606.0,2de2a5793627e3ad029f2952e915ed2e77fa2805dd41c9a9fe0702b778fcc9e0,2696e5e55f005760cd2a8aafe376b346718f72dcd46864fe8a35217951121c4c
toolagent_trace,0.02,4,pi0,1,"toolagent_trace|l1=0.02,l2x4|pi0|s=1",000a968b484a498aae1729e5ce5d8b658a114b8d162c0c733490d850976bcb9d,4,757,18,2271000.0,17,False,11,0,1265.999,4b48132cbaea7d5fdd85bab2f17b1bdc7c144a936e7180b24f1162122b57de6a,2696e5e55f005760cd2a8aafe376b346718f72dcd46864fe8a35217951121c4c
toolagent_trace,0.02,4,pi0,1,"toolagent_trace|l1=0.02,l2x4|pi0|s=1",0004d8456258f4ec643c490a3e043930c2b824378bf749bddae15916d7496713,2,784,92,2352000.0,17,False,13,0,1184.999,4b48132cbaea7d5fdd85bab2f17b1bdc7c144a936e7180b24f1162122b57de6a,2696e5e55f005760cd2a8aafe376b346718f72dcd46864fe8a35217951121c4c
toolagent_trace,0.02,4,pi0,1,"toolagent_trace|l1=0.02,l2x4|pi0|s=1",000265c37c35f35aaf4a40a1839159578a8bd2cba67e207d21c0982de0af4779,0,793,341,2378999.0,17,False,7,0,1158.0,4b48132cbaea7d5fdd85bab2f17b1bdc7c144a936e7180b24f1162122b57de6a,2696e5e55f005760cd2a8aafe376b346718f72dcd46864fe8a35217951121c4c
toolagent_trace,0.02,4,pi0,1,"toolagent_trace|l1=0.02,l2x4|pi0|s=1",000de4951a4bbf5f5d24e65a55f1b675749fafaf6041732d01531dd0f7023e75,7,823,8,2468999.0,17,False,2,0,1068.0,4b48132cbaea7d5fdd85bab2f17b1bdc7c144a936e7180b24f1162122b57de6a,2696e5e55f005760cd2a8aafe376b346718f72dcd46864fe8a35217951121c4c
toolagent_trace,0.02,4,pi0,1,"toolagent_trace|l1=0.02,l2x4|pi0|s=1",000270aa14c12377979952c7489efc5b7bc48f088481efc6d96cac89c6cbc962,1,825,237,2475000.0,16,False,1,-1,1061.999,4b48132cbaea7d5fdd85bab2f17b1bdc7c144a936e7180b24f1162122b57de6a,2696e5e55f005760cd2a8aafe376b346718f72dcd46864fe8a35217951121c4c
toolagent_trace,0.02,4,pi0,1,"toolagent_trace|l1=0.02,l2x4|pi0|s=1",000ab9b40b1331f7a825d5ca2a45420dfe1a7377702437cc2220505c33057f53,5,839,33,2517000.0,17,False,6,0,1019.999,4b48132cbaea7d5fdd85bab2f17b1bdc7c144a936e7180b24f1162122b57de6a,2696e5e55f005760cd2a8aafe376b346718f72dcd46864fe8a35217951121c4c
toolagent_trace,0.02,4,pi0,1,"toolagent_trace|l1=0.02,l2x4|pi0|s=1",000c0ea1d03c58d8c2d52f070bba917befa777fcf4a9f62d641be504be62041d,6,862,29,2585999.0,17,False,11,0,951.0,4b48132cbaea7d5fdd85bab2f17b1bdc7c144a936e7180b24f1162122b57de6a,2696e5e55f005760cd2a8aafe376b346718f72dcd46864fe8a35217951121c4c
toolagent_trace,0.02,4,pi0,1,"toolagent_trace|l1=0.02,l2x4|pi0|s=1",000974d990053061a3ef591838b0c62e2d2c73f9faeef3da670bd1c182822cfc,3,874,11,2622000.0,17,False,16,0,914.999,4b48132cbaea7d5fdd85bab2f17b1bdc7c144a936e7180b24f1162122b57de6a,2696e5e55f005760cd2a8aafe376b346718f72dcd46864fe8a35217951121c4c
toolagent_trace,0.02,4,pi0,2,"toolagent_trace|l1=0.02,l2x4|pi0|s=2",000a2a769d1193284f4bb6b2ff98ca2795476b8a5480e257680c74b0b6331765,5,757,12,2271000.0,17,False,14,0,1265.999,4d4c98093c911fc5dc485a26705a2f5357fe77b94b58886a47686028ef9ecb13,2696e5e55f005760cd2a8aafe376b346718f72dcd46864fe8a35217951121c4c
toolagent_trace,0.02,4,pi0,2,"toolagent_trace|l1=0.02,l2x4|pi0|s=2",000e54387539239f30ad95b8fb912977caa652a78d39f32aa2d3ed2e31701111,7,782,121,2345999.0,17,False,13,0,1191.0,4d4c98093c911fc5dc485a26705a2f5357fe77b94b58886a47686028ef9ecb13,2696e5e55f005760cd2a8aafe376b346718f72dcd46864fe8a35217951121c4c
toolagent_trace,0.02,4,pi0,2,"toolagent_trace|l1=0.02,l2x4|pi0|s=2",000332eaa7b0fe2a6b841c0b4f432e92f44ef546468eb8cf65f35555ba95a69b,2,860,186,2579999.0,17,False,15,0,957.0,4d4c98093c911fc5dc485a26705a2f5357fe77b94b58886a47686028ef9ecb13,2696e5e55f005760cd2a8aafe376b346718f72dcd46864fe8a35217951121c4c
toolagent_trace,0.02,4,pi0,2,"toolagent_trace|l1=0.02,l2x4|pi0|s=2",0002e081d682c5fb35c5b323dbaa3fae4f5e6bd2afbd7455706b54dd6e7bd440,1,867,22,2601000.0,17,False,4,0,935.999,4d4c98093c911fc5dc485a26705a2f5357fe77b94b58886a47686028ef9ecb13,2696e5e55f005760cd2a8aafe376b346718f72dcd46864fe8a35217951121c4c
toolagent_trace,0.02,4,pi0,2,"toolagent_trace|l1=0.02,l2x4|pi0|s=2",000e134f4829a0f666ca2b42017cba4605499f4505e3552f3ad99528dd427e11,6,927,121,2781000.0,16,False,3,-1,755.999,4d4c98093c911fc5dc485a26705a2f5357fe77b94b58886a47686028ef9ecb13,2696e5e55f005760cd2a8aafe376b346718f72dcd46864fe8a35217951121c4c
toolagent_trace,0.02,4,pi0,2,"toolagent_trace|l1=0.02,l2x4|pi0|s=2",0004b8a4764aeef4197238f65335e653902c33ea07f3bba35db863309cc44a80,3,928,243,2784000.0,17,False,3,0,752.999,4d4c98093c911fc5dc485a26705a2f5357fe77b94b58886a47686028ef9ecb13,2696e5e55f005760cd2a8aafe376b346718f72dcd46864fe8a35217951121c4c
toolagent_trace,0.02,4,pi0,2,"toolagent_trace|l1=0.02,l2x4|pi0|s=2",00078859384324b48fb3c2f168e631e5c5bdc3f7bd8f3a6661e63253d9d95ec0,4,934,133,2802000.0,17,False,10,0,734.999,4d4c98093c911fc5dc485a26705a2f5357fe77b94b58886a47686028ef9ecb13,2696e5e55f005760cd2a8aafe376b346718f72dcd46864fe8a35217951121c4c
toolagent_trace,0.02,4,pi0,2,"toolagent_trace|l1=0.02,l2x4|pi0|s=2",000299004aa96bce3f52eaea7a095c815ae36f3690da2fdb789d26036c5846c1,0,967,60,2901000.0,17,False,14,0,635.999,4d4c98093c911fc5dc485a26705a2f5357fe77b94b58886a47686028ef9ecb13,2696e5e55f005760cd2a8aafe376b346718f72dcd46864fe8a35217951121c4c
toolagent_trace,0.02,4,pi0,3,"toolagent_trace|l1=0.02,l2x4|pi0|s=3",0004c1eafc3c38a011fa357de29567d80f4037faadf429ebeef0d46f50a7e151,3,710,183,2130000.0,17,False,9,0,1406.999,b4f6865ce978fc420669122c3e5e59e9196a1ccbd4416a2820b93c131a5606fb,2696e5e55f005760cd2a8aafe376b346718f72dcd46864fe8a35217951121c4c
toolagent_trace,0.02,4,pi0,3,"toolagent_trace|l1=0.02,l2x4|pi0|s=3",000847b0c2d7895bb7664bff2cb4d97059563b6cdfc3131d64696d2f1861b675,6,712,147,2136000.0,17,False,4,0,1400.999,b4f6865ce978fc420669122c3e5e59e9196a1ccbd4416a2820b93c131a5606fb,2696e5e55f005760cd2a8aafe376b346718f72dcd46864fe8a35217951121c4c
toolagent_trace,0.02,4,pi0,3,"toolagent_trace|l1=0.02,l2x4|pi0|s=3",00018f6ab1a9ffe31d52e0bdc8600cc93b0ef04edef8860a53a4c6aaf6a91b25,1,731,93,2193000.0,17,False,7,0,1343.999,b4f6865ce978fc420669122c3e5e59e9196a1ccbd4416a2820b93c131a5606fb,2696e5e55f005760cd2a8aafe376b346718f72dcd46864fe8a35217951121c4c
toolagent_trace,0.02,4,pi0,3,"toolagent_trace|l1=0.02,l2x4|pi0|s=3",0000e11b40cbe4f1774bda87e6484f10923e59e038d7b366c2bed497cc05e340,0,803,78,2409000.0,17,False,14,0,1127.999,b4f6865ce978fc420669122c3e5e59e9196a1ccbd4416a2820b93c131a5606fb,2696e5e55f005760cd2a8aafe376b346718f72dcd46864fe8a35217951121c4c
toolagent_trace,0.02,4,pi0,3,"toolagent_trace|l1=0.02,l2x4|pi0|s=3",0008328b7ccab6807a1586111172d0ccabe29362b05df722432e503f8c9e9982,5,811,133,2432999.0,17,False,15,0,1104.0,b4f6865ce978fc420669122c3e5e59e9196a1ccbd4416a2820b93c131a5606fb,2696e5e55f005760cd2a8aafe376b346718f72dcd46864fe8a35217951121c4c
toolagent_trace,0.02,4,pi0,3,"toolagent_trace|l1=0.02,l2x4|pi0|s=3",000b99363d2382d3b2e8bc752c2fbf5c454d6e45c535696f92aaf6345aa5b1e9,7,874,150,2622000.0,17,False,4,0,914.999,b4f6865ce978fc420669122c3e5e59e9196a1ccbd4416a2820b93c131a5606fb,2696e5e55f005760cd2a8aafe376b346718f72dcd46864fe8a35217951121c4c
toolagent_trace,0.02,4,pi0,3,"toolagent_trace|l1=0.02,l2x4|pi0|s=3",0001ef42332b24dea3569b03bab94d99b387885546775c0ee45c942e46a3eea2,2,929,209,2786999.0,17,False,10,0,750.0,b4f6865ce978fc420669122c3e5e59e9196a1ccbd4416a2820b93c131a5606fb,2696e5e55f005760cd2a8aafe376b346718f72dcd46864fe8a35217951121c4c
toolagent_trace,0.02,4,pi0,3,"toolagent_trace|l1=0.02,l2x4|pi0|s=3",00066121a326cc26ba3de447dfad4a46e33da247e9c7f53761eda66a0f75f3a2,4,939,154,2817000.0,17,False,9,0,719.999,b4f6865ce978fc420669122c3e5e59e9196a1ccbd4416a2820b93c131a5606fb,2696e5e55f005760cd2a8aafe376b346718f72dcd46864fe8a35217951121c4c
toolagent_trace,0.02,4,pi0,4,"toolagent_trace|l1=0.02,l2x4|pi0|s=4",0003e57fc4df47d1028750ba14c584da014689e29cb0401ee8f55903a628098a,3,740,110,2219999.0,17,False,15,0,1317.0,6d3cec0298aa64eee72ea74223147eeaa2c070b59bba0d3c08e5d02dac62a22a,2696e5e55f005760cd2a8aafe376b346718f72dcd46864fe8a35217951121c4c
toolagent_trace,0.02,4,pi0,4,"toolagent_trace|l1=0.02,l2x4|pi0|s=4",000252fd992129ed8e3c24a217feea514d7267ffe92ccd540a6981f49cc0422e,1,757,265,2271000.0,17,False,13,0,1265.999,6d3cec0298aa64eee72ea74223147eeaa2c070b59bba0d3c08e5d02dac62a22a,2696e5e55f005760cd2a8aafe376b346718f72dcd46864fe8a35217951121c4c
toolagent_trace,0.02,4,pi0,4,"toolagent_trace|l1=0.02,l2x4|pi0|s=4",000b893af4bcd9ab9b9f19385ec870e0653c95f0e4c13afdbf339b301c3b7fc9,7,804,68,2412000.0,17,False,6,0,1124.999,6d3cec0298aa64eee72ea74223147eeaa2c070b59bba0d3c08e5d02dac62a22a,2696e5e55f005760cd2a8aafe376b346718f72dcd46864fe8a35217951121c4c
toolagent_trace,0.02,4,pi0,4,"toolagent_trace|l1=0.02,l2x4|pi0|s=4",0005841fcacd177456849f98213263e6f26f8b2218b05e85911bb6b2aa9aab81,5,902,223,2706000.0,17,False,12,0,830.999,6d3cec0298aa64eee72ea74223147eeaa2c070b59bba0d3c08e5d02dac62a22a,2696e5e55f005760cd2a8aafe376b346718f72dcd46864fe8a35217951121c4c
toolagent_trace,0.02,4,pi0,4,"toolagent_trace|l1=0.02,l2x4|pi0|s=4",0003c5f23451cfed46a98ff1339655365c57e805ca566f0abb3df714c6a5e333,2,941,81,2823000.0,16,False,7,-1,713.999,6d3cec0298aa64eee72ea74223147eeaa2c070b59bba0d3c08e5d02dac62a22a,2696e5e55f005760cd2a8aafe376b346718f72dcd46864fe8a35217951121c4c
toolagent_trace,0.02,4,pi0,4,"toolagent_trace|l1=0.02,l2x4|pi0|s=4",000423db8cd6e91653bd066aa86ec07eb178ab23fa354411b4520e3befcae1d7,4,942,68,2826000.0,17,False,10,0,710.999,6d3cec0298aa64eee72ea74223147eeaa2c070b59bba0d3c08e5d02dac62a22a,2696e5e55f005760cd2a8aafe376b346718f72dcd46864fe8a35217951121c4c
toolagent_trace,0.02,4,pi0,4,"toolagent_trace|l1=0.02,l2x4|pi0|s=4",00016c0a2a7031c064793c037bdcfd18d762dd94ffe7d745039cb1924444e988,0,967,168,2901000.0,17,False,9,0,635.999,6d3cec0298aa64eee72ea74223147eeaa2c070b59bba0d3c08e5d02dac62a22a,2696e5e55f005760cd2a8aafe376b346718f72dcd46864fe8a35217951121c4c
toolagent_trace,0.02,4,pi0,4,"toolagent_trace|l1=0.02,l2x4|pi0|s=4",00094f1c0c08aba20fa2f16623e5011ae67dcb2d60cff1bf3a84780628d3d4ba,6,977,73,2930999.0,17,False,12,0,606.0,6d3cec0298aa64eee72ea74223147eeaa2c070b59bba0d3c08e5d02dac62a22a,2696e5e55f005760cd2a8aafe376b346718f72dcd46864fe8a35217951121c4c
toolagent_trace,0.02,4,pi3,0,"toolagent_trace|l1=0.02,l2x4|pi3|s=0",0000fcdaf4e9308400ec985766b171c6cfb08b16cb0314b8b4f5b742c71aa164,0,710,146,2130000.0,17,False,11,0,1406.999,55dc85a7e7b689ab587f3bd807b92c717cd6e4cb050af259069151531741a5b9,98c59c99664937fe7d89b5b1be96b4cfe926eae7d0d7e5aa6dc401aa76492b30
toolagent_trace,0.02,4,pi3,0,"toolagent_trace|l1=0.02,l2x4|pi3|s=0",00040417b5c3eb83a5d50ff1252ef6b7b9015e7a612e9d7e7a7e1219ae6abc7e,2,734,32,2202000.0,16,False,10,-1,1334.999,55dc85a7e7b689ab587f3bd807b92c717cd6e4cb050af259069151531741a5b9,98c59c99664937fe7d89b5b1be96b4cfe926eae7d0d7e5aa6dc401aa76492b30
toolagent_trace,0.02,4,pi3,0,"toolagent_trace|l1=0.02,l2x4|pi3|s=0",00083475d1670c10f276b77bb2533d924c170dccd65c5fd3cf7ecfccc58f07cf,5,761,13,2282999.0,17,False,7,0,1254.0,55dc85a7e7b689ab587f3bd807b92c717cd6e4cb050af259069151531741a5b9,98c59c99664937fe7d89b5b1be96b4cfe926eae7d0d7e5aa6dc401aa76492b30
toolagent_trace,0.02,4,pi3,0,"toolagent_trace|l1=0.02,l2x4|pi3|s=0",000907d7638acdbe3cea683c97da0728654e39aa64f71e2f171de0299a228447,6,778,58,2334000.0,17,False,15,0,1202.999,55dc85a7e7b689ab587f3bd807b92c717cd6e4cb050af259069151531741a5b9,98c59c99664937fe7d89b5b1be96b4cfe926eae7d0d7e5aa6dc401aa76492b30
toolagent_trace,0.02,4,pi3,0,"toolagent_trace|l1=0.02,l2x4|pi3|s=0",0004c26cb4d7089898a13a72db5d22cf96b93c684c1e26ddfd7db53621916fcc,3,819,171,2456999.0,17,False,16,0,1080.0,55dc85a7e7b689ab587f3bd807b92c717cd6e4cb050af259069151531741a5b9,98c59c99664937fe7d89b5b1be96b4cfe926eae7d0d7e5aa6dc401aa76492b30
toolagent_trace,0.02,4,pi3,0,"toolagent_trace|l1=0.02,l2x4|pi3|s=0",0001bb6bc788def8477c18618514d663b489ab03d2710a5e4dca41990323f613,1,860,168,2579999.0,16,False,15,-1,957.0,55dc85a7e7b689ab587f3bd807b92c717cd6e4cb050af259069151531741a5b9,98c59c99664937fe7d89b5b1be96b4cfe926eae7d0d7e5aa6dc401aa76492b30
toolagent_trace,0.02,4,pi3,0,"toolagent_trace|l1=0.02,l2x4|pi3|s=0",00082f6e43bb06e3f96a62f98ba6470298f8121fe29985913d4a3ea8a2a73f2e,4,912,85,2736000.0,17,False,9,0,800.999,55dc85a7e7b689ab587f3bd807b92c717cd6e4cb050af259069151531741a5b9,98c59c99664937fe7d89b5b1be96b4cfe926eae7d0d7e5aa6dc401aa76492b30
toolagent_trace,0.02,4,pi3,0,"toolagent_trace|l1=0.02,l2x4|pi3|s=0",0009831e54f2c53c3142d7415820b98ad37c89bba13f39fc71d3ffb5f0bda488,7,960,5,2880000.0,17,False,16,0,656.999,55dc85a7e7b689ab587f3bd807b92c717cd6e4cb050af259069151531741a5b9,98c59c99664937fe7d89b5b1be96b4cfe926eae7d0d7e5aa6dc401aa76492b30
toolagent_trace,0.02,4,pi3,1,"toolagent_trace|l1=0.02,l2x4|pi3|s=1",0003cc0c5d3ec8286d2a43ea2552e12e1693e477c54795911659b7e705b4359b,3,774,220,2321999.0,17,False,1,0,1215.0,0e59bcbfac2e9c09516ed3125f02e1817e6f4c743db7638895fa723de37903bc,77188b1b28f7f382a550252791162a5976eb3605661cf072821c031e294efd11
toolagent_trace,0.02,4,pi3,1,"toolagent_trace|l1=0.02,l2x4|pi3|s=1",0003db0bc4f9095c88db51708ef53044b4b124765dedc7bd83b5f0c95d077c5f,4,780,291,2340000.0,17,False,7,0,1196.999,0e59bcbfac2e9c09516ed3125f02e1817e6f4c743db7638895fa723de37903bc,77188b1b28f7f382a550252791162a5976eb3605661cf072821c031e294efd11
toolagent_trace,0.02,4,pi3,1,"toolagent_trace|l1=0.02,l2x4|pi3|s=1",0003ec75ca2c27b52784accf197e9d54009302c4bbc48e6a78b53747d4639997,5,818,130,2453999.0,17,False,4,0,1083.0,0e59bcbfac2e9c09516ed3125f02e1817e6f4c743db7638895fa723de37903bc,77188b1b28f7f382a550252791162a5976eb3605661cf072821c031e294efd11
toolagent_trace,0.02,4,pi3,1,"toolagent_trace|l1=0.02,l2x4|pi3|s=1",00027c589cf80ff5c164e03669e690353be2e69307a1c8c1804bd420fef98acd,2,824,26,2472000.0,17,False,4,0,1064.999,0e59bcbfac2e9c09516ed3125f02e1817e6f4c743db7638895fa723de37903bc,77188b1b28f7f382a550252791162a5976eb3605661cf072821c031e294efd11
toolagent_trace,0.02,4,pi3,1,"toolagent_trace|l1=0.02,l2x4|pi3|s=1",0000588f54e301ace16ab932b47f784b622ecd2164f6ebb54f89c424fed46cc9,0,896,184,2688000.0,17,False,13,0,848.999,0e59bcbfac2e9c09516ed3125f02e1817e6f4c743db7638895fa723de37903bc,77188b1b28f7f382a550252791162a5976eb3605661cf072821c031e294efd11
toolagent_trace,0.02,4,pi3,1,"toolagent_trace|l1=0.02,l2x4|pi3|s=1",0003fbafbea8fe4ff017f58e5ae90de16a60b6bf4aa699afd1419db3d7d060e7,6,930,2,2790000.0,17,False,2,0,746.999,0e59bcbfac2e9c09516ed3125f02e1817e6f4c743db7638895fa723de37903bc,77188b1b28f7f382a550252791162a5976eb3605661cf072821c031e294efd11
toolagent_trace,0.02,4,pi3,1,"toolagent_trace|l1=0.02,l2x4|pi3|s=1",0005377769058ef28180b073af933f3357c259be84a78f6887491a4b9f8de3b9,7,944,315,2832000.0,17,False,15,0,704.999,0e59bcbfac2e9c09516ed3125f02e1817e6f4c743db7638895fa723de37903bc,77188b1b28f7f382a550252791162a5976eb3605661cf072821c031e294efd11
toolagent_trace,0.02,4,pi3,1,"toolagent_trace|l1=0.02,l2x4|pi3|s=1",0001d104f6bb4bf89424e25988cd43c69e27dccdfbc2ee50ac93e0289785d9a3,1,969,24,2907000.0,17,False,6,0,629.999,0e59bcbfac2e9c09516ed3125f02e1817e6f4c743db7638895fa723de37903bc,77188b1b28f7f382a550252791162a5976eb3605661cf072821c031e294efd11
toolagent_trace,0.02,4,pi3,2,"toolagent_trace|l1=0.02,l2x4|pi3|s=2",000a1289307675c10736302632f813af5389b5394ff067c4b759e1d8d248fd0d,6,785,85,2354999.0,17,False,5,0,1182.0,779e0881a41647e81e83479a39723e6251432b8acd8895ea1354bdf8e81589bb,82aed497620f0306f1fe7bb9b14ed944842792335acbe1fe20071f8b6a2bb797
toolagent_trace,0.02,4,pi3,2,"toolagent_trace|l1=0.02,l2x4|pi3|s=2",0002a3e3aaacaa45ce574d41a2327eb41a07230a111c51b8527c9b6a14d999c7,1,797,84,2391000.0,17,False,15,0,1145.999,779e0881a41647e81e83479a39723e6251432b8acd8895ea1354bdf8e81589bb,82aed497620f0306f1fe7bb9b14ed944842792335acbe1fe20071f8b6a2bb797
toolagent_trace,0.02,4,pi3,2,"toolagent_trace|l1=0.02,l2x4|pi3|s=2",000a8a60c3ff6dba61dbef4feedebab514194e4b736d6db4d030a2d1ccffc432,7,832,324,2496000.0,17,False,6,0,1040.999,779e0881a41647e81e83479a39723e6251432b8acd8895ea1354bdf8e81589bb,82aed497620f0306f1fe7bb9b14ed944842792335acbe1fe20071f8b6a2bb797
toolagent_trace,0.02,4,pi3,2,"toolagent_trace|l1=0.02,l2x4|pi3|s=2",0002168818129b45d157ed964fa25aea643929244c84a9a6f5b2dc565b5b052c,0,917,55,2750999.0,17,False,5,0,786.0,779e0881a41647e81e83479a39723e6251432b8acd8895ea1354bdf8e81589bb,82aed497620f0306f1fe7bb9b14ed944842792335acbe1fe20071f8b6a2bb797
toolagent_trace,0.02,4,pi3,2,"toolagent_trace|l1=0.02,l2x4|pi3|s=2",00091ade61418c1d95e30f38506001fe74b447cfce4087ad161b76e6335d33c8,4,917,94,2750999.0,17,False,13,0,786.0,779e0881a41647e81e83479a39723e6251432b8acd8895ea1354bdf8e81589bb,82aed497620f0306f1fe7bb9b14ed944842792335acbe1fe20071f8b6a2bb797
toolagent_trace,0.02,4,pi3,2,"toolagent_trace|l1=0.02,l2x4|pi3|s=2",000901a847898bd5ba16d4d428490614945b82c535f0e8a87c8f5508b0999825,3,937,14,2811000.0,17,False,16,0,725.999,779e0881a41647e81e83479a39723e6251432b8acd8895ea1354bdf8e81589bb,82aed497620f0306f1fe7bb9b14ed944842792335acbe1fe20071f8b6a2bb797
toolagent_trace,0.02,4,pi3,2,"toolagent_trace|l1=0.02,l2x4|pi3|s=2",0005638e74ca34260a858340bb0745ca2f8e6b7b5f093023d9df90f38da1f771,2,941,175,2823000.0,17,False,1,0,713.999,779e0881a41647e81e83479a39723e6251432b8acd8895ea1354bdf8e81589bb,82aed497620f0306f1fe7bb9b14ed944842792335acbe1fe20071f8b6a2bb797
toolagent_trace,0.02,4,pi3,2,"toolagent_trace|l1=0.02,l2x4|pi3|s=2",0009bf0c4e0251f36fe790134897d4254fb3f05b5e76bf9f7c1694b6d3400814,5,976,48,2927999.0,17,False,9,0,609.0,779e0881a41647e81e83479a39723e6251432b8acd8895ea1354bdf8e81589bb,82aed497620f0306f1fe7bb9b14ed944842792335acbe1fe20071f8b6a2bb797
toolagent_trace,0.02,4,pi3,3,"toolagent_trace|l1=0.02,l2x4|pi3|s=3",0003c3fc35a5e54aaf22e7204fc78444546f6a076fa2a3ce11b9d60f78fc54e0,2,717,47,2151000.0,17,False,7,0,1385.999,da8c1edb6b2285fcced2a718cb1a24bb843e69450405db852f3f6ae32364c032,ab2e34ab6bcc9d5790704602ef9643b0b5ab1090d9d217054a58b654a02c03af
toolagent_trace,0.02,4,pi3,3,"toolagent_trace|l1=0.02,l2x4|pi3|s=3",0001c57c19a76df15382308f86ca05e423d921cbf290050a483a4bf5d4596fd6,0,717,71,2151000.0,16,False,6,-1,1385.999,da8c1edb6b2285fcced2a718cb1a24bb843e69450405db852f3f6ae32364c032,ab2e34ab6bcc9d5790704602ef9643b0b5ab1090d9d217054a58b654a02c03af
toolagent_trace,0.02,4,pi3,3,"toolagent_trace|l1=0.02,l2x4|pi3|s=3",0007b3c596160ff09635c099c9193db1ddc64f583fd3ef89b2a854bf2184f14d,5,783,42,2348999.0,16,False,1,-1,1188.0,da8c1edb6b2285fcced2a718cb1a24bb843e69450405db852f3f6ae32364c032,ab2e34ab6bcc9d5790704602ef9643b0b5ab1090d9d217054a58b654a02c03af
toolagent_trace,0.02,4,pi3,3,"toolagent_trace|l1=0.02,l2x4|pi3|s=3",0001e8cd89466917fee2ddca54afe0b7793f71c15448863b204a53f1b300d26a,1,789,132,2367000.0,17,False,6,0,1169.999,da8c1edb6b2285fcced2a718cb1a24bb843e69450405db852f3f6ae32364c032,ab2e34ab6bcc9d5790704602ef9643b0b5ab1090d9d217054a58b654a02c03af
toolagent_trace,0.02,4,pi3,3,"toolagent_trace|l1=0.02,l2x4|pi3|s=3",0008e23304366b9aafda4beba668b3a5c84375ee4c471d0db8027054afd36207,6,794,120,2381999.0,17,False,15,0,1155.0,da8c1edb6b2285fcced2a718cb1a24bb843e69450405db852f3f6ae32364c032,ab2e34ab6bcc9d5790704602ef9643b0b5ab1090d9d217054a58b654a02c03af
toolagent_trace,0.02,4,pi3,3,"toolagent_trace|l1=0.02,l2x4|pi3|s=3",000a208dcb905f3e6e3f0fc7331f9fa49cc193520c6974af4bf8750dca4d69b3,7,864,76,2592000.0,17,False,3,0,944.999,da8c1edb6b2285fcced2a718cb1a24bb843e69450405db852f3f6ae32364c032,ab2e34ab6bcc9d5790704602ef9643b0b5ab1090d9d217054a58b654a02c03af
toolagent_trace,0.02,4,pi3,3,"toolagent_trace|l1=0.02,l2x4|pi3|s=3",00065e11b58d3bd9098bdcf9d0b27a5f9ccf36c00109a8a7f710ec6e1643332b,4,871,81,2612999.0,17,False,16,0,924.0,da8c1edb6b2285fcced2a718cb1a24bb843e69450405db852f3f6ae32364c032,ab2e34ab6bcc9d5790704602ef9643b0b5ab1090d9d217054a58b654a02c03af
toolagent_trace,0.02,4,pi3,3,"toolagent_trace|l1=0.02,l2x4|pi3|s=3",000590e9719ab7d24d7ae33911f2451ba4619add889fe7829534202793f785b6,3,943,12,2829000.0,17,False,10,0,707.999,da8c1edb6b2285fcced2a718cb1a24bb843e69450405db852f3f6ae32364c032,ab2e34ab6bcc9d5790704602ef9643b0b5ab1090d9d217054a58b654a02c03af
toolagent_trace,0.02,4,pi3,4,"toolagent_trace|l1=0.02,l2x4|pi3|s=4",000a33850a763233c56c4be19ccf6188b2aa12001f69f7210d0820d704c4a52c,6,742,65,2226000.0,17,False,14,0,1310.999,e455254cd28c7ddcef9570b6ba2050e6f59ed9cf03352c0e6964ce72ca577cd0,c5c331135a333bca2ec42f5de6947eebccec03ff165bdc6847d4d6af719d8492
toolagent_trace,0.02,4,pi3,4,"toolagent_trace|l1=0.02,l2x4|pi3|s=4",0001eba6e88bc719d0942d89a94677b4e3d2eaa2b8c1877adbe4210633691217,0,757,270,2271000.0,17,False,3,0,1265.999,e455254cd28c7ddcef9570b6ba2050e6f59ed9cf03352c0e6964ce72ca577cd0,c5c331135a333bca2ec42f5de6947eebccec03ff165bdc6847d4d6af719d8492
toolagent_trace,0.02,4,pi3,4,"toolagent_trace|l1=0.02,l2x4|pi3|s=4",0003a5fb4ffe97f9da7665122de8cde7c8d98f12afb0a90b9a20137144530860,1,780,8,2340000.0,17,False,9,0,1196.999,e455254cd28c7ddcef9570b6ba2050e6f59ed9cf03352c0e6964ce72ca577cd0,c5c331135a333bca2ec42f5de6947eebccec03ff165bdc6847d4d6af719d8492
toolagent_trace,0.02,4,pi3,4,"toolagent_trace|l1=0.02,l2x4|pi3|s=4",0005674448cb443dafacfc8d16f03cb1da43aec6254405d50262ca1b33043b47,4,782,30,2345999.0,17,False,10,0,1191.0,e455254cd28c7ddcef9570b6ba2050e6f59ed9cf03352c0e6964ce72ca577cd0,c5c331135a333bca2ec42f5de6947eebccec03ff165bdc6847d4d6af719d8492
toolagent_trace,0.02,4,pi3,4,"toolagent_trace|l1=0.02,l2x4|pi3|s=4",0003c0468131eeb2563536fc20ab5a9c0f78a867b3d6b657f3fd245403fdab07,2,803,201,2409000.0,17,False,1,0,1127.999,e455254cd28c7ddcef9570b6ba2050e6f59ed9cf03352c0e6964ce72ca577cd0,c5c331135a333bca2ec42f5de6947eebccec03ff165bdc6847d4d6af719d8492
toolagent_trace,0.02,4,pi3,4,"toolagent_trace|l1=0.02,l2x4|pi3|s=4",000cb592a966a887aab0b354ef94bf0e9d0ea805b3c32f8ebac0ea06b040aee2,7,926,69,2778000.0,17,False,1,0,758.999,e455254cd28c7ddcef9570b6ba2050e6f59ed9cf03352c0e6964ce72ca577cd0,c5c331135a333bca2ec42f5de6947eebccec03ff165bdc6847d4d6af719d8492
toolagent_trace,0.02,4,pi3,4,"toolagent_trace|l1=0.02,l2x4|pi3|s=4",00094d76117de62b3768fe6c216a1d8bda1030ef22471905181759814c365713,5,962,107,2886000.0,17,False,3,0,650.999,e455254cd28c7ddcef9570b6ba2050e6f59ed9cf03352c0e6964ce72ca577cd0,c5c331135a333bca2ec42f5de6947eebccec03ff165bdc6847d4d6af719d8492
toolagent_trace,0.02,4,pi3,4,"toolagent_trace|l1=0.02,l2x4|pi3|s=4",00049c7064b84bc7c25405c68aeb0e1f9d25d7864db28304846a0a33d7c76d1f,3,967,157,2901000.0,17,False,1,0,635.999,e455254cd28c7ddcef9570b6ba2050e6f59ed9cf03352c0e6964ce72ca577cd0,c5c331135a333bca2ec42f5de6947eebccec03ff165bdc6847d4d6af719d8492
